138586341
337184269
337184283
324846099
107888604
138586345
337184268
337184283
337184275
324846099
107888604
324846100
138586349
337184268
337184288
337184283
337184275
324846099
107888604
324846100
138586353
337184268
337184283
337184275
324846099
107888604
324846100
138586357
337184268
337184283
337184275
324846099
107888604
324846100
138586361
337184268
337184283
337184275
324846099
107888604
324846100
138586365
337184284
337184263
337184298
337184283
337184275
324846099
107888604
324846100
138586369
337184268
337184288
337184283
337184275
324846099
107888604
324846100
138586373
337184280
337184297
337184283
337184262
324846099
107888604
324846100
138586377
337184269
337184283
337184262
324846099
107888604
324846100
138586381
337184268
337184288
337184283
337184275
324846099
107888604
324846100
138586385
337184284
337184298
337184283
337184275
324846099
107888604
324846100
138586389
337184284
337184298
337184268
337184283
337184275
324846099
107888604
324846100
138586393
337184268
337184288
337184283
337184275
324846099
107888604
324846100
138586397
337184269
337184283
337184262
324846099
107888604
324846100
138586401
337184263
337184298
337184283
337184292
324846099
107888604
324846100
138586405
337184268
337184283
337184275
324846099
107888604
324846100
138586409
337184268
337184288
337184283
337184275
324846099
107888604
324846100
138586413
337184281
337184283
337184273
324846099
107888604
324846100
138586417
337184281
337184283
337184273
324846099
107888604
324846100
138586421
337184281
337184283
337184273
324846099
107888604
324846100
138586425
337184268
337184283
337184275
324846099
107888604
324846100
138586429
337184268
337184283
337184275
324846099
107888604
324846100
138586433
337184268
337184283
337184275
324846099
107888604
324846100
138586437
337184268
337184283
337184275
324846099
107888604
324846100
138586441
337184268
337184283
337184275
324846099
107888604
324846100
138586445
337184268
337184283
337184275
324846099
107888604
324846100
138586449
337184268
337184283
337184275
324846099
107888604
324846100
138586453
337184269
337184283
337184262
324846099
107888604
324846100
138586457
337184281
337184283
337184273
324846099
107888604
324846100
138586461
337184268
337184288
337184283
337184275
324846099
107888604
324846100
138586465
337184279
337184283
337184262
324846099
107888604
324846100
138586469
337184268
337184283
337184275
324846099
107888604
324846100
138586473
337184268
337184283
337184275
324846099
107888604
324846100
138586477
337184268
337184283
337184275
324846099
107888604
324846100
138586481
337184281
337184283
337184273
324846099
107888604
324846100
138586485
337184288
337184283
337184275
324846099
107888604
324846100
138586501
337184268
337184283
337184273
324846099
107888604
324846100
138586505
337184284
337184263
337184298
337184283
337184292
324846099
107888604
324846100
138586509
337184268
337184283
337184275
324846099
107888604
324846100
138586513
337184284
337184298
337184268
337184283
337184275
324846099
107888604
324846100
138586517
337184281
337184283
337184273
324846099
107888604
324846100
138586521
337184298
337184268
337184283
337184292
324846099
107888604
324846100
138586525
337184268
337184283
337184275
324846099
107888604
324846100
138586529
337184268
337184283
337184275
324846099
107888604
324846100
138586533
337184268
337184283
337184275
324846099
107888604
324846100
138586537
337184298
337184268
337184283
337184275
324846099
107888604
324846100
138586541
337184268
337184283
337184275
324846099
107888604
324846100
138586545
337184268
337184283
337184275
324846099
107888604
324846100
138586549
337184281
337184283
337184273
324846099
107888604
324846100
138586553
337184281
337184283
337184273
324846099
107888604
324846100
138586557
337184281
337184283
337184273
324846099
107888604
324846100
138586561
337184281
337184283
337184273
324846099
107888604
324846100
138586565
337184268
337184288
337184283
337184275
324846099
107888604
324846100
138586569
337184268
337184283
337184275
324846099
107888604
324846100
138586581
337184268
337184283
337184275
324846099
107888604
324846100
138586585
337184296
337184263
337184298
337184283
337184275
324846099
107888604
324846100
138586589
337184263
337184298
337184283
337184275
324846099
107888604
324846100
138586593
337184268
337184283
337184275
324846099
107888604
324846100
138586597
337184268
337184283
337184275
324846099
107888604
324846100
138586601
337184268
337184283
337184275
324846099
107888604
324846100
138586605
337184268
337184288
337184283
337184275
324846099
107888604
324846100
138586609
337184267
337184262
337184275
107888604
324846100
138586613
337184268
337184288
337184283
337184275
324846099
107888604
324846100
138586617
337184268
337184283
337184275
324846099
107888604
324846100
138586625
337184268
337184288
337184283
337184275
324846099
107888604
324846100
138586629
337184268
337184283
337184275
324846099
107888604
324846100
138586633
337184298
337184268
337184288
337184283
337184275
324846099
107888604
324846100
138586641
337184284
337184298
337184283
337184292
324846099
107888604
324846100
138586645
337184268
337184288
337184283
337184275
324846099
107888604
324846100
138586649
337184281
337184283
337184273
324846099
107888604
324846100
138586653
337184284
337184263
337184298
337184283
337184292
324846099
107888604
324846100
138586657
337184268
337184283
337184275
324846099
107888604
324846100
138586661
337184279
337184283
337184262
324846099
107888604
324846100
138586667
337184269
337184283
337184262
324846099
107888604
324846100
138586671
337184284
337184298
337184268
337184283
337184275
324846099
107888604
324846100
138586675
337184298
337184268
337184283
337184275
324846099
107888604
324846100
138586679
337184268
337184283
337184275
324846099
107888604
324846100
138586687
337184284
337184298
337184283
337184292
324846099
107888604
324846100
138586691
337184268
337184283
337184275
324846099
107888604
324846100
138586695
337184281
337184283
337184273
324846099
107888604
324846100
138586699
337184288
337184283
337184275
324846099
107888604
324846100
138586703
337184284
337184298
337184268
337184283
337184275
324846099
107888604
324846100
138586707
337184268
337184283
337184275
324846099
107888604
324846100
138586711
337184268
337184283
337184275
324846099
107888604
324846100
138586715
337184268
337184283
337184275
324846099
107888604
324846100
138586719
337184280
337184297
337184283
337184262
324846099
107888604
324846100
138586723
337184299
337184268
337184267
337184275
337184282
324846098
324846099
107888604
324846100
138586731
337184281
337184283
337184273
324846099
107888604
324846100
138586735
337184268
337184283
337184275
324846099
107888604
324846100
138586743
337184281
337184283
337184273
324846099
107888604
324846100
138586747
337184281
337184283
337184273
324846099
107888604
324846100
138586751
337184281
337184283
337184273
324846099
107888604
324846100
138586755
337184284
337184298
337184288
337184283
337184275
324846099
107888604
324846100
138586759
337184268
337184288
337184283
337184275
324846099
107888604
324846100
138586771
337184296
337184263
337184283
337184275
324846099
107888604
324846100
138586775
337184281
337184283
337184273
324846099
107888604
324846100
138586779
337184268
337184283
337184275
324846099
107888604
324846100
138586783
337184268
337184269
337184283
337184275
324846099
107888604
324846100
138586787
337184284
337184298
337184268
337184283
337184275
324846099
107888604
324846100
138586795
337184268
337184283
337184275
324846099
107888604
324846100
138586799
337184268
337184283
337184275
324846099
107888604
324846100
138586803
337184268
337184283
337184275
324846099
107888604
324846100
138586807
337184268
337184283
337184275
324846099
107888604
324846100
138586811
337184268
337184283
337184275
324846099
107888604
324846100
138586815
337184268
337184283
337184275
324846099
107888604
324846100
138586823
337184268
337184288
337184283
337184275
324846099
107888604
324846100
138586827
337184268
337184288
337184283
337184275
324846099
107888604
324846100
138586831
337184263
337184283
337184275
324846099
107888604
324846100
138586835
337184281
337184283
337184273
324846099
107888604
324846100
138586839
337184268
337184283
337184275
324846099
107888604
324846100
138586843
337184281
337184283
337184273
324846099
107888604
324846100
138586847
337184281
337184283
337184273
324846099
107888604
324846100
138586851
337184281
337184283
337184273
324846099
107888604
324846100
138586855
337184268
337184283
337184275
324846099
107888604
324846100
138586859
337184296
337184263
337184283
337184275
324846099
107888604
324846100
138586863
337184263
337184298
337184283
337184292
324846099
107888604
324846100
138586867
337184268
337184283
337184275
324846099
107888604
324846100
138586871
337184279
337184283
337184262
324846099
107888604
324846100
138586875
337184281
337184283
337184273
324846099
107888604
324846100
138586879
337184268
337184288
337184283
337184275
324846099
107888604
324846100
138586883
337184279
337184283
337184262
324846099
107888604
324846100
138586889
337184288
337184283
337184275
324846099
107888604
324846100
138586893
337184268
337184283
337184275
324846099
107888604
324846100
138586897
337184281
337184283
337184273
324846099
107888604
324846100
138586901
337184281
337184283
337184273
324846099
107888604
324846100
138586905
337184268
337184288
337184283
337184275
324846099
107888604
324846100
138586909
337184281
337184283
337184273
324846099
107888604
324846100
138586917
337184268
337184288
337184283
337184275
324846099
107888604
324846100
138586921
337184268
337184288
337184283
337184275
324846099
107888604
324846100
138586929
337184268
337184283
337184275
324846099
107888604
324846100
138586933
337184279
337184283
337184262
324846099
107888604
324846100
138586937
337184281
337184283
337184273
324846099
107888604
324846100
138586941
337184268
337184288
337184283
337184275
324846099
107888604
324846100
138586945
337184284
337184263
337184298
337184283
337184292
324846099
107888604
324846100
138586949
337184268
337184283
337184275
324846099
107888604
324846100
138586953
337184281
337184283
337184273
324846099
107888604
324846100
138586957
337184268
337184283
337184275
324846099
107888604
324846100
138586961
337184281
337184283
337184273
324846099
107888604
324846100
138586965
337184281
337184283
337184273
324846099
107888604
324846100
138586969
337184279
337184283
337184262
324846099
107888604
324846100
138586973
337184298
337184268
337184283
337184292
337184275
324846099
107888604
324846100
138586977
337184281
337184283
337184273
324846099
107888604
324846100
138586981
337184284
337184298
337184268
337184283
337184275
324846099
107888604
324846100
138586989
337184284
337184298
337184268
337184283
337184292
324846099
107888604
324846100
138586993
337184268
337184283
337184275
324846099
107888604
324846100
138586997
337184268
337184283
337184275
324846099
107888604
324846100
151183114
337184298
337184268
337184283
337184275
324846099
107888604
324846100
339420802
337184280
337184283
337184262
324846099
107888604
324846100
339420805
337184280
337184283
337184262
324846099
107888604
324846100
341069930
337184268
337184288
337184283
337184275
324846099
107888604
324846100
341181232
337184268
337184283
337184275
324846099
107888604
324846100
341181233
337184268
337184283
337184275
324846099
107888604
324846100
341181234
337184268
337184288
337184283
337184275
324846099
107888604
324846100
341181235
337184268
337184283
337184275
324846099
107888604
324846100
341181236
337184268
337184288
337184283
337184275
324846099
107888604
324846100
341181237
337184268
337184283
337184275
324846099
107888604
324846100
341181238
337184268
337184283
337184275
324846099
107888604
324846100
341181239
337184268
337184283
337184275
324846099
107888604
324846100
341181240
337184268
337184283
337184275
324846099
107888604
324846100
341181241
337184268
337184283
337184275
324846099
107888604
324846100
341181242
337184268
337184283
337184275
324846099
107888604
324846100
341181243
337184268
337184283
337184275
324846099
107888604
324846100
341181244
337184268
337184283
337184275
324846099
107888604
324846100
341181245
337184268
337184283
337184275
324846099
107888604
324846100
341181246
337184268
337184283
337184275
324846099
107888604
324846100
341181247
337184268
337184283
337184275
324846099
107888604
324846100
341181248
337184268
337184288
337184283
337184275
324846099
107888604
324846100
341181249
337184268
337184283
337184275
324846099
107888604
324846100
341181250
337184268
337184288
337184283
337184275
324846099
107888604
324846100
341181251
337184268
337184283
337184275
324846099
107888604
324846100
341181252
337184268
337184283
337184275
324846099
107888604
324846100
341181253
337184268
337184283
337184275
324846099
107888604
324846100
341181254
337184268
337184288
337184283
337184275
324846099
107888604
324846100
341181255
337184268
337184288
337184283
337184275
324846099
107888604
324846100
341181256
337184268
337184283
337184275
324846099
107888604
324846100
341181257
337184268
337184283
337184275
324846099
107888604
324846100
341181258
337184268
337184288
337184283
337184275
324846099
107888604
324846100
341181259
337184268
337184288
337184283
337184275
324846099
107888604
324846100
342742592
342742593
342742594
342742595
342742596
138586341
339887544
90250
337100890
338937295
66500
337100890
338937296
205705999
205705998
205705994
205706006
205706005
205706004
205706003
205706002
205706007
205706009
205706008
338937295
205705999
205705998
205705994
205706006
205706005
205706004
205705995
205705996
205706003
205706002
205705993
205706001
205706000
205706007
205706009
205706008
338937296
1372701600000
339420802
339430296
28500
337100890
338937295
23750
337100890
338937296
205705999
205705998
205705994
205706006
205706005
205706004
205706003
205706002
205706007
205706009
205706008
338937295
205705994
205706006
205706005
205706004
205705995
205705996
205706003
205706002
205705993
205706001
205706000
205706007
205706009
205706008
338937296
1372788000000
339420805
339430301
28500
337100890
338937295
23750
337100890
338937296
205705999
205705998
205705994
205706006
205706005
205706004
205706003
205706002
205706007
205706009
205706008
338937295
205705994
205706006
205706005
205706004
205705995
205705996
205706003
205706002
205705993
205706001
205706000
205706007
205706009
205706008
338937296
1373220000000
138586345
138586347
152000
337100890
338937284
104500
337100890
338937285
76000
337100890
338937287
52250
337100890
338937288
10000
337100890
338937283
205705994
205706006
205706005
205706007
205706009
205706008
338937284
205705999
205705998
205705994
205706006
205706005
205706004
205706003
205706002
205706007
205706009
205706008
338937285
205705998
205705994
205706006
205706005
205706004
205705995
205705996
205706003
205706002
205705993
205706007
205706009
205706008
338937287
205705994
205706006
205706005
205706004
205706003
205706002
205706001
205706000
205706009
205706008
338937288
205706005
205706004
205706003
205706002
205706009
205706008
338937283
1377972000000
138586349
138586351
152000
337100890
338937284
104500
337100890
338937285
76000
337100890
338937287
52250
337100890
338937288
10000
337100890
338937283
205705994
205706006
205706005
205706007
205706009
205706008
338937284
205705999
205705998
205705994
205706006
205706005
205706004
205706003
205706002
205706007
205706009
205706008
338937285
205705998
205705994
205706006
205706005
205706004
205705995
205705996
205706003
205706002
205705993
205706007
205706009
205706008
338937287
205705994
205706006
205706005
205706004
205706003
205706002
205706001
205706000
205706009
205706008
338937288
205706005
205706004
205706003
205706002
205706009
205706008
338937283
1378044000000
138586353
138586355
90250
337100890
338937284
71250
337100890
338937285
52250
337100890
338937287
28500
337100890
338937288
205705994
205706006
205706005
205706007
205706009
205706008
338937284
205705999
205705998
205705994
205706006
205706005
205706004
205706003
205706002
205706007
205706009
205706008
338937285
205705998
205705994
205706006
205706005
205706004
205705995
205705996
205706003
205706002
205705993
205706007
205706009
205706008
338937287
205705994
205706006
205706005
205706004
205706003
205706002
205706001
205706000
205706009
205706008
338937288
1378490400000
341069930
341070133
80750
337100890
340826016
61750
337100890
340826017
42750
337100890
340826015
28500
337100890
340826018
205705999
205705998
205705994
205706006
205706005
205706004
205705995
205705996
205706003
205706002
205705993
205706001
205706000
205706007
205706009
205706008
340826016
205705999
205705994
205706006
205706005
205706004
205706003
205706002
205706007
205706009
205706008
340826017
205705994
205706006
205706005
205706004
205705995
205705996
205706003
205706007
205706009
205706008
340826015
205706004
205705996
205706003
205706002
205706009
340826018
1378922400000
341069930
341070132
80750
337100890
340826016
61750
337100890
340826017
42750
337100890
340826015
28500
337100890
340826018
205705999
205705998
205705994
205706006
205706005
205706004
205705995
205705996
205706003
205706002
205705993
205706001
205706000
205706007
205706009
205706008
340826016
205705999
205705994
205706006
205706005
205706004
205706003
205706002
205706007
205706009
205706008
340826017
205705994
205706006
205706005
205706004
205705995
205705996
205706003
205706007
205706009
205706008
340826015
205706004
205705996
205706003
205706002
205706009
340826018
1379008800000
138586357
138586359
57000
337100890
339086210
42750
337100890
339086211
32300
337100890
339086213
20900
337100890
339086214
205705994
205706006
205706005
205706007
205706009
205706008
339086210
205705999
205705998
205705994
205706006
205706005
205706004
205706003
205706002
205706007
205706009
205706008
339086211
205705998
205705994
205706006
205706005
205706004
205705995
205705996
205706003
205706002
205705993
205706007
205706009
205706008
339086213
205705994
205706006
205706005
205706004
205705995
205705996
205706003
205706002
205706001
205706000
205706009
205706008
339086214
1379095200000
138586361
138586363
57000
337100890
338937277
42750
337100890
338937278
32300
337100890
338937280
20900
337100890
338937281
205705994
205706006
205706005
205706007
205706009
205706008
338937277
205705999
205705998
205705994
205706006
205706005
205706004
205706003
205706002
205706007
205706009
205706008
338937278
205705998
205705994
205706006
205706005
205706004
205705995
205705996
205706003
205706002
205705993
205706007
205706009
205706008
338937280
205705994
205706006
205706005
205706004
205706003
205706002
205706001
205706000
205706009
205706008
338937281
1379440800000
138586365
138586367
57000
337100890
338937277
42750
337100890
338937278
32300
337100890
338937280
20900
337100890
338937281
205705994
205706006
205706005
205706007
205706009
205706008
338937277
205705999
205705998
205705994
205706006
205706005
205706004
205706003
205706002
205706007
205706009
205706008
338937278
205705998
205705994
205706006
205706005
205706004
205705995
205705996
205706003
205706002
205705993
205706007
205706009
205706008
338937280
205705994
205706006
205706005
205706004
205706003
205706002
205706001
205706000
205706009
205706008
338937281
1379959200000
341181254
341181470
80750
337100890
341179212
61750
337100890
341179213
42750
337100890
341179214
28500
337100890
341179215
205705999
205705998
205705994
205706006
205706005
205706004
205705995
205705996
205706003
205706002
205705993
205706001
205706000
205706007
205706009
205706008
341179212
205705999
205705994
205706006
205706005
205706004
205706003
205706002
205706007
205706009
205706008
341179213
205705994
205706006
205706005
205706004
205705995
205705996
205706003
205705993
205706007
205706009
205706008
341179214
205706004
205705996
205706003
205706002
205706001
205706000
205706009
341179215
1380132000000
341181254
341181469
80750
337100890
341179212
61750
337100890
341179213
42750
337100890
341179214
28500
337100890
341179215
205705999
205705998
205705994
205706006
205706005
205706004
205705995
205705996
205706003
205706002
205705993
205706001
205706000
205706007
205706009
205706008
341179212
205705999
205705994
205706006
205706005
205706004
205706003
205706002
205706007
205706009
205706008
341179213
205705994
205706006
205706005
205706004
205705995
205705996
205706003
205705993
205706007
205706009
205706008
341179214
205706004
205705996
205706003
205706002
205706001
205706000
205706009
341179215
1380218400000
138586369
138586371
28500
337100890
338937277
23750
337100890
338937278
19000
337100890
338937280
14250
337100890
338937281
10000
337100890
338937282
205705994
205706006
205706005
205706007
205706009
205706008
338937277
205705999
205705998
205705994
205706006
205706005
205706004
205706003
205706002
205706007
205706009
205706008
338937278
205705998
205705994
205706006
205706005
205706004
205705995
205705996
205706003
205706002
205705993
205706007
205706009
205706008
338937280
205705994
205706006
205706005
205706004
205706003
205706002
205706001
205706000
205706009
205706008
338937281
205706005
205706004
205706003
205706002
205706009
205706008
338937282
1380650400000
341181252
341181467
57000
337100890
341179212
42750
337100890
341179213
32300
337100890
341179214
20900
337100890
341179215
10000
337100890
341179216
205705999
205705998
205705994
205706006
205706005
205706004
205705995
205705996
205706003
205706002
205705993
205706001
205706000
205706007
205706009
205706008
341179212
205705999
205705994
205706006
205706005
205706004
205706003
205706002
205706007
205706009
205706008
341179213
205705994
205706006
205706005
205706004
205705995
205705996
205706003
205705993
205706007
205706009
205706008
341179214
205706004
205705996
205706003
205706002
205706001
205706000
205706009
341179215
205706004
205706003
205706002
205706007
205706009
205706008
341179216
1380736800000
138586373
138586375
42750
337100890
339086196
28500
337100890
339086197
205705999
205705998
205705994
205706006
205706005
205706004
205706003
205706002
205706007
205706009
205706008
339086196
205705999
205705998
205705994
205706006
205706005
205706004
205705995
205705996
205706003
205706002
205705993
205706001
205706000
205706007
205706009
205706008
339086197
1380996000000
138586377
138586379
42750
337100890
339086196
28500
337100890
339086197
205705999
205705998
205705994
205706006
205706005
205706004
205706003
205706002
205706007
205706009
205706008
339086196
205705999
205705998
205705994
205706006
205706005
205706004
205705995
205705996
205706003
205706002
205705993
205706001
205706000
205706007
205706009
205706008
339086197
1381082400000
138586381
138586383
80750
337100890
338937277
61750
337100890
338937278
42750
337100890
338937280
28500
337100890
338937281
205705994
205706006
205706005
205706007
205706009
205706008
338937277
205705999
205705998
205705994
205706006
205706005
205706004
205706003
205706002
205706007
205706009
205706008
338937278
205705998
205705994
205706006
205706005
205706004
205705995
205705996
205706003
205706002
205705993
205706007
205706009
205706008
338937280
205705994
205706006
205706005
205706004
205706003
205706002
205706001
205706000
205706009
205706008
338937281
1381168800000
138586385
138586387
80750
337100890
338937277
61750
337100890
338937278
42750
337100890
338937280
28500
337100890
338937281
205705994
205706006
205706005
205706007
205706009
205706008
338937277
205705999
205705998
205705994
205706006
205706005
205706004
205706003
205706002
205706007
205706009
205706008
338937278
205705998
205705994
205706006
205706005
205706004
205705995
205705996
205706003
205706002
205705993
205706007
205706009
205706008
338937280
205705994
205706006
205706005
205706004
205706003
205706002
205706001
205706000
205706009
205706008
338937281
1381255200000
341181234
341181437
57000
337100890
341179212
42750
337100890
341179213
32300
337100890
341179214
20900
337100890
341179215
10000
337100890
341179216
205705999
205705998
205705994
205706006
205706005
205706004
205705995
205705996
205706003
205706002
205705993
205706001
205706000
205706007
205706009
205706008
341179212
205705999
205705994
205706006
205706005
205706004
205706003
205706002
205706007
205706009
205706008
341179213
205705994
205706006
205706005
205706004
205705995
205705996
205706003
205705993
205706007
205706009
205706008
341179214
205706004
205705996
205706003
205706002
205706001
205706000
205706009
341179215
205706004
205706003
205706002
205706007
205706009
205706008
341179216
1381341600000
341181234
341181436
57000
337100890
341179212
42750
337100890
341179213
32300
337100890
341179214
20900
337100890
341179215
10000
337100890
341179216
205705999
205705998
205705994
205706006
205706005
205706004
205705995
205705996
205706003
205706002
205705993
205706001
205706000
205706007
205706009
205706008
341179212
205705999
205705994
205706006
205706005
205706004
205706003
205706002
205706007
205706009
205706008
341179213
205705994
205706006
205706005
205706004
205705995
205705996
205706003
205705993
205706007
205706009
205706008
341179214
205706004
205705996
205706003
205706002
205706001
205706000
205706009
341179215
205706004
205706003
205706002
205706007
205706009
205706008
341179216
1381428000000
138586389
138586391
80750
337100890
338937284
61750
337100890
338937285
42750
337100890
338937287
28500
337100890
338937288
205705994
205706006
205706005
205706007
205706009
205706008
338937284
205705999
205705998
205705994
205706006
205706005
205706004
205706003
205706002
205706007
205706009
205706008
338937285
205705998
205705994
205706006
205706005
205706004
205705995
205705996
205706003
205706002
205705993
205706007
205706009
205706008
338937287
205705994
205706006
205706005
205706004
205706003
205706002
205706001
205706000
205706009
205706008
338937288
1381512600000
138586393
138586395
42750
337100890
338937241
33250
337100890
338937242
23750
337100890
338937244
16150
337100890
338937245
10000
337100890
338937246
205705994
205706006
205706005
205706007
205706009
205706008
338937241
205705999
205705998
205705994
205706006
205706005
205706004
205706003
205706002
205706007
205706009
205706008
338937242
205705998
205705994
205706006
205706005
205706004
205705995
205705996
205706003
205706002
205705993
205706007
205706009
205706008
338937244
205705994
205706006
205706005
205706004
205706003
205706002
205706001
205706000
205706009
205706008
338937245
205706005
205706004
205706003
205706002
205706009
205706008
338937246
1381586400000
138586397
138586399
33250
337100890
339086196
23750
337100890
339086197
205705999
205705998
205705994
205706006
205706005
205706004
205706003
205706002
205706007
205706009
205706008
339086196
205705999
205705998
205705994
205706006
205706005
205706004
205705995
205705996
205706003
205706002
205705993
205706001
205706000
205706007
205706009
205706008
339086197
1381672800000
138586401
138586403
57000
337100890
338937277
42750
337100890
338937278
32300
337100890
338937280
20900
337100890
338937281
205705994
205706006
205706005
205706007
205706009
205706008
338937277
205705999
205705998
205705994
205706006
205706005
205706004
205706003
205706002
205706007
205706009
205706008
338937278
205705998
205705994
205706006
205706005
205706004
205705995
205705996
205706003
205706002
205705993
205706007
205706009
205706008
338937280
205705994
205706006
205706005
205706004
205706003
205706002
205706001
205706000
205706009
205706008
338937281
1381773600000
138586405
138586407
80750
337100890
338937277
61750
337100890
338937278
42750
337100890
338937280
28500
337100890
338937281
205705994
205706006
205706005
205706007
205706009
205706008
338937277
205705999
205705998
205705994
205706006
205706005
205706004
205706003
205706002
205706007
205706009
205706008
338937278
205705998
205705994
205706006
205706005
205706004
205705995
205705996
205706003
205706002
205705993
205706007
205706009
205706008
338937280
205705994
205706006
205706005
205706004
205706003
205706002
205706001
205706000
205706009
205706008
338937281
1381860000000
341181233
341181435
57000
337100890
341179212
42750
337100890
341179213
32300
337100890
341179214
20900
337100890
341179215
10000
337100890
341179216
205705999
205705998
205705994
205706006
205706005
205706004
205705995
205705996
205706003
205706002
205705993
205706001
205706000
205706007
205706009
205706008
341179212
205705999
205705994
205706006
205706005
205706004
205706003
205706002
205706007
205706009
205706008
341179213
205705994
205706006
205706005
205706004
205705995
205705996
205706003
205705993
205706007
205706009
205706008
341179214
205706004
205705996
205706003
205706002
205706001
205706000
205706009
341179215
205706004
205706003
205706002
205706007
205706009
205706008
341179216
1381946400000
341181237
341181442
57000
337100890
341179212
42750
337100890
341179213
32300
337100890
341179214
20900
337100890
341179215
10000
337100890
341179216
205705999
205705998
205705994
205706006
205706005
205706004
205705995
205705996
205706003
205706002
205705993
205706001
205706000
205706007
205706009
205706008
341179212
205705999
205705994
205706006
205706005
205706004
205706003
205706002
205706007
205706009
205706008
341179213
205705994
205706006
205706005
205706004
205705995
205705996
205706003
205705993
205706007
205706009
205706008
341179214
205706004
205705996
205706003
205706002
205706001
205706000
205706009
341179215
205706004
205706003
205706002
205706007
205706009
205706008
341179216
1382032800000
138586409
138586411
57000
337100890
339086210
42750
337100890
339086211
32300
337100890
339086213
20900
337100890
339086214
205705994
205706006
205706005
205706007
205706009
205706008
339086210
205705999
205705998
205705994
205706006
205706005
205706004
205706003
205706002
205706007
205706009
205706008
339086211
205705998
205705994
205706006
205706005
205706004
205705995
205705996
205706003
205706002
205705993
205706007
205706009
205706008
339086213
205705994
205706006
205706005
205706004
205705995
205705996
205706003
205706002
205706001
205706000
205706009
205706008
339086214
1382119200000
138586413
138586415
95000
337100890
338937284
76000
337100890
338937285
57000
337100890
338937287
33250
337100890
338937288
10000
337100890
338937283
205705994
205706006
205706005
205706007
205706009
205706008
338937284
205705999
205705998
205705994
205706006
205706005
205706004
205706003
205706002
205706007
205706009
205706008
338937285
205705998
205705994
205706006
205706005
205706004
205705995
205705996
205706003
205706002
205705993
205706007
205706009
205706008
338937287
205705994
205706006
205706005
205706004
205706003
205706002
205706001
205706000
205706009
205706008
338937288
205706005
205706004
205706003
205706002
205706009
205706008
338937283
1382277600000
138586417
138586419
80750
337100890
338937277
61750
337100890
338937278
42750
337100890
338937280
28500
337100890
338937281
205705994
205706006
205706005
205706007
205706009
205706008
338937277
205705999
205705998
205705994
205706006
205706005
205706004
205706003
205706002
205706007
205706009
205706008
338937278
205705998
205705994
205706006
205706005
205706004
205705995
205705996
205706003
205706002
205705993
205706007
205706009
205706008
338937280
205705994
205706006
205706005
205706004
205706003
205706002
205706001
205706000
205706009
205706008
338937281
1382378400000
138586421
138586423
80750
337100890
338937277
61750
337100890
338937278
42750
337100890
338937280
28500
337100890
338937281
205705994
205706006
205706005
205706007
205706009
205706008
338937277
205705999
205705998
205705994
205706006
205706005
205706004
205706003
205706002
205706007
205706009
205706008
338937278
205705998
205705994
205706006
205706005
205706004
205705995
205705996
205706003
205706002
205705993
205706007
205706009
205706008
338937280
205705994
205706006
205706005
205706004
205706003
205706002
205706001
205706000
205706009
205706008
338937281
1382464800000
341181238
341181444
57000
337100890
341179212
42750
337100890
341179213
32300
337100890
341179214
20900
337100890
341179215
10000
337100890
341179216
205705999
205705998
205705994
205706006
205706005
205706004
205705995
205705996
205706003
205706002
205705993
205706001
205706000
205706007
205706009
205706008
341179212
205705999
205705994
205706006
205706005
205706004
205706003
205706002
205706007
205706009
205706008
341179213
205705994
205706006
205706005
205706004
205705995
205705996
205706003
205705993
205706007
205706009
205706008
341179214
205706004
205705996
205706003
205706002
205706001
205706000
205706009
341179215
205706004
205706003
205706002
205706007
205706009
205706008
341179216
1382551200000
341181238
341181443
57000
337100890
341179212
42750
337100890
341179213
32300
337100890
341179214
20900
337100890
341179215
10000
337100890
341179216
205705999
205705998
205705994
205706006
205706005
205706004
205705995
205705996
205706003
205706002
205705993
205706001
205706000
205706007
205706009
205706008
341179212
205705999
205705994
205706006
205706005
205706004
205706003
205706002
205706007
205706009
205706008
341179213
205705994
205706006
205706005
205706004
205705995
205705996
205706003
205705993
205706007
205706009
205706008
341179214
205706004
205705996
205706003
205706002
205706001
205706000
205706009
341179215
205706004
205706003
205706002
205706007
205706009
205706008
341179216
1382637600000
138586425
138586427
28500
337100890
338937235
23750
337100890
338937236
19000
337100890
338937238
14250
337100890
338937239
10000
337100890
338937240
205705994
205706006
205706005
205706007
205706009
205706008
338937235
205705999
205705998
205705994
205706006
205706005
205706004
205706003
205706002
205706007
205706009
205706008
338937236
205705999
205705998
205705994
205706006
205706005
205706004
205705995
205705996
205706003
205706002
205705993
205706007
205706009
205706008
338937238
205705994
205706006
205706005
205706004
205705995
205705996
205706003
205706002
205706001
205706000
205706009
205706008
338937239
205706006
205706005
205706004
205706003
205706002
205706007
205706009
205706008
338937240
1382724000000
138586429
138586431
80750
337100890
338937284
61750
337100890
338937285
42750
337100890
338937287
28500
337100890
338937288
205705994
205706006
205706005
205706007
205706009
205706008
338937284
205705999
205705998
205705994
205706006
205706005
205706004
205706003
205706002
205706007
205706009
205706008
338937285
205705998
205705994
205706006
205706005
205706004
205705995
205705996
205706003
205706002
205705993
205706007
205706009
205706008
338937287
205705994
205706006
205706005
205706004
205706003
205706002
205706001
205706000
205706009
205706008
338937288
1382810400000
138586433
138586435
80750
337100890
338937284
61750
337100890
338937285
42750
337100890
338937287
28500
337100890
338937288
205705994
205706006
205706005
205706007
205706009
205706008
338937284
205705999
205705998
205705994
205706006
205706005
205706004
205706003
205706002
205706007
205706009
205706008
338937285
205705998
205705994
205706006
205706005
205706004
205705995
205705996
205706003
205706002
205705993
205706007
205706009
205706008
338937287
205705994
205706006
205706005
205706004
205706003
205706002
205706001
205706000
205706009
205706008
338937288
1382886000000
138586437
138586439
57000
337100890
338937277
42750
337100890
338937278
32300
337100890
338937280
20900
337100890
338937281
205705994
205706006
205706005
205706007
205706009
205706008
338937277
205705999
205705998
205705994
205706006
205706005
205706004
205706003
205706002
205706007
205706009
205706008
338937278
205705998
205705994
205706006
205706005
205706004
205705995
205705996
205706003
205706002
205705993
205706007
205706009
205706008
338937280
205705994
205706006
205706005
205706004
205706003
205706002
205706001
205706000
205706009
205706008
338937281
1383073200000
138586441
138586443
57000
337100890
338937277
42750
337100890
338937278
32300
337100890
338937280
20900
337100890
338937281
205705994
205706006
205706005
205706007
205706009
205706008
338937277
205705999
205705998
205705994
205706006
205706005
205706004
205706003
205706002
205706007
205706009
205706008
338937278
205705998
205705994
205706006
205706005
205706004
205705995
205705996
205706003
205706002
205705993
205706007
205706009
205706008
338937280
205705994
205706006
205706005
205706004
205706003
205706002
205706001
205706000
205706009
205706008
338937281
1383246000000
138586445
138586447
80750
337100890
338937284
61750
337100890
338937285
42750
337100890
338937287
28500
337100890
338937288
205705994
205706006
205706005
205706007
205706009
205706008
338937284
205705999
205705998
205705994
205706006
205706005
205706004
205706003
205706002
205706007
205706009
205706008
338937285
205705998
205705994
205706006
205706005
205706004
205705995
205705996
205706003
205706002
205705993
205706007
205706009
205706008
338937287
205705994
205706006
205706005
205706004
205706003
205706002
205706001
205706000
205706009
205706008
338937288
1383332400000
138586449
138586451
80750
337100890
338937284
61750
337100890
338937285
42750
337100890
338937287
28500
337100890
338937288
205705994
205706006
205706005
205706007
205706009
205706008
338937284
205705999
205705998
205705994
205706006
205706005
205706004
205706003
205706002
205706007
205706009
205706008
338937285
205705998
205705994
205706006
205706005
205706004
205705995
205705996
205706003
205706002
205705993
205706007
205706009
205706008
338937287
205705994
205706006
205706005
205706004
205706003
205706002
205706001
205706000
205706009
205706008
338937288
1383418800000
342742592
342742708
180500
337100890
342752792
342752287
342752792
1383555600000
342742592
342742709
180500
337100890
342752792
342752287
342752792
1383562800000
138586453
138586455
42750
337100890
338937295
28500
337100890
338937296
205705999
205705998
205705994
205706006
205706005
205706004
205706003
205706002
205706007
205706009
205706008
338937295
205705999
205705998
205705994
205706006
205706005
205706004
205705995
205705996
205706003
205706002
205705993
205706001
205706000
205706007
205706009
205706008
338937296
1383591600000
342742592
342742710
180500
337100890
342752792
342752287
342752792
1383642000000
342742592
342742711
180500
337100890
342752792
342752287
342752792
1383649200000
342742592
342742712
180500
337100890
342752792
342752287
342752792
1383728400000
342742592
342742713
180500
337100890
342752792
342752287
342752792
1383735600000
342742592
342742714
180500
337100890
342752792
342752287
342752792
1383814800000
342742592
342742715
180500
337100890
342752792
342752287
342752792
1383822000000
138586457
138586459
57000
337100890
338937277
42750
337100890
338937278
32300
337100890
338937280
20900
337100890
338937281
205705994
205706006
205706005
205706007
205706009
205706008
338937277
205705999
205705998
205705994
205706006
205706005
205706004
205706003
205706002
205706007
205706009
205706008
338937278
205705998
205705994
205706006
205706005
205706004
205705995
205705996
205706003
205706002
205705993
205706007
205706009
205706008
338937280
205705994
205706006
205706005
205706004
205706003
205706002
205706001
205706000
205706009
205706008
338937281
1383850800000
138586461
138586463
57000
337100890
339086210
42750
337100890
339086211
32300
337100890
339086213
20900
337100890
339086214
205705994
205706006
205706005
205706007
205706009
205706008
339086210
205705999
205705998
205705994
205706006
205706005
205706004
205706003
205706002
205706007
205706009
205706008
339086211
205705998
205705994
205706006
205706005
205706004
205705995
205705996
205706003
205706002
205705993
205706007
205706009
205706008
339086213
205705994
205706006
205706005
205706004
205705995
205705996
205706003
205706002
205706001
205706000
205706009
205706008
339086214
1383937200000
138586465
138586467
42750
337100890
339086196
28500
337100890
339086197
205705999
205705998
205705994
205706006
205706005
205706004
205706003
205706002
205706007
205706009
205706008
339086196
205705999
205705998
205705994
205706006
205706005
205706004
205705995
205705996
205706003
205706002
205705993
205706001
205706000
205706007
205706009
205706008
339086197
1384110000000
138586469
138586471
90250
337100890
338937289
71250
337100890
338937290
52250
337100890
338937292
28500
337100890
338937293
205705994
205706006
205706005
205706007
205706009
205706008
338937289
205705999
205705998
205705994
205706006
205706005
205706004
205706003
205706002
205706007
205706009
205706008
338937290
205705998
205705994
205706006
205706005
205706004
205705995
205705996
205706003
205706002
205705993
205706007
205706009
205706008
338937292
205705994
205706006
205706005
205706004
205706003
205706002
205706001
205706000
205706009
205706008
338937293
1384196400000
138586473
138586475
80750
337100890
338937277
61750
337100890
338937278
42750
337100890
338937280
28500
337100890
338937281
205705994
205706006
205706005
205706007
205706009
205706008
338937277
205705999
205705998
205705994
205706006
205706005
205706004
205706003
205706002
205706007
205706009
205706008
338937278
205705998
205705994
205706006
205706005
205706004
205705995
205705996
205706003
205706002
205705993
205706007
205706009
205706008
338937280
205705994
205706006
205706005
205706004
205706003
205706002
205706001
205706000
205706009
205706008
338937281
1384282800000
138586477
138586479
57000
337100890
338937277
42750
337100890
338937278
32300
337100890
338937280
20900
337100890
338937281
205705994
205706006
205706005
205706007
205706009
205706008
338937277
205705999
205705998
205705994
205706006
205706005
205706004
205706003
205706002
205706007
205706009
205706008
338937278
205705998
205705994
205706006
205706005
205706004
205705995
205705996
205706003
205706002
205705993
205706007
205706009
205706008
338937280
205705994
205706006
205706005
205706004
205706003
205706002
205706001
205706000
205706009
205706008
338937281
1384369200000
138586481
138586483
95000
337100890
338937277
76000
337100890
338937278
57000
337100890
338937280
33250
337100890
338937281
10000
337100890
338937282
205705994
205706006
205706005
205706007
205706009
205706008
338937277
205705999
205705998
205705994
205706006
205706005
205706004
205706003
205706002
205706007
205706009
205706008
338937278
205705998
205705994
205706006
205706005
205706004
205705995
205705996
205706003
205706002
205705993
205706007
205706009
205706008
338937280
205705994
205706006
205706005
205706004
205706003
205706002
205706001
205706000
205706009
205706008
338937281
205706005
205706004
205706003
205706002
205706009
205706008
338937282
1384455600000
138586485
138586487
57000
337100890
339086210
42750
337100890
339086211
32300
337100890
339086213
20900
337100890
339086214
205705994
205706006
205706005
205706007
205706009
205706008
339086210
205705999
205705998
205705994
205706006
205706005
205706004
205706003
205706002
205706007
205706009
205706008
339086211
205705998
205705994
205706006
205706005
205706004
205705995
205705996
205706003
205706002
205705993
205706007
205706009
205706008
339086213
205705994
205706006
205706005
205706004
205705995
205705996
205706003
205706002
205706001
205706000
205706009
205706008
339086214
1384542000000
138586501
138586503
57000
337100890
338937277
42750
337100890
338937278
32300
337100890
338937280
20900
337100890
338937281
205705994
205706006
205706005
205706007
205706009
205706008
338937277
205705999
205705998
205705994
205706006
205706005
205706004
205706003
205706002
205706007
205706009
205706008
338937278
205705998
205705994
205706006
205706005
205706004
205705995
205705996
205706003
205706002
205705993
205706007
205706009
205706008
338937280
205705994
205706006
205706005
205706004
205706003
205706002
205706001
205706000
205706009
205706008
338937281
1384801200000
138586505
138586507
80750
337100890
338937277
61750
337100890
338937278
42750
337100890
338937280
28500
337100890
338937281
205705994
205706006
205706005
205706007
205706009
205706008
338937277
205705999
205705998
205705994
205706006
205706005
205706004
205706003
205706002
205706007
205706009
205706008
338937278
205705998
205705994
205706006
205706005
205706004
205705995
205705996
205706003
205706002
205705993
205706007
205706009
205706008
338937280
205705994
205706006
205706005
205706004
205706003
205706002
205706001
205706000
205706009
205706008
338937281
1384887600000
138586509
138586511
28500
337100890
338937235
23750
337100890
338937236
19000
337100890
338937238
14250
337100890
338937239
10000
337100890
338937240
205705994
205706006
205706005
205706007
205706009
205706008
338937235
205705999
205705998
205705994
205706006
205706005
205706004
205706003
205706002
205706007
205706009
205706008
338937236
205705999
205705998
205705994
205706006
205706005
205706004
205705995
205705996
205706003
205706002
205705993
205706007
205706009
205706008
338937238
205705994
205706006
205706005
205706004
205705995
205705996
205706003
205706002
205706001
205706000
205706009
205706008
338937239
205706006
205706005
205706004
205706003
205706002
205706007
205706009
205706008
338937240
1385146800000
138586513
138586515
57000
337100890
338937284
42750
337100890
338937285
32300
337100890
338937287
20900
337100890
338937288
205705994
205706006
205706005
205706007
205706009
205706008
338937284
205705999
205705998
205705994
205706006
205706005
205706004
205706003
205706002
205706007
205706009
205706008
338937285
205705998
205705994
205706006
205706005
205706004
205705995
205705996
205706003
205706002
205705993
205706007
205706009
205706008
338937287
205705994
205706006
205706005
205706004
205706003
205706002
205706001
205706000
205706009
205706008
338937288
1385231400000
138586517
138586519
80750
337100890
338937284
61750
337100890
338937285
42750
337100890
338937287
28500
337100890
338937288
205705994
205706006
205706005
205706007
205706009
205706008
338937284
205705999
205705998
205705994
205706006
205706005
205706004
205706003
205706002
205706007
205706009
205706008
338937285
205705998
205705994
205706006
205706005
205706004
205705995
205705996
205706003
205706002
205705993
205706007
205706009
205706008
338937287
205705994
205706006
205706005
205706004
205706003
205706002
205706001
205706000
205706009
205706008
338937288
1385305200000
138586521
138586523
152000
337100890
338937277
104500
337100890
338937278
76000
337100890
338937280
52250
337100890
338937281
10000
337100890
338937282
205705994
205706006
205706005
205706007
205706009
205706008
338937277
205705999
205705998
205705994
205706006
205706005
205706004
205706003
205706002
205706007
205706009
205706008
338937278
205705998
205705994
205706006
205706005
205706004
205705995
205705996
205706003
205706002
205705993
205706007
205706009
205706008
338937280
205705994
205706006
205706005
205706004
205706003
205706002
205706001
205706000
205706009
205706008
338937281
205706005
205706004
205706003
205706002
205706009
205706008
338937282
1385492400000
341181235
341181439
57000
337100890
340826016
42750
337100890
340826017
32300
337100890
340826015
20900
337100890
340826018
10000
337100890
340826019
205705999
205705998
205705994
205706006
205706005
205706004
205705995
205705996
205706003
205706002
205705993
205706001
205706000
205706007
205706009
205706008
340826016
205705999
205705994
205706006
205706005
205706004
205706003
205706002
205706007
205706009
205706008
340826017
205705994
205706006
205706005
205706004
205705995
205705996
205706003
205706007
205706009
205706008
340826015
205706004
205705996
205706003
205706002
205706009
340826018
205706004
205706003
205706002
205706007
205706009
205706008
340826019
1385665200000
138586525
138586527
57000
337100890
339086210
42750
337100890
339086211
32300
337100890
339086213
20900
337100890
339086214
205705994
205706006
205706005
205706007
205706009
205706008
339086210
205705999
205705998
205705994
205706006
205706005
205706004
205706003
205706002
205706007
205706009
205706008
339086211
205705998
205705994
205706006
205706005
205706004
205705995
205705996
205706003
205706002
205705993
205706007
205706009
205706008
339086213
205705994
205706006
205706005
205706004
205705995
205705996
205706003
205706002
205706001
205706000
205706009
205706008
339086214
1385751600000
138586529
138586531
42750
337100890
338937241
33250
337100890
338937242
23750
337100890
338937244
16150
337100890
338937245
10000
337100890
338937246
205705994
205706006
205706005
205706007
205706009
205706008
338937241
205705999
205705998
205705994
205706006
205706005
205706004
205706003
205706002
205706007
205706009
205706008
338937242
205705998
205705994
205706006
205706005
205706004
205705995
205705996
205706003
205706002
205705993
205706007
205706009
205706008
338937244
205705994
205706006
205706005
205706004
205706003
205706002
205706001
205706000
205706009
205706008
338937245
205706005
205706004
205706003
205706002
205706009
205706008
338937246
1385823600000
341181235
341181438
57000
337100890
340826016
42750
337100890
340826017
32300
337100890
340826015
20900
337100890
340826018
10000
337100890
340826019
205705999
205705998
205705994
205706006
205706005
205706004
205705995
205705996
205706003
205706002
205705993
205706001
205706000
205706007
205706009
205706008
340826016
205705999
205705994
205706006
205706005
205706004
205706003
205706002
205706007
205706009
205706008
340826017
205705994
205706006
205706005
205706004
205705995
205705996
205706003
205706007
205706009
205706008
340826015
205706004
205705996
205706003
205706002
205706009
340826018
205706004
205706003
205706002
205706007
205706009
205706008
340826019
1385838000000
138586533
138586535
80750
337100890
338937284
61750
337100890
338937285
42750
337100890
338937287
28500
337100890
338937288
205705994
205706006
205706005
205706007
205706009
205706008
338937284
205705999
205705998
205705994
205706006
205706005
205706004
205706003
205706002
205706007
205706009
205706008
338937285
205705998
205705994
205706006
205706005
205706004
205705995
205705996
205706003
205706002
205705993
205706007
205706009
205706008
338937287
205705994
205706006
205706005
205706004
205706003
205706002
205706001
205706000
205706009
205706008
338937288
1385910000000
138586537
138586539
80750
337100890
338937277
61750
337100890
338937278
42750
337100890
338937280
28500
337100890
338937281
205705994
205706006
205706005
205706007
205706009
205706008
338937277
205705999
205705998
205705994
205706006
205706005
205706004
205706003
205706002
205706007
205706009
205706008
338937278
205705998
205705994
205706006
205706005
205706004
205705995
205705996
205706003
205706002
205705993
205706007
205706009
205706008
338937280
205705994
205706006
205706005
205706004
205706003
205706002
205706001
205706000
205706009
205706008
338937281
1386010800000
138586541
138586543
80750
337100890
338937277
61750
337100890
338937278
42750
337100890
338937280
28500
337100890
338937281
205705994
205706006
205706005
205706007
205706009
205706008
338937277
205705999
205705998
205705994
205706006
205706005
205706004
205706003
205706002
205706007
205706009
205706008
338937278
205705998
205705994
205706006
205706005
205706004
205705995
205705996
205706003
205706002
205705993
205706007
205706009
205706008
338937280
205705994
205706006
205706005
205706004
205706003
205706002
205706001
205706000
205706009
205706008
338937281
1386097200000
341181236
341181440
57000
337100890
341179212
42750
337100890
341179213
32300
337100890
341179214
20900
337100890
341179215
10000
337100890
341179216
205705999
205705998
205705994
205706006
205706005
205706004
205705995
205705996
205706003
205706002
205705993
205706001
205706000
205706007
205706009
205706008
341179212
205705999
205705994
205706006
205706005
205706004
205706003
205706002
205706007
205706009
205706008
341179213
205705994
205706006
205706005
205706004
205705995
205705996
205706003
205705993
205706007
205706009
205706008
341179214
205706004
205705996
205706003
205706002
205706001
205706000
205706009
341179215
205706004
205706003
205706002
205706007
205706009
205706008
341179216
1386183600000
341181236
341181441
57000
337100890
341179212
42750
337100890
341179213
32300
337100890
341179214
20900
337100890
341179215
10000
337100890
341179216
205705999
205705998
205705994
205706006
205706005
205706004
205705995
205705996
205706003
205706002
205705993
205706001
205706000
205706007
205706009
205706008
341179212
205705999
205705994
205706006
205706005
205706004
205706003
205706002
205706007
205706009
205706008
341179213
205706006
205706005
205706004
205705995
205705996
205706003
205705993
205706007
205706009
205706008
341179214
205706004
205705996
205706003
205706002
205706001
205706000
205706009
341179215
205706004
205706003
205706002
205706007
205706009
205706008
341179216
1386270000000
138586545
138586547
104500
337100890
338937284
76000
337100890
338937285
57000
337100890
338937287
33250
337100890
338937288
10000
337100890
338937283
205705994
205706006
205706005
205706007
205706009
205706008
338937284
205705999
205705998
205705994
205706006
205706005
205706004
205706003
205706002
205706007
205706009
205706008
338937285
205705998
205705994
205706006
205706005
205706004
205705995
205705996
205706003
205706002
205705993
205706007
205706009
205706008
338937287
205705994
205706006
205706005
205706004
205706003
205706002
205706001
205706000
205706009
205706008
338937288
205706005
205706004
205706003
205706002
205706009
205706008
338937283
1386356400000
138586549
138586551
42750
337100890
338937284
33250
337100890
338937285
23750
337100890
338937287
16150
337100890
338937288
10000
337100890
338937283
205705994
205706006
205706005
205706007
205706009
205706008
338937284
205705999
205705998
205705994
205706006
205706005
205706004
205706003
205706002
205706007
205706009
205706008
338937285
205705998
205705994
205706006
205706005
205706004
205705995
205705996
205706003
205706002
205705993
205706007
205706009
205706008
338937287
205705994
205706006
205706005
205706004
205706003
205706002
205706001
205706000
205706009
205706008
338937288
205706005
205706004
205706003
205706002
205706009
205706008
338937283
1386428400000
138586553
138586555
42750
337100890
338937284
33250
337100890
338937285
23750
337100890
338937287
16150
337100890
338937288
10000
337100890
338937283
205705994
205706006
205706005
205706007
205706009
205706008
338937284
205705999
205705998
205705994
205706006
205706005
205706004
205706003
205706002
205706007
205706009
205706008
338937285
205705998
205705994
205706006
205706005
205706004
205705995
205705996
205706003
205706002
205705993
205706007
205706009
205706008
338937287
205705994
205706006
205706005
205706004
205706003
205706002
205706001
205706000
205706009
205706008
338937288
205706005
205706004
205706003
205706002
205706009
205706008
338937283
1386442800000
138586557
138586559
42750
337100890
338937284
33250
337100890
338937285
23750
337100890
338937287
16150
337100890
338937288
10000
337100890
338937283
205705994
205706006
205706005
205706007
205706009
205706008
338937284
205705999
205705998
205705994
205706006
205706005
205706004
205706003
205706002
205706007
205706009
205706008
338937285
205705998
205705994
205706006
205706005
205706004
205705995
205705996
205706003
205706002
205705993
205706007
205706009
205706008
338937287
205705994
205706006
205706005
205706004
205706003
205706002
205706001
205706000
205706009
205706008
338937288
205706005
205706004
205706003
205706002
205706009
205706008
338937283
1386514800000
342742593
342742716
180500
337100890
342752792
342752287
342752792
1386579600000
342742593
342742717
180500
337100890
342752792
342752287
342752792
1386586800000
138586561
138586563
95000
337100890
338937277
76000
337100890
338937278
57000
337100890
338937280
33250
337100890
338937281
10000
337100890
338937282
205705994
205706006
205706005
205706007
205706009
205706008
338937277
205705999
205705998
205705994
205706006
205706005
205706004
205706003
205706002
205706007
205706009
205706008
338937278
205705998
205705994
205706006
205706005
205706004
205705995
205705996
205706003
205706002
205705993
205706007
205706009
205706008
338937280
205705994
205706006
205706005
205706004
205706003
205706002
205706001
205706000
205706009
205706008
338937281
205706005
205706004
205706003
205706002
205706009
205706008
338937282
1386615600000
342742593
342742718
180500
337100890
342752792
342752287
342752792
1386666000000
342742593
342742719
180500
337100890
342752792
342752287
342752792
1386673200000
138586565
138586567
28500
337100890
338937277
23750
337100890
338937278
19000
337100890
338937280
14250
337100890
338937281
10000
337100890
338937282
205705994
205706006
205706005
205706007
205706009
205706008
338937277
205705999
205705998
205705994
205706006
205706005
205706004
205706003
205706002
205706007
205706009
205706008
338937278
205705998
205705994
205706006
205706005
205706004
205705995
205705996
205706003
205706002
205705993
205706007
205706009
205706008
338937280
205705994
205706006
205706005
205706004
205706003
205706002
205706001
205706000
205706009
205706008
338937281
205706005
205706004
205706003
205706002
205706009
205706008
338937282
1386702000000
342742593
342742720
180500
337100890
342752792
342752287
342752792
1386752400000
342742593
342742721
180500
337100890
342752792
342752287
342752792
1386759600000
341181241
341181449
57000
337100890
341179212
42750
337100890
341179213
32300
337100890
341179214
20900
337100890
341179215
10000
337100890
341179216
205705999
205705998
205705994
205706006
205706005
205706004
205705995
205705996
205706003
205706002
205705993
205706001
205706000
205706007
205706009
205706008
341179212
205705999
205705994
205706006
205706005
205706004
205706003
205706002
205706007
205706009
205706008
341179213
205705994
205706006
205706005
205706004
205705995
205705996
205706003
205705993
205706007
205706009
205706008
341179214
205706004
205705996
205706003
205706002
205706001
205706000
205706009
341179215
205706004
205706003
205706002
205706007
205706009
205706008
341179216
1386788400000
342742593
342742722
180500
337100890
342752792
342752287
342752792
1386838800000
342742593
342742723
180500
337100890
342752792
342752287
342752792
1386846000000
341181241
341181450
57000
337100890
341179212
42750
337100890
341179213
32300
337100890
341179214
20900
337100890
341179215
10000
337100890
341179216
205705999
205705998
205705994
205706006
205706005
205706004
205705995
205705996
205706003
205706002
205705993
205706001
205706000
205706007
205706009
205706008
341179212
205705999
205705994
205706006
205706005
205706004
205706003
205706002
205706007
205706009
205706008
341179213
205705994
205706006
205706005
205706004
205705995
205705996
205706003
205705993
205706007
205706009
205706008
341179214
205706004
205705996
205706003
205706002
205706001
205706000
205706009
341179215
205706004
205706003
205706002
205706007
205706009
205706008
341179216
1386874800000
138586569
138586571
57000
337100890
339086210
42750
337100890
339086211
32300
337100890
339086213
20900
337100890
339086214
205705994
205706006
205706005
205706007
205706009
205706008
339086210
205705999
205705998
205705994
205706006
205706005
205706004
205706003
205706002
205706007
205706009
205706008
339086211
205705998
205705994
205706006
205706005
205706004
205705995
205705996
205706003
205706002
205705993
205706007
205706009
205706008
339086213
205705994
205706006
205706005
205706004
205705995
205705996
205706003
205706002
205706001
205706000
205706009
205706008
339086214
1386961200000
342742594
342742724
180500
337100890
342752792
342752287
342752792
1387184400000
342742594
342742725
180500
337100890
342752792
342752287
342752792
1387191600000
138586581
138586583
57000
337100890
341264860
42750
337100890
341264861
32300
337100890
341264863
20900
337100890
341264864
205705994
205706006
205706005
205706007
205706009
205706008
341264860
205705999
205705998
205705994
205706006
205706005
205706004
205706003
205706002
205706007
205706009
205706008
341264861
205705998
205705994
205706006
205706005
205706004
205705995
205705996
205706003
205706002
205705993
205706007
205706009
205706008
341264863
205705994
205706006
205706005
205706004
205705995
205705996
205706003
205706002
205706001
205706000
205706009
205706008
341264864
1387220400000
342742594
342742726
180500
337100890
342752792
342752287
342752792
1387270800000
342742594
342742727
180500
337100890
342752792
342752287
342752792
1387278000000
138586585
138586587
57000
337100890
338937277
42750
337100890
338937278
32300
337100890
338937280
20900
337100890
338937281
205705994
205706006
205706005
205706007
205706009
205706008
338937277
205705999
205705998
205705994
205706006
205706005
205706004
205706003
205706002
205706007
205706009
205706008
338937278
205705998
205705994
205706006
205706005
205706004
205705995
205705996
205706003
205706002
205705993
205706007
205706009
205706008
338937280
205705994
205706006
205706005
205706004
205706003
205706002
205706001
205706000
205706009
205706008
338937281
1387306800000
342742594
342742728
180500
337100890
342752792
342752287
342752792
1387357200000
342742594
342742729
180500
337100890
342752792
342752287
342752792
1387364400000
341181250
341181465
57000
337100890
341179212
42750
337100890
341179213
32300
337100890
341179214
20900
337100890
341179215
10000
337100890
341179216
205705999
205705998
205705994
205706006
205706005
205706004
205705995
205705996
205706003
205706002
205705993
205706001
205706000
205706007
205706009
205706008
341179212
205705999
205705994
205706006
205706005
205706004
205706003
205706002
205706007
205706009
205706008
341179213
205705994
205706006
205706005
205706004
205705995
205705996
205706003
205705993
205706007
205706009
205706008
341179214
205706004
205705996
205706003
205706002
205706001
205706000
205706009
341179215
205706004
205706003
205706002
205706007
205706009
205706008
341179216
1387393200000
342742594
342742730
180500
337100890
342752792
342752287
342752792
1387443600000
342742594
342742731
180500
337100890
342752792
342752287
342752792
1387450800000
138586589
138586591
57000
337100890
338937284
42750
337100890
338937285
32300
337100890
338937287
20900
337100890
338937288
205705994
205706006
205706005
205706007
205706009
205706008
338937284
205705999
205705998
205705994
205706006
205706005
205706004
205706003
205706002
205706007
205706009
205706008
338937285
205705998
205705994
205706006
205706005
205706004
205705995
205705996
205706003
205706002
205705993
205706007
205706009
205706008
338937287
205705994
205706006
205706005
205706004
205706003
205706002
205706001
205706000
205706009
205706008
338937288
1387566000000
138586593
138586595
28500
337100890
338937235
23750
337100890
338937236
19000
337100890
338937238
14250
337100890
338937239
10000
337100890
338937240
205705994
205706006
205706005
205706007
205706009
205706008
338937235
205705999
205705998
205705994
205706006
205706005
205706004
205706003
205706002
205706007
205706009
205706008
338937236
205705998
205705994
205706006
205706005
205706004
205705995
205705996
205706003
205706002
205705993
205706007
205706009
205706008
338937238
205705994
205706006
205706005
205706004
205706003
205706002
205706001
205706000
205706009
205706008
338937239
205706005
205706004
205706003
205706002
205706009
205706008
338937240
1387724400000
342742595
342742732
180500
337100890
342752792
342752287
342752792
1387789200000
342742595
342742733
180500
337100890
342752792
342752287
342752792
1387796400000
342742595
342742734
180500
337100890
342752792
342752287
342752792
1387875600000
342742595
342742735
180500
337100890
342752792
342752287
342752792
1387882800000
342742595
342742736
180500
337100890
342752792
342752287
342752792
1387962000000
342742595
342742737
180500
337100890
342752792
342752287
342752792
1387969200000
342742595
342742738
180500
337100890
342752792
342752287
342752792
1388048400000
342742595
342742739
180500
337100890
342752792
342752287
342752792
1388055600000
342742596
342742740
180500
337100890
342752792
342752287
342752792
1388998800000
342742596
342742741
180500
337100890
342752792
342752287
342752792
1389006000000
342742596
342742742
180500
337100890
342752792
342752287
342752792
1389085200000
342742596
342742743
180500
337100890
342752792
342752287
342752792
1389092400000
342742596
342742744
180500
337100890
342752792
342752287
342752792
1389171600000
342742596
342742745
180500
337100890
342752792
342752287
342752792
1389178800000
341181245
341181458
57000
337100890
341179212
42750
337100890
341179213
32300
337100890
341179214
20900
337100890
341179215
10000
337100890
341179216
205705999
205705998
205705994
205706006
205706005
205706004
205705995
205705996
205706003
205706002
205705993
205706001
205706000
205706007
205706009
205706008
341179212
205705999
205705994
205706006
205706005
205706004
205706003
205706002
205706007
205706009
205706008
341179213
205705994
205706006
205706005
205706004
205705995
205705996
205706003
205705993
205706007
205706009
205706008
341179214
205706004
205705996
205706003
205706002
205706001
205706000
205706009
341179215
205706004
205706003
205706002
205706007
205706009
205706008
341179216
1389207600000
342742596
342742746
180500
337100890
342752792
342752287
342752792
1389258000000
342742596
342742747
180500
337100890
342752792
342752287
342752792
1389265200000
341181245
341181457
57000
337100890
341179212
42750
337100890
341179213
32300
337100890
341179214
20900
337100890
341179215
10000
337100890
341179216
205705999
205705998
205705994
205706006
205706005
205706004
205705995
205705996
205706003
205706002
205705993
205706001
205706000
205706007
205706009
205706008
341179212
205705999
205705994
205706006
205706005
205706004
205706003
205706002
205706007
205706009
205706008
341179213
205705994
205706006
205706005
205706004
205705995
205705996
205706003
205705993
205706007
205706009
205706008
341179214
205706004
205705996
205706003
205706002
205706001
205706000
205706009
341179215
205706004
205706003
205706002
205706007
205706009
205706008
341179216
1389294000000
138586597
138586599
57000
337100890
339086210
42750
337100890
339086211
32300
337100890
339086213
20900
337100890
339086214
205705994
205706006
205706005
205706007
205706009
205706008
339086210
205705999
205705998
205705994
205706006
205706005
205706004
205706003
205706002
205706007
205706009
205706008
339086211
205705998
205705994
205706006
205706005
205706004
205705995
205705996
205706003
205706002
205705993
205706007
205706009
205706008
339086213
205705994
205706006
205706005
205706004
205705995
205705996
205706003
205706002
205706001
205706000
205706009
205706008
339086214
1389380400000
138586601
138586603
42750
337100890
338937241
33250
337100890
338937242
23750
337100890
338937244
16150
337100890
338937245
10000
337100890
338937246
205705994
205706006
205706005
205706007
205706009
205706008
338937241
205705999
205705998
205705994
205706006
205706005
205706004
205706003
205706002
205706007
205706009
205706008
338937242
205705998
205705994
205706006
205706005
205706004
205705995
205705996
205706003
205706002
205705993
205706007
205706009
205706008
338937244
205705994
205706006
205706005
205706004
205706003
205706002
205706001
205706000
205706009
205706008
338937245
205706005
205706004
205706003
205706002
205706009
205706008
338937246
1389452400000
138586605
138586607
28500
337100890
338937284
23750
337100890
338937285
19000
337100890
338937287
14250
337100890
338937288
10000
337100890
338937283
205705994
205706006
205706005
205706007
205706009
205706008
338937284
205705999
205705998
205705994
205706006
205706005
205706004
205706003
205706002
205706007
205706009
205706008
338937285
205705998
205705994
205706006
205706005
205706004
205705995
205705996
205706003
205706002
205705993
205706007
205706009
205706008
338937287
205705994
205706006
205706005
205706004
205706003
205706002
205706001
205706000
205706009
205706008
338937288
205706005
205706004
205706003
205706002
205706009
205706008
338937283
1389538800000
138586609
138586611
15000
337100890
338937314
205705999
205705998
205705994
205706006
205706005
205706004
205705995
205705996
205706003
205706002
205705993
205706001
205706000
205706007
205706009
205706008
338937314
1389726000000
341181242
341181451
57000
337100890
341179212
42750
337100890
341179213
32300
337100890
341179214
20900
337100890
341179215
10000
337100890
341179216
205705999
205705998
205705994
205706006
205706005
205706004
205705995
205705996
205706003
205706002
205705993
205706001
205706000
205706007
205706009
205706008
341179212
205705999
205705994
205706006
205706005
205706004
205706003
205706002
205706007
205706009
205706008
341179213
205705994
205706006
205706005
205706004
205705995
205705996
205706003
205705993
205706007
205706009
205706008
341179214
205706004
205705996
205706003
205706002
205706001
205706000
205706009
341179215
205706004
205706003
205706002
205706007
205706009
205706008
341179216
1389812400000
341181242
341181452
57000
337100890
341179212
42750
337100890
341179213
32300
337100890
341179214
20900
337100890
341179215
10000
337100890
341179216
205705999
205705998
205705994
205706006
205706005
205706004
205705995
205705996
205706003
205706002
205705993
205706001
205706000
205706007
205706009
205706008
341179212
205705999
205705994
205706006
205706005
205706004
205706003
205706002
205706007
205706009
205706008
341179213
205706006
205706005
205706004
205705995
205705996
205706003
205705993
205706007
205706009
205706008
341179214
205706004
205705996
205706003
205706002
205706001
205706000
205706009
341179215
205706004
205706003
205706002
205706007
205706009
205706008
341179216
1389898800000
138586613
138586615
42750
337100890
339086210
33250
337100890
339086211
23750
337100890
339086213
16150
337100890
339086214
10000
337100890
339086215
205705994
205706006
205706005
205706007
205706009
205706008
339086210
205705999
205705998
205705994
205706006
205706005
205706004
205706003
205706002
205706007
205706009
205706008
339086211
205705998
205705994
205706006
205706005
205706004
205705995
205705996
205706003
205706002
205705993
205706007
205706009
205706008
339086213
205705994
205706006
205706005
205706004
205705995
205705996
205706003
205706002
205706001
205706000
205706009
205706008
339086214
205706006
205706005
205706004
205706003
205706002
205706008
339086215
1389985200000
138586617
138586619
90250
337100890
338937284
71250
337100890
338937285
52250
337100890
338937287
28500
337100890
338937288
205705994
205706006
205706005
205706007
205706009
205706008
338937284
205705999
205705998
205705994
205706006
205706005
205706004
205706003
205706002
205706007
205706009
205706008
338937285
205705998
205705994
205706006
205706005
205706004
205705995
205705996
205706003
205706002
205705993
205706007
205706009
205706008
338937287
205705994
205706006
205706005
205706004
205706003
205706002
205706001
205706000
205706009
205706008
338937288
1390071600000
138586625
138586627
28500
337100890
338937235
23750
337100890
338937236
19000
337100890
338937238
14250
337100890
338937239
10000
337100890
338937240
205705994
205706006
205706005
205706007
205706009
205706008
338937235
205705999
205705998
205705994
205706006
205706005
205706004
205706003
205706002
205706007
205706009
205706008
338937236
205705999
205705998
205705994
205706006
205706005
205706004
205705995
205705996
205706003
205706002
205705993
205706007
205706009
205706008
338937238
205705994
205706006
205706005
205706004
205705995
205705996
205706003
205706002
205706001
205706000
205706009
205706008
338937239
205706006
205706005
205706004
205706003
205706002
205706007
205706009
205706008
338937240
1390143600000
138586629
138586631
90250
337100890
338937271
71250
337100890
338937272
52250
337100890
338937274
28500
337100890
338937275
205705994
205706006
205706005
205706007
205706009
205706008
338937271
205705999
205705998
205705994
205706006
205706005
205706004
205706003
205706002
205706007
205706009
205706008
338937272
205705998
205705994
205706006
205706005
205706004
205705995
205705996
205706003
205706002
205705993
205706007
205706009
205706008
338937274
205705994
205706006
205706005
205706004
205706003
205706002
205706001
205706000
205706009
205706008
338937275
1390159800000
341181239
341181446
57000
337100890
340826016
42750
337100890
340826017
32300
337100890
340826015
20900
337100890
340826018
10000
337100890
340826019
205705999
205705998
205705994
205706006
205706005
205706004
205705995
205705996
205706003
205706002
205705993
205706001
205706000
205706007
205706009
205706008
340826016
205705999
205705994
205706006
205706005
205706004
205706003
205706002
205706007
205706009
205706008
340826017
205705994
205706006
205706005
205706004
205705995
205705996
205706003
205706007
205706009
205706008
340826015
205706004
205705996
205706003
205706002
205706009
340826018
205706004
205706003
205706002
205706007
205706009
205706008
340826019
1390417200000
341181239
341181445
57000
337100890
340826016
42750
337100890
340826017
32300
337100890
340826015
20900
337100890
340826018
10000
337100890
340826019
205705999
205705998
205705994
205706006
205706005
205706004
205705995
205705996
205706003
205706002
205705993
205706001
205706000
205706007
205706009
205706008
340826016
205705999
205705994
205706006
205706005
205706004
205706003
205706002
205706007
205706009
205706008
340826017
205705994
205706006
205706005
205706004
205705995
205705996
205706003
205706007
205706009
205706008
340826015
205706004
205705996
205706003
205706002
205706009
340826018
205706004
205706003
205706002
205706007
205706009
205706008
340826019
1390503600000
138586633
138586635
57000
337100890
339086210
42750
337100890
339086211
32300
337100890
339086213
20900
337100890
339086214
205705994
205706006
205706005
205706007
205706009
205706008
339086210
205705999
205705998
205705994
205706006
205706005
205706004
205706003
205706002
205706007
205706009
205706008
339086211
205705998
205705994
205706006
205706005
205706004
205705995
205705996
205706003
205706002
205705993
205706007
205706009
205706008
339086213
205705994
205706006
205706005
205706004
205705995
205705996
205706003
205706002
205706001
205706000
205706009
205706008
339086214
1390590000000
138586641
138586643
80750
337100890
338937284
61750
337100890
338937285
42750
337100890
338937287
28500
337100890
338937288
205705994
205706006
205706005
205706007
205706009
205706008
338937284
205705999
205705998
205705994
205706006
205706005
205706004
205706003
205706002
205706007
205706009
205706008
338937285
205705998
205705994
205706006
205706005
205706004
205705995
205705996
205706003
205706002
205705993
205706007
205706009
205706008
338937287
205705994
205706006
205706005
205706004
205706003
205706002
205706001
205706000
205706009
205706008
338937288
1390676400000
138586645
138586647
28500
337100890
338937235
23750
337100890
338937236
19000
337100890
338937238
14250
337100890
338937239
10000
337100890
338937240
205705994
205706006
205706005
205706007
205706009
205706008
338937235
205705999
205705998
205705994
205706006
205706005
205706004
205706003
205706002
205706007
205706009
205706008
338937236
205705999
205705998
205705994
205706006
205706005
205706004
205705995
205705996
205706003
205706002
205705993
205706007
205706009
205706008
338937238
205705994
205706006
205706005
205706004
205705995
205705996
205706003
205706002
205706001
205706000
205706009
205706008
338937239
205706006
205706005
205706004
205706003
205706002
205706007
205706009
205706008
338937240
1390748400000
138586649
138586651
95000
337100890
338937277
76000
337100890
338937278
57000
337100890
338937280
33250
337100890
338937281
10000
337100890
338937282
205705994
205706006
205706005
205706007
205706009
205706008
338937277
205705999
205705998
205705994
205706006
205706005
205706004
205706003
205706002
205706007
205706009
205706008
338937278
205705998
205705994
205706006
205706005
205706004
205705995
205705996
205706003
205706002
205705993
205706007
205706009
205706008
338937280
205705994
205706006
205706005
205706004
205706003
205706002
205706001
205706000
205706009
205706008
338937281
205706005
205706004
205706003
205706002
205706009
205706008
338937282
1390849200000
138586653
138586655
57000
337100890
338937277
42750
337100890
338937278
32300
337100890
338937280
20900
337100890
338937281
205705994
205706006
205706005
205706007
205706009
205706008
338937277
205705999
205705998
205705994
205706006
205706005
205706004
205706003
205706002
205706007
205706009
205706008
338937278
205705998
205705994
205706006
205706005
205706004
205705995
205705996
205706003
205706002
205705993
205706007
205706009
205706008
338937280
205705994
205706006
205706005
205706004
205706003
205706002
205706001
205706000
205706009
205706008
338937281
1390935600000
341181243
341181453
80750
337100890
341179212
61750
337100890
341179213
42750
337100890
341179214
28500
337100890
341179215
205705999
205705998
205705994
205706006
205706005
205706004
205705995
205705996
205706003
205706002
205705993
205706001
205706000
205706007
205706009
205706008
341179212
205705999
205705994
205706006
205706005
205706004
205706003
205706002
205706007
205706009
205706008
341179213
205705994
205706006
205706005
205706004
205705995
205705996
205706003
205705993
205706007
205706009
205706008
341179214
205706004
205705996
205706003
205706002
205706001
205706000
205706009
341179215
1391022000000
341181243
341181454
80750
337100890
341179212
61750
337100890
341179213
42750
337100890
341179214
28500
337100890
341179215
205705999
205705998
205705994
205706006
205706005
205706004
205705995
205705996
205706003
205706002
205705993
205706001
205706000
205706007
205706009
205706008
341179212
205705999
205705994
205706006
205706005
205706004
205706003
205706002
205706007
205706009
205706008
341179213
205705994
205706006
205706005
205706004
205705995
205705996
205706003
205705993
205706007
205706009
205706008
341179214
205706004
205705996
205706003
205706002
205706001
205706000
205706009
341179215
1391108400000
138586657
138586659
57000
337100890
339086210
42750
337100890
339086211
32300
337100890
339086213
20900
337100890
339086214
205705994
205706006
205706005
205706007
205706009
205706008
339086210
205705999
205705998
205705994
205706006
205706005
205706004
205706003
205706002
205706007
205706009
205706008
339086211
205705998
205705994
205706006
205706005
205706004
205705995
205705996
205706003
205706002
205705993
205706007
205706009
205706008
339086213
205705994
205706006
205706005
205706004
205705995
205705996
205706003
205706002
205706001
205706000
205706009
205706008
339086214
1391194800000
138586661
138586663
33250
337100890
339086196
23750
337100890
339086197
205705999
205705998
205705994
205706006
205706005
205706004
205706003
205706002
205706007
205706009
205706008
339086196
205705999
205705998
205705994
205706006
205706005
205706004
205705995
205705996
205706003
205706002
205705993
205706001
205706000
205706007
205706009
205706008
339086197
1391353200000
138586661
138586665
33250
337100890
339086196
23750
337100890
339086197
205705999
205705998
205705994
205706006
205706005
205706004
205706003
205706002
205706007
205706009
205706008
339086196
205705999
205705998
205705994
205706006
205706005
205706004
205705995
205705996
205706003
205706002
205705993
205706001
205706000
205706007
205706009
205706008
339086197
1391367600000
138586667
138586669
33250
337100890
338937295
23750
337100890
338937296
205705999
205705998
205705994
205706006
205706005
205706004
205706003
205706002
205706007
205706009
205706008
338937295
205705999
205705998
205705994
205706006
205706005
205706004
205705995
205705996
205706003
205706002
205705993
205706001
205706000
205706007
205706009
205706008
338937296
1391540400000
138586671
138586673
80750
337100890
338937289
61750
337100890
338937290
42750
337100890
338937292
28500
337100890
338937293
205705994
205706006
205706005
205706007
205706009
205706008
338937289
205705999
205705998
205705994
205706006
205706005
205706004
205706003
205706002
205706007
205706009
205706008
338937290
205705998
205705994
205706006
205706005
205706004
205705995
205705996
205706003
205706002
205705993
205706007
205706009
205706008
338937292
205705994
205706006
205706005
205706004
205706003
205706002
205706001
205706000
205706009
205706008
338937293
1391626800000
138586675
138586677
57000
337100890
338937277
42750
337100890
338937278
32300
337100890
338937280
20900
337100890
338937281
205705994
205706006
205706005
205706007
205706009
205706008
338937277
205705999
205705998
205705994
205706006
205706005
205706004
205706003
205706002
205706007
205706009
205706008
338937278
205705998
205705994
205706006
205706005
205706004
205705995
205705996
205706003
205706002
205705993
205706007
205706009
205706008
338937280
205705994
205706006
205706005
205706004
205706003
205706002
205706001
205706000
205706009
205706008
338937281
1391713200000
138586679
138586681
57000
337100890
339086210
42750
337100890
339086211
32300
337100890
339086213
20900
337100890
339086214
205705994
205706006
205706005
205706007
205706009
205706008
339086210
205705999
205705998
205705994
205706006
205706005
205706004
205706003
205706002
205706007
205706009
205706008
339086211
205705998
205705994
205706006
205706005
205706004
205705995
205705996
205706003
205706002
205705993
205706007
205706009
205706008
339086213
205705994
205706006
205706005
205706004
205705995
205705996
205706003
205706002
205706001
205706000
205706009
205706008
339086214
1391799600000
138586687
138586689
90250
337100890
338937284
71250
337100890
338937285
52250
337100890
338937287
28500
337100890
338937288
205705994
205706006
205706005
205706007
205706009
205706008
338937284
205705999
205705998
205705994
205706006
205706005
205706004
205706003
205706002
205706007
205706009
205706008
338937285
205705998
205705994
205706006
205706005
205706004
205705995
205705996
205706003
205706002
205705993
205706007
205706009
205706008
338937287
205705994
205706006
205706005
205706004
205706003
205706002
205706001
205706000
205706009
205706008
338937288
1391886000000
138586691
138586693
28500
337100890
338937284
23750
337100890
338937285
19000
337100890
338937287
14250
337100890
338937288
10000
337100890
338937283
205705994
205706006
205706005
205706007
205706009
205706008
338937284
205705999
205705998
205705994
205706006
205706005
205706004
205706003
205706002
205706007
205706009
205706008
338937285
205705998
205705994
205706006
205706005
205706004
205705995
205705996
205706003
205706002
205705993
205706007
205706009
205706008
338937287
205705994
205706006
205706005
205706004
205706003
205706002
205706001
205706000
205706009
205706008
338937288
205706005
205706004
205706003
205706002
205706009
205706008
338937283
1391958000000
138586695
138586697
42750
337100890
338937277
33250
337100890
338937278
23750
337100890
338937280
16150
337100890
338937281
10000
337100890
338937282
205705994
205706006
205706005
205706007
205706009
205706008
338937277
205705999
205705998
205705994
205706006
205706005
205706004
205706003
205706002
205706007
205706009
205706008
338937278
205705998
205705994
205706006
205706005
205706004
205705995
205705996
205706003
205706002
205705993
205706007
205706009
205706008
338937280
205705994
205706006
205706005
205706004
205706003
205706002
205706001
205706000
205706009
205706008
338937281
205706005
205706004
205706003
205706002
205706009
205706008
338937282
1392145200000
341181240
341181448
57000
337100890
341179212
42750
337100890
341179213
32300
337100890
341179214
20900
337100890
341179215
10000
337100890
341179216
205705999
205705998
205705994
205706006
205706005
205706004
205705995
205705996
205706003
205706002
205705993
205706001
205706000
205706007
205706009
205706008
341179212
205705999
205705994
205706006
205706005
205706004
205706003
205706002
205706007
205706009
205706008
341179213
205705994
205706006
205706005
205706004
205705995
205705996
205706003
205705993
205706007
205706009
205706008
341179214
205706004
205705996
205706003
205706002
205706001
205706000
205706009
341179215
205706004
205706003
205706002
205706007
205706009
205706008
341179216
1392231600000
341181240
341181447
57000
337100890
341179212
42750
337100890
341179213
32300
337100890
341179214
20900
337100890
341179215
10000
337100890
341179216
205705999
205705998
205705994
205706006
205706005
205706004
205705995
205705996
205706003
205706002
205705993
205706001
205706000
205706007
205706009
205706008
341179212
205705999
205705994
205706006
205706005
205706004
205706003
205706002
205706007
205706009
205706008
341179213
205706006
205706005
205706004
205705995
205705996
205706003
205705993
205706007
205706009
205706008
341179214
205706004
205705996
205706003
205706002
205706001
205706000
205706009
341179215
205706004
205706003
205706002
205706007
205706009
205706008
341179216
1392318000000
138586699
138586701
15000
337100890
341264872
205705999
205705998
205705994
205706006
205706005
205706004
205705995
205705996
205706003
205706002
205705993
205706001
205706000
205706007
205706009
205706008
341264872
1392404400000
138586703
138586705
57000
337100890
338937284
42750
337100890
338937285
32300
337100890
338937287
20900
337100890
338937288
205705994
205706006
205706005
205706007
205706009
205706008
338937284
205705999
205705998
205705994
205706006
205706005
205706004
205706003
205706002
205706007
205706009
205706008
338937285
205705998
205705994
205706006
205706005
205706004
205705995
205705996
205706003
205706002
205705993
205706007
205706009
205706008
338937287
205705994
205706006
205706005
205706004
205706003
205706002
205706001
205706000
205706009
205706008
338937288
1392490800000
138586707
138586709
80750
337100890
338937284
61750
337100890
338937285
42750
337100890
338937287
28500
337100890
338937288
205705994
205706006
205706005
205706007
205706009
205706008
338937284
205705999
205705998
205705994
205706006
205706005
205706004
205706003
205706002
205706007
205706009
205706008
338937285
205705998
205705994
205706006
205706005
205706004
205705995
205705996
205706003
205706002
205705993
205706007
205706009
205706008
338937287
205705994
205706006
205706005
205706004
205706003
205706002
205706001
205706000
205706009
205706008
338937288
1392562800000
138586711
138586713
80750
337100890
338937277
61750
337100890
338937278
42750
337100890
338937280
28500
337100890
338937281
205705994
205706006
205706005
205706007
205706009
205706008
338937277
205705999
205705998
205705994
205706006
205706005
205706004
205706003
205706002
205706007
205706009
205706008
338937278
205705998
205705994
205706006
205706005
205706004
205705995
205705996
205706003
205706002
205705993
205706007
205706009
205706008
338937280
205705994
205706006
205706005
205706004
205706003
205706002
205706001
205706000
205706009
205706008
338937281
1392663600000
138586715
138586717
80750
337100890
338937277
61750
337100890
338937278
42750
337100890
338937280
28500
337100890
338937281
205705994
205706006
205706005
205706007
205706009
205706008
338937277
205705999
205705998
205705994
205706006
205706005
205706004
205706003
205706002
205706007
205706009
205706008
338937278
205705998
205705994
205706006
205706005
205706004
205705995
205705996
205706003
205706002
205705993
205706007
205706009
205706008
338937280
205705994
205706006
205706005
205706004
205706003
205706002
205706001
205706000
205706009
205706008
338937281
1392750000000
341181248
341181462
57000
337100890
341179212
42750
337100890
341179213
32300
337100890
341179214
20900
337100890
341179215
10000
337100890
341179216
205705999
205705998
205705994
205706006
205706005
205706004
205705995
205705996
205706003
205706002
205705993
205706001
205706000
205706007
205706009
205706008
341179212
205705999
205705994
205706006
205706005
205706004
205706003
205706002
205706007
205706009
205706008
341179213
205705994
205706006
205706005
205706004
205705995
205705996
205706003
205705993
205706007
205706009
205706008
341179214
205706004
205705996
205706003
205706002
205706001
205706000
205706009
341179215
205706004
205706003
205706002
205706007
205706009
205706008
341179216
1392836400000
138586719
138586721
42750
337100890
339086196
28500
337100890
339086197
205705999
205705998
205705994
205706006
205706005
205706004
205706003
205706002
205706007
205706009
205706008
339086196
205705999
205705998
205705994
205706006
205706005
205706004
205705995
205705996
205706003
205706002
205705993
205706001
205706000
205706007
205706009
205706008
339086197
1393095600000
138586723
138586729
42750
337100890
338937307
33250
337100890
338937308
23750
337100890
338937310
16150
337100890
338937311
10000
337100890
338937312
205705994
205706006
205706005
205706007
205706009
205706008
338937307
205705999
205705998
205705994
205706006
205706005
205706004
205706003
205706002
205706007
205706009
205706008
338937308
205705998
205705994
205706006
205706005
205706004
205705995
205705996
205706003
205706002
205705993
205706007
205706009
205706008
338937310
205705994
205706006
205706005
205706004
205705995
205705996
205706003
205706002
205706001
205706000
205706009
205706008
338937311
205706006
205706005
205706004
205706003
205706002
205706009
205706008
338937312
1393678800000
138586723
138586725
42750
337100890
338937307
33250
337100890
338937308
23750
337100890
338937310
16150
337100890
338937311
10000
337100890
338937312
205705994
205706006
205706005
205706007
205706009
205706008
338937307
205705999
205705998
205705994
205706006
205706005
205706004
205706003
205706002
205706007
205706009
205706008
338937308
205705998
205705994
205706006
205706005
205706004
205705995
205705996
205706003
205706002
205705993
205706007
205706009
205706008
338937310
205705994
205706006
205706005
205706004
205705995
205705996
205706003
205706002
205706001
205706000
205706009
205706008
338937311
205706006
205706005
205706004
205706003
205706002
205706009
205706008
338937312
1393693200000
138586723
138586727
42750
337100890
338937307
33250
337100890
338937308
23750
337100890
338937310
16150
337100890
338937311
10000
337100890
338937312
205705994
205706006
205706005
205706007
205706009
205706008
338937307
205705999
205705998
205705994
205706006
205706005
205706004
205706003
205706002
205706007
205706009
205706008
338937308
205705998
205705994
205706006
205706005
205706004
205705995
205705996
205706003
205706002
205705993
205706007
205706009
205706008
338937310
205705994
205706006
205706005
205706004
205705995
205705996
205706003
205706002
205706001
205706000
205706009
205706008
338937311
205706006
205706005
205706004
205706003
205706002
205706009
205706008
338937312
1393754400000
138586731
138586733
28500
337100890
338937277
23750
337100890
338937278
19000
337100890
338937280
14250
337100890
338937281
10000
337100890
338937282
205705994
205706006
205706005
205706007
205706009
205706008
338937277
205705999
205705998
205705994
205706006
205706005
205706004
205706003
205706002
205706007
205706009
205706008
338937278
205705998
205705994
205706006
205706005
205706004
205705995
205705996
205706003
205706002
205705993
205706007
205706009
205706008
338937280
205705994
205706006
205706005
205706004
205706003
205706002
205706001
205706000
205706009
205706008
338937281
205706005
205706004
205706003
205706002
205706009
205706008
338937282
1393959600000
341181249
341181463
57000
337100890
340826016
42750
337100890
340826017
32300
337100890
340826015
20900
337100890
340826018
10000
337100890
340826019
205705999
205705998
205705994
205706006
205706005
205706004
205705995
205705996
205706003
205706002
205705993
205706001
205706000
205706007
205706009
205706008
340826016
205705999
205705994
205706006
205706005
205706004
205706003
205706002
205706007
205706009
205706008
340826017
205705994
205706006
205706005
205706004
205705995
205705996
205706003
205706007
205706009
340826015
205706004
205705996
205706003
205706002
205706009
340826018
205706004
205706003
205706002
205706007
205706009
205706008
340826019
1394046000000
341181249
341181464
57000
337100890
340826016
42750
337100890
340826017
32300
337100890
340826015
20900
337100890
340826018
10000
337100890
340826019
205705999
205705998
205705994
205706006
205706005
205706004
205705995
205705996
205706003
205706002
205705993
205706001
205706000
205706007
205706009
205706008
340826016
205705999
205705994
205706006
205706005
205706004
205706003
205706002
205706007
205706009
205706008
340826017
205705994
205706006
205706005
205706004
205705995
205705996
205706003
205706007
205706009
340826015
205706004
205705996
205706003
205706002
205706009
340826018
205706004
205706003
205706002
205706007
205706009
205706008
340826019
1394132400000
138586735
138586737
57000
337100890
339086210
42750
337100890
339086211
32300
337100890
339086213
20900
337100890
339086214
205705994
205706006
205706005
205706007
205706009
205706008
339086210
205705999
205705998
205705994
205706006
205706005
205706004
205706003
205706002
205706007
205706009
205706008
339086211
205705998
205705994
205706006
205706005
205706004
205705995
205705996
205706003
205706002
205705993
205706007
205706009
205706008
339086213
205705994
205706006
205706005
205706004
205705995
205705996
205706003
205706002
205706001
205706000
205706009
205706008
339086214
1394218800000
138586743
138586745
42750
337100890
338937284
33250
337100890
338937285
23750
337100890
338937287
16150
337100890
338937288
10000
337100890
338937283
205705994
205706006
205706005
205706007
205706009
205706008
338937284
205705999
205705998
205705994
205706006
205706005
205706004
205706003
205706002
205706007
205706009
205706008
338937285
205705998
205705994
205706006
205706005
205706004
205705995
205705996
205706003
205706002
205705993
205706007
205706009
205706008
338937287
205705994
205706006
205706005
205706004
205706003
205706002
205706001
205706000
205706009
205706008
338937288
205706005
205706004
205706003
205706002
205706009
205706008
338937283
1394305200000
138586747
138586749
42750
337100890
338937284
33250
337100890
338937285
23750
337100890
338937287
16150
337100890
338937288
10000
337100890
338937283
205705994
205706006
205706005
205706007
205706009
205706008
338937284
205705999
205705998
205705994
205706006
205706005
205706004
205706003
205706002
205706007
205706009
205706008
338937285
205705998
205705994
205706006
205706005
205706004
205705995
205705996
205706003
205706002
205705993
205706007
205706009
205706008
338937287
205705994
205706006
205706005
205706004
205706003
205706002
205706001
205706000
205706009
205706008
338937288
205706005
205706004
205706003
205706002
205706009
205706008
338937283
1394377200000
138586751
138586753
95000
337100890
338937277
76000
337100890
338937278
57000
337100890
338937280
33250
337100890
338937281
10000
337100890
338937282
205705994
205706006
205706005
205706007
205706009
205706008
338937277
205705999
205705998
205705994
205706006
205706005
205706004
205706003
205706002
205706007
205706009
205706008
338937278
205705998
205705994
205706006
205706005
205706004
205705995
205705996
205706003
205706002
205705993
205706007
205706009
205706008
338937280
205705994
205706006
205706005
205706004
205706003
205706002
205706001
205706000
205706009
205706008
338937281
205706005
205706004
205706003
205706002
205706009
205706008
338937282
1394478000000
341181244
341181455
57000
337100890
341179212
42750
337100890
341179213
32300
337100890
341179214
20900
337100890
341179215
10000
337100890
341179216
205705999
205705998
205705994
205706006
205706005
205706004
205705995
205705996
205706003
205706002
205705993
205706001
205706000
205706007
205706009
205706008
341179212
205705999
205705994
205706006
205706005
205706004
205706003
205706002
205706007
205706009
205706008
341179213
205705994
205706006
205706005
205706004
205705995
205705996
205706003
205705993
205706007
205706009
341179214
205706004
205705996
205706003
205706002
205706001
205706000
205706009
341179215
205706004
205706003
205706002
205706007
205706009
205706008
341179216
1394650800000
341181244
341181456
57000
337100890
341179212
42750
337100890
341179213
32300
337100890
341179214
20900
337100890
341179215
10000
337100890
341179216
205705999
205705998
205705994
205706006
205706005
205706004
205705995
205705996
205706003
205706002
205705993
205706001
205706000
205706007
205706009
205706008
341179212
205705999
205705994
205706006
205706005
205706004
205706003
205706002
205706007
205706009
205706008
341179213
205705994
205706006
205706005
205706004
205705995
205705996
205706003
205705993
205706007
205706009
341179214
205706004
205705996
205706003
205706002
205706001
205706000
205706009
341179215
205706004
205706003
205706002
205706007
205706009
205706008
341179216
1394737200000
138586755
138586757
80750
337100890
341264866
61750
337100890
341264867
42750
337100890
341264869
28500
337100890
341264870
205705994
205706006
205706005
205706007
205706009
205706008
341264866
205705999
205705998
205705994
205706006
205706005
205706004
205706003
205706002
205706007
205706009
205706008
341264867
205705998
205705994
205706006
205706005
205706004
205705995
205705996
205706003
205706002
205705993
205706007
205706009
205706008
341264869
205705994
205706006
205706005
205706004
205705995
205705996
205706003
205706002
205706001
205706000
205706009
205706008
341264870
1394823600000
138586759
138586761
80750
337100890
338937277
61750
337100890
338937278
42750
337100890
338937280
28500
337100890
338937281
205705994
205706006
205706005
205706007
205706009
205706008
338937277
205705999
205705998
205705994
205706006
205706005
205706004
205706003
205706002
205706007
205706009
205706008
338937278
205705998
205705994
205706006
205706005
205706004
205705995
205705996
205706003
205706002
205705993
205706007
205706009
205706008
338937280
205705994
205706006
205706005
205706004
205706003
205706002
205706001
205706000
205706009
205706008
338937281
1395082800000
151183114
151183116
90250
337100890
338937289
71250
337100890
338937290
52250
337100890
338937292
28500
337100890
338937293
205705994
205706006
205706005
205706007
205706009
205706008
338937289
205705999
205705998
205705994
205706006
205706005
205706004
205706003
205706002
205706007
205706009
205706008
338937290
205705998
205705994
205706006
205706005
205706004
205705995
205705996
205706003
205706002
205705993
205706007
205706009
205706008
338937292
205705994
205706006
205706005
205706004
205706003
205706002
205706001
205706000
205706009
205706008
338937293
1395169200000
138586771
138586773
80750
337100890
338937277
61750
337100890
338937278
42750
337100890
338937280
28500
337100890
338937281
205705994
205706006
205706005
205706007
205706009
205706008
338937277
205705999
205705998
205705994
205706006
205706005
205706004
205706003
205706002
205706007
205706009
205706008
338937278
205705998
205705994
205706006
205706005
205706004
205705995
205705996
205706003
205706002
205705993
205706007
205706009
205706008
338937280
205705994
205706006
205706005
205706004
205706003
205706002
205706001
205706000
205706009
205706008
338937281
1395255600000
138586775
138586777
95000
337100890
338937277
76000
337100890
338937278
57000
337100890
338937280
33250
337100890
338937281
10000
337100890
338937282
205705994
205706006
205706005
205706007
205706009
205706008
338937277
205705999
205705998
205705994
205706006
205706005
205706004
205706003
205706002
205706007
205706009
205706008
338937278
205705998
205705994
205706006
205706005
205706004
205705995
205705996
205706003
205706002
205705993
205706007
205706009
205706008
338937280
205705994
205706006
205706005
205706004
205706003
205706002
205706001
205706000
205706009
205706008
338937281
205706005
205706004
205706003
205706002
205706009
205706008
338937282
1395342000000
138586779
138586781
57000
337100890
339086210
42750
337100890
339086211
32300
337100890
339086213
20900
337100890
339086214
205705994
205706006
205706005
205706007
205706009
205706008
339086210
205705999
205705998
205705994
205706006
205706005
205706004
205706003
205706002
205706007
205706009
205706008
339086211
205705998
205705994
205706006
205706005
205706004
205705995
205705996
205706003
205706002
205705993
205706007
205706009
205706008
339086213
205705994
205706006
205706005
205706004
205705995
205705996
205706003
205706002
205706001
205706000
205706009
205706008
339086214
1395428400000
138586783
138586785
42750
337100890
338937241
33250
337100890
338937242
23750
337100890
338937244
16150
337100890
338937245
10000
337100890
338937246
205705994
205706006
205706005
205706007
205706009
205706008
338937241
205705999
205705998
205705994
205706006
205706005
205706004
205706003
205706002
205706007
205706009
205706008
338937242
205705998
205705994
205706006
205706005
205706004
205705995
205705996
205706003
205706002
205705993
205706007
205706009
205706008
338937244
205705994
205706006
205706005
205706004
205706003
205706002
205706001
205706000
205706009
205706008
338937245
205706005
205706004
205706003
205706002
205706009
205706008
338937246
1395500400000
138586787
138586789
28500
337100890
338937284
23750
337100890
338937285
19000
337100890
338937287
14250
337100890
338937288
10000
337100890
338937283
205705994
205706006
205706005
205706007
205706009
205706008
338937284
205705999
205705998
205705994
205706006
205706005
205706004
205706003
205706002
205706007
205706009
205706008
338937285
205705998
205705994
205706006
205706005
205706004
205705995
205705996
205706003
205706002
205705993
205706007
205706009
205706008
338937287
205705994
205706006
205706005
205706004
205706003
205706002
205706001
205706000
205706009
205706008
338937288
205706005
205706004
205706003
205706002
205706009
205706008
338937283
1395514800000
138586795
138586797
28500
337100890
338937235
23750
337100890
338937236
19000
337100890
338937238
14250
337100890
338937239
10000
337100890
338937240
205705994
205706006
205706005
205706007
205706009
205706008
338937235
205705999
205705998
205705994
205706006
205706005
205706004
205706003
205706002
205706007
205706009
205706008
338937236
205705998
205705994
205706006
205706005
205706004
205705995
205705996
205706003
205706002
205705993
205706007
205706009
205706008
338937238
205705994
205706006
205706005
205706004
205706003
205706002
205706001
205706000
205706009
205706008
338937239
205706005
205706004
205706003
205706002
205706007
205706009
205706008
338937240
1395586800000
341181246
341181459
57000
337100890
340826016
42750
337100890
340826017
32300
337100890
340826015
20900
337100890
340826018
10000
337100890
340826019
205705999
205705998
205705994
205706006
205706005
205706004
205705995
205705996
205706003
205706002
205705993
205706001
205706000
205706007
205706009
205706008
340826016
205705999
205705994
205706006
205706005
205706004
205706003
205706002
205706007
205706009
205706008
340826017
205705994
205706006
205706005
205706004
205705995
205705996
205706003
205706007
205706009
205706008
340826015
205706004
205705996
205706003
205706002
205706009
340826018
205706004
205706003
205706002
205706007
205706009
205706008
340826019
1395860400000
341181246
341181460
57000
337100890
340826016
42750
337100890
340826017
32300
337100890
340826015
20900
337100890
340826018
10000
337100890
340826019
205705999
205705998
205705994
205706006
205706005
205706004
205705995
205705996
205706003
205706002
205705993
205706001
205706000
205706007
205706009
205706008
340826016
205705999
205705994
205706006
205706005
205706004
205706003
205706002
205706007
205706009
205706008
340826017
205706006
205706005
205706004
205705995
205705996
205706003
205706007
205706009
205706008
340826015
205706004
205705996
205706003
205706002
205706009
340826018
205706004
205706003
205706002
205706007
205706009
205706008
340826019
1395946800000
138586799
138586801
57000
337100890
339086210
42750
337100890
339086211
32300
337100890
339086213
20900
337100890
339086214
205705994
205706006
205706005
205706007
205706009
205706008
339086210
205705999
205705998
205705994
205706006
205706005
205706004
205706003
205706002
205706007
205706009
205706008
339086211
205705998
205705994
205706006
205706005
205706004
205705995
205705996
205706003
205706002
205705993
205706007
205706009
205706008
339086213
205705994
205706006
205706005
205706004
205705995
205705996
205706003
205706002
205706001
205706000
205706009
205706008
339086214
1396033200000
138586803
138586805
90250
337100890
338937284
71250
337100890
338937285
52250
337100890
338937287
28500
337100890
338937288
205705994
205706006
205706005
205706007
205706009
205706008
338937284
205705999
205705998
205705994
205706006
205706005
205706004
205706003
205706002
205706007
205706009
205706008
338937285
205705998
205705994
205706006
205706005
205706004
205705995
205705996
205706003
205706002
205705993
205706007
205706009
205706008
338937287
205705994
205706006
205706005
205706004
205706003
205706002
205706001
205706000
205706009
205706008
338937288
1396191600000
138586807
138586809
104500
337100890
338937277
76000
337100890
338937278
57000
337100890
338937280
33250
337100890
338937281
10000
337100890
338937282
205705994
205706006
205706005
205706007
205706009
205706008
338937277
205705999
205705998
205705994
205706006
205706005
205706004
205706003
205706002
205706007
205706009
205706008
338937278
205705998
205705994
205706006
205706005
205706004
205705995
205705996
205706003
205706002
205705993
205706007
205706009
205706008
338937280
205705994
205706006
205706005
205706004
205706003
205706002
205706001
205706000
205706009
205706008
338937281
205706005
205706004
205706003
205706002
205706009
205706008
338937282
1396288800000
138586811
138586813
90250
337100890
338937277
71250
337100890
338937278
52250
337100890
338937280
28500
337100890
338937281
205705994
205706006
205706005
205706007
205706009
205706008
338937277
205705999
205705998
205705994
205706006
205706005
205706004
205706003
205706002
205706007
205706009
205706008
338937278
205705998
205705994
205706006
205706005
205706004
205705995
205705996
205706003
205706002
205705993
205706007
205706009
205706008
338937280
205705994
205706006
205706005
205706004
205706003
205706002
205706001
205706000
205706009
205706008
338937281
1396375200000
341181255
341181472
80750
337100890
341179212
61750
337100890
341179213
42750
337100890
341179214
28500
337100890
341179215
205705999
205705998
205705994
205706006
205706005
205706004
205705995
205705996
205706003
205706002
205705993
205706001
205706000
205706007
205706009
205706008
341179212
205705999
205705994
205706006
205706005
205706004
205706003
205706002
205706007
205706009
205706008
341179213
205705994
205706006
205706005
205706004
205705995
205705996
205706003
205705993
205706007
205706009
205706008
341179214
205706004
205705996
205706003
205706002
205706001
205706000
205706009
341179215
1396461600000
341181255
341181471
80750
337100890
341179212
61750
337100890
341179213
42750
337100890
341179214
28500
337100890
341179215
205705999
205705998
205705994
205706006
205706005
205706004
205705995
205705996
205706003
205706002
205705993
205706001
205706000
205706007
205706009
205706008
341179212
205705999
205705994
205706006
205706005
205706004
205706003
205706002
205706007
205706009
205706008
341179213
205705994
205706006
205706005
205706004
205705995
205705996
205706003
205705993
205706007
205706009
205706008
341179214
205706004
205705996
205706003
205706002
205706001
205706000
205706009
341179215
1396548000000
138586815
138586817
57000
337100890
339086210
42750
337100890
339086211
32300
337100890
339086213
20900
337100890
339086214
205705994
205706006
205706005
205706007
205706009
205706008
339086210
205705999
205705998
205705994
205706006
205706005
205706004
205706003
205706002
205706007
205706009
205706008
339086211
205705998
205705994
205706006
205706005
205706004
205705995
205705996
205706003
205706002
205705993
205706007
205706009
205706008
339086213
205705994
205706006
205706005
205706004
205705995
205705996
205706003
205706002
205706001
205706000
205706009
205706008
339086214
1396634400000
138586823
138586825
80750
337100890
338937284
61750
337100890
338937285
42750
337100890
338937287
28500
337100890
338937288
205705994
205706006
205706005
205706007
205706009
205706008
338937284
205705999
205705998
205705994
205706006
205706005
205706004
205706003
205706002
205706007
205706009
205706008
338937285
205705998
205705994
205706006
205706005
205706004
205705995
205705996
205706003
205706002
205705993
205706007
205706009
205706008
338937287
205705994
205706006
205706005
205706004
205706003
205706002
205706001
205706000
205706009
205706008
338937288
1396720800000
138586827
138586829
80750
337100890
338937284
61750
337100890
338937285
42750
337100890
338937287
28500
337100890
338937288
205705994
205706006
205706005
205706007
205706009
205706008
338937284
205705999
205705998
205705994
205706006
205706005
205706004
205706003
205706002
205706007
205706009
205706008
338937285
205705998
205705994
205706006
205706005
205706004
205705995
205705996
205706003
205706002
205705993
205706007
205706009
205706008
338937287
205705994
205706006
205706005
205706004
205706003
205706002
205706001
205706000
205706009
205706008
338937288
1396792800000
138586831
138586833
42750
337100890
338937277
33250
337100890
338937278
23750
337100890
338937280
16150
337100890
338937281
10000
337100890
338937282
205705994
205706006
205706005
205706007
205706009
205706008
338937277
205705999
205705998
205705994
205706006
205706005
205706004
205706003
205706002
205706007
205706009
205706008
338937278
205705998
205705994
205706006
205706005
205706004
205705995
205705996
205706003
205706002
205705993
205706007
205706009
205706008
338937280
205705994
205706006
205706005
205706004
205706003
205706002
205706001
205706000
205706009
205706008
338937281
205706005
205706004
205706003
205706002
205706009
205706008
338937282
1396893600000
138586835
138586837
42750
337100890
338937277
33250
337100890
338937278
23750
337100890
338937280
16150
337100890
338937281
10000
337100890
338937282
205705994
205706006
205706005
205706007
205706009
205706008
338937277
205705999
205705998
205705994
205706006
205706005
205706004
205706003
205706002
205706007
205706009
205706008
338937278
205705998
205705994
205706006
205706005
205706004
205705995
205705996
205706003
205706002
205705993
205706007
205706009
205706008
338937280
205705994
205706006
205706005
205706004
205706003
205706002
205706001
205706000
205706009
205706008
338937281
205706005
205706004
205706003
205706002
205706009
205706008
338937282
1396980000000
341181256
341181473
57000
337100890
341179212
42750
337100890
341179213
32300
337100890
341179214
20900
337100890
341179215
10000
337100890
341179216
205705999
205705998
205705994
205706006
205706005
205706004
205705995
205705996
205706003
205706002
205705993
205706001
205706000
205706007
205706009
205706008
341179212
205705999
205705994
205706006
205706005
205706004
205706003
205706002
205706007
205706009
205706008
341179213
205705994
205706006
205706005
205706004
205705995
205705996
205706003
205705993
205706007
205706009
205706008
341179214
205706004
205705996
205706003
205706002
205706001
205706000
205706009
341179215
205706004
205706003
205706002
205706007
205706009
205706008
341179216
1397066400000
341181256
341181474
57000
337100890
341179212
42750
337100890
341179213
32300
337100890
341179214
20900
337100890
341179215
10000
337100890
341179216
205705999
205705998
205705994
205706006
205706005
205706004
205705995
205705996
205706003
205706002
205705993
205706001
205706000
205706007
205706009
205706008
341179212
205705999
205705994
205706006
205706005
205706004
205706003
205706002
205706007
205706009
205706008
341179213
205705994
205706006
205706005
205706004
205705995
205705996
205706003
205705993
205706007
205706009
205706008
341179214
205706004
205705996
205706003
205706002
205706001
205706000
205706009
341179215
205706004
205706003
205706002
205706007
205706009
205706008
341179216
1397152800000
138586839
138586841
57000
337100890
341264866
42750
337100890
341264867
32300
337100890
341264869
20900
337100890
341264870
205705994
205706006
205706005
205706007
205706009
205706008
341264866
205705999
205705998
205705994
205706006
205706005
205706004
205706003
205706002
205706007
205706009
205706008
341264867
205705998
205705994
205706006
205706005
205706004
205705995
205705996
205706003
205706002
205705993
205706007
205706009
205706008
341264869
205705994
205706006
205706005
205706004
205705995
205705996
205706003
205706002
205706001
205706000
205706009
205706008
341264870
1397239200000
138586843
138586845
42750
337100890
338937284
33250
337100890
338937285
23750
337100890
338937287
16150
337100890
338937288
10000
337100890
338937283
205705994
205706006
205706005
205706007
205706009
205706008
338937284
205705999
205705998
205705994
205706006
205706005
205706004
205706003
205706002
205706007
205706009
205706008
338937285
205705998
205705994
205706006
205706005
205706004
205705995
205705996
205706003
205706002
205705993
205706007
205706009
205706008
338937287
205705994
205706006
205706005
205706004
205706003
205706002
205706001
205706000
205706009
205706008
338937288
205706005
205706004
205706003
205706002
205706009
205706008
338937283
1397311200000
138586847
138586849
42750
337100890
338937284
33250
337100890
338937285
23750
337100890
338937287
16150
337100890
338937288
10000
337100890
338937283
205705994
205706006
205706005
205706007
205706009
205706008
338937284
205705999
205705998
205705994
205706006
205706005
205706004
205706003
205706002
205706007
205706009
205706008
338937285
205705998
205705994
205706006
205706005
205706004
205705995
205705996
205706003
205706002
205705993
205706007
205706009
205706008
338937287
205705994
205706006
205706005
205706004
205706003
205706002
205706001
205706000
205706009
205706008
338937288
205706005
205706004
205706003
205706002
205706009
205706008
338937283
1397325600000
138586851
138586853
42750
337100890
338937284
33250
337100890
338937285
23750
337100890
338937287
16150
337100890
338937288
10000
337100890
338937283
205705994
205706006
205706005
205706007
205706009
205706008
338937284
205705999
205705998
205705994
205706006
205706005
205706004
205706003
205706002
205706007
205706009
205706008
338937285
205705998
205705994
205706006
205706005
205706004
205705995
205705996
205706003
205706002
205705993
205706007
205706009
205706008
338937287
205705994
205706006
205706005
205706004
205706003
205706002
205706001
205706000
205706009
205706008
338937288
205706005
205706004
205706003
205706002
205706009
205706008
338937283
1397397600000
138586855
138586857
80750
337100890
338937277
61750
337100890
338937278
42750
337100890
338937280
28500
337100890
338937281
205705994
205706006
205706005
205706007
205706009
205706008
338937277
205705999
205705998
205705994
205706006
205706005
205706004
205706003
205706002
205706007
205706009
205706008
338937278
205705998
205705994
205706006
205706005
205706004
205705995
205705996
205706003
205706002
205705993
205706007
205706009
205706008
338937280
205705994
205706006
205706005
205706004
205706003
205706002
205706001
205706000
205706009
205706008
338937281
1397498400000
138586859
138586861
80750
337100890
338937277
61750
337100890
338937278
42750
337100890
338937280
28500
337100890
338937281
205705994
205706006
205706005
205706007
205706009
205706008
338937277
205705999
205705998
205705994
205706006
205706005
205706004
205706003
205706002
205706007
205706009
205706008
338937278
205705998
205705994
205706006
205706005
205706004
205705995
205705996
205706003
205706002
205705993
205706007
205706009
205706008
338937280
205705994
205706006
205706005
205706004
205706003
205706002
205706001
205706000
205706009
205706008
338937281
1397584800000
138586863
138586865
57000
337100890
338937277
42750
337100890
338937278
32300
337100890
338937280
20900
337100890
338937281
205705994
205706006
205706005
205706007
205706009
205706008
338937277
205705999
205705998
205705994
205706006
205706005
205706004
205706003
205706002
205706007
205706009
205706008
338937278
205705998
205705994
205706006
205706005
205706004
205705995
205705996
205706003
205706002
205705993
205706007
205706009
205706008
338937280
205705994
205706006
205706005
205706004
205706003
205706002
205706001
205706000
205706009
205706008
338937281
1397930400000
341181251
341181466
80750
337100890
341179212
61750
337100890
341179213
42750
337100890
341179214
28500
337100890
341179215
205705999
205705998
205705994
205706006
205706005
205706004
205705995
205705996
205706003
205706002
205705993
205706001
205706000
205706007
205706009
205706008
341179212
205705999
205705994
205706006
205706005
205706004
205706003
205706002
205706007
205706009
205706008
341179213
205705994
205706006
205706005
205706004
205705995
205705996
205706003
205705993
205706007
205706009
205706008
341179214
205706004
205705996
205706003
205706002
205706001
205706000
205706009
341179215
1398276000000
341181253
341181468
80750
337100890
341179212
61750
337100890
341179213
42750
337100890
341179214
28500
337100890
341179215
205705999
205705998
205705994
205706006
205706005
205706004
205705995
205705996
205706003
205706002
205705993
205706001
205706000
205706007
205706009
205706008
341179212
205705999
205705994
205706006
205706005
205706004
205706003
205706002
205706007
205706009
205706008
341179213
205705994
205706006
205706005
205706004
205705995
205705996
205706003
205705993
205706007
205706009
205706008
341179214
205706004
205705996
205706003
205706002
205706001
205706000
205706009
341179215
1398362400000
138586867
138586869
57000
337100890
339086210
42750
337100890
339086211
32300
337100890
339086213
20900
337100890
339086214
205705994
205706006
205706005
205706007
205706009
205706008
339086210
205705999
205705998
205705994
205706006
205706005
205706004
205706003
205706002
205706007
205706009
205706008
339086211
205705998
205705994
205706006
205706005
205706004
205705995
205705996
205706003
205706002
205705993
205706007
205706009
205706008
339086213
205705994
205706006
205706005
205706004
205705995
205705996
205706003
205706002
205706001
205706000
205706009
205706008
339086214
1398448800000
138586871
138586873
42750
337100890
339086196
28500
337100890
339086197
205705999
205705998
205705994
205706006
205706005
205706004
205706003
205706002
205706007
205706009
205706008
339086196
205705999
205705998
205705994
205706006
205706005
205706004
205705995
205705996
205706003
205706002
205705993
205706001
205706000
205706007
205706009
205706008
339086197
1398607200000
138586875
138586877
95000
337100890
338937277
76000
337100890
338937278
57000
337100890
338937280
33250
337100890
338937281
10000
337100890
338937282
205705994
205706006
205706005
205706007
205706009
205706008
338937277
205705999
205705998
205705994
205706006
205706005
205706004
205706003
205706002
205706007
205706009
205706008
338937278
205705998
205705994
205706006
205706005
205706004
205705995
205705996
205706003
205706002
205705993
205706007
205706009
205706008
338937280
205705994
205706006
205706005
205706004
205706003
205706002
205706001
205706000
205706009
205706008
338937281
205706005
205706004
205706003
205706002
205706009
205706008
338937282
1398708000000
138586879
138586881
171000
337100890
338937277
123500
337100890
338937278
95000
337100890
338937280
66500
337100890
338937281
10000
337100890
338937282
205705994
205706006
205706005
205706007
205706009
205706008
338937277
205705999
205705998
205705994
205706006
205706005
205706004
205706003
205706002
205706007
205706009
205706008
338937278
205705998
205705994
205706006
205706005
205706004
205705995
205705996
205706003
205706002
205705993
205706007
205706009
205706008
338937280
205705994
205706006
205706005
205706004
205706003
205706002
205706001
205706000
205706009
205706008
338937281
205706005
205706004
205706003
205706002
205706009
205706008
338937282
1398794400000
138586883
138586887
33250
337100890
339086196
23750
337100890
339086197
205705999
205705998
205705994
205706006
205706005
205706004
205706003
205706002
205706007
205706009
205706008
339086196
205705999
205705998
205705994
205706006
205706005
205706004
205705995
205705996
205706003
205706002
205705993
205706001
205706000
205706007
205706009
205706008
339086197
1399125600000
138586883
138586885
33250
337100890
339086196
23750
337100890
339086197
205705999
205705998
205705994
205706006
205706005
205706004
205706003
205706002
205706007
205706009
205706008
339086196
205705999
205705998
205705994
205706006
205706005
205706004
205705995
205705996
205706003
205706002
205705993
205706001
205706000
205706007
205706009
205706008
339086197
1399140000000
138586889
138586891
57000
337100890
338937307
42750
337100890
338937308
32300
337100890
338937310
20900
337100890
338937311
205705994
205706006
205706005
205706007
205706009
205706008
338937307
205705999
205705998
205705994
205706006
205706005
205706004
205706003
205706002
205706007
205706009
205706008
338937308
205705998
205705994
205706006
205706005
205706004
205705995
205705996
205706003
205706002
205705993
205706007
205706009
205706008
338937310
205705994
205706006
205706005
205706004
205705995
205705996
205706003
205706002
205706001
205706000
205706009
205706008
338937311
1399312800000
138586893
138586895
28500
337100890
338937277
23750
337100890
338937278
19000
337100890
338937280
14250
337100890
338937281
10000
337100890
338937282
205705994
205706006
205706005
205706007
205706009
205706008
338937277
205705999
205705998
205705994
205706006
205706005
205706004
205706003
205706002
205706007
205706009
205706008
338937278
205705998
205705994
205706006
205706005
205706004
205705995
205705996
205706003
205706002
205705993
205706007
205706009
205706008
338937280
205705994
205706006
205706005
205706004
205706003
205706002
205706001
205706000
205706009
205706008
338937281
205706005
205706004
205706003
205706002
205706009
205706008
338937282
1399399200000
341181232
341181434
57000
337100890
341179212
42750
337100890
341179213
32300
337100890
341179214
20900
337100890
341179215
10000
337100890
341179216
205705999
205705998
205705994
205706006
205706005
205706004
205705995
205705996
205706003
205706002
205705993
205706001
205706000
205706007
205706009
205706008
341179212
205705999
205705994
205706006
205706005
205706004
205706003
205706002
205706007
205706009
205706008
341179213
205705994
205706006
205706005
205706004
205705995
205705996
205706003
205705993
205706007
205706009
205706008
341179214
205706004
205705996
205706003
205706002
205706001
205706000
205706009
341179215
205706004
205706003
205706002
205706007
205706009
205706008
341179216
1399485600000
138586897
138586899
95000
337100890
338937277
76000
337100890
338937278
57000
337100890
338937280
33250
337100890
338937281
10000
337100890
338937282
205705994
205706006
205706005
205706007
205706009
205706008
338937277
205705999
205705998
205705994
205706006
205706005
205706004
205706003
205706002
205706007
205706009
205706008
338937278
205705998
205705994
205706006
205706005
205706004
205705995
205705996
205706003
205706002
205705993
205706007
205706009
205706008
338937280
205705994
205706006
205706005
205706004
205706003
205706002
205706001
205706000
205706009
205706008
338937281
205706005
205706004
205706003
205706002
205706009
205706008
338937282
1399917600000
138586901
138586903
95000
337100890
338937277
76000
337100890
338937278
57000
337100890
338937280
33250
337100890
338937281
10000
337100890
338937282
205705994
205706006
205706005
205706007
205706009
205706008
338937277
205705999
205705998
205705994
205706006
205706005
205706004
205706003
205706002
205706007
205706009
205706008
338937278
205705998
205705994
205706006
205706005
205706004
205705995
205705996
205706003
205706002
205705993
205706007
205706009
205706008
338937280
205705994
205706006
205706005
205706004
205706003
205706002
205706001
205706000
205706009
205706008
338937281
205706005
205706004
205706003
205706002
205706009
205706008
338937282
1400176800000
138586905
138586907
57000
337100890
339086210
42750
337100890
339086211
32300
337100890
339086213
20900
337100890
339086214
205705994
205706006
205706005
205706007
205706009
205706008
339086210
205705999
205705998
205705994
205706006
205706005
205706004
205706003
205706002
205706007
205706009
205706008
339086211
205705998
205705994
205706006
205706005
205706004
205705995
205705996
205706003
205706002
205705993
205706007
205706009
205706008
339086213
205705994
205706006
205706005
205706004
205705995
205705996
205706003
205706002
205706001
205706000
205706009
205706008
339086214
1400263200000
138586909
138586911
80750
337100890
338937284
61750
337100890
338937285
42750
337100890
338937287
28500
337100890
338937288
205705994
205706006
205706005
205706007
205706009
205706008
338937284
205705999
205705998
205705994
205706006
205706005
205706004
205706003
205706002
205706007
205706009
205706008
338937285
205705998
205705994
205706006
205706005
205706004
205705995
205705996
205706003
205706002
205705993
205706007
205706009
205706008
338937287
205705994
205706006
205706005
205706004
205706003
205706002
205706001
205706000
205706009
205706008
338937288
1400349600000
138586917
138586919
28500
337100890
338937235
23750
337100890
338937236
19000
337100890
338937238
14250
337100890
338937239
10000
337100890
338937240
205705994
205706006
205706005
205706007
205706009
205706008
338937235
205705999
205705998
205705994
205706006
205706005
205706004
205706003
205706002
205706007
205706009
205706008
338937236
205705998
205705994
205706006
205706005
205706004
205705995
205705996
205706003
205706002
205705993
205706007
205706009
205706008
338937238
205705994
205706006
205706005
205706004
205706003
205706002
205706001
205706000
205706009
205706008
338937239
205706005
205706004
205706003
205706002
205706009
205706008
338937240
1400421600000
341181259
341181480
80750
337100890
340826016
61750
337100890
340826017
42750
337100890
340826015
28500
337100890
340826018
205705999
205705998
205705994
205706006
205706005
205706004
205705995
205705996
205706003
205706002
205705993
205706001
205706000
205706007
205706009
205706008
340826016
205705999
205705994
205706006
205706005
205706004
205706003
205706002
205706007
205706009
205706008
340826017
205705994
205706006
205706005
205706004
205705995
205705996
205706003
205706007
205706009
205706008
340826015
205706004
205705996
205706003
205706002
205706009
340826018
1400695200000
341181259
341181479
80750
337100890
340826016
61750
337100890
340826017
42750
337100890
340826015
28500
337100890
340826018
205705999
205705998
205705994
205706006
205706005
205706004
205705995
205705996
205706003
205706002
205705993
205706001
205706000
205706007
205706009
205706008
340826016
205705999
205705994
205706006
205706005
205706004
205706003
205706002
205706007
205706009
205706008
340826017
205705994
205706006
205706005
205706004
205705995
205705996
205706003
205706007
205706009
205706008
340826015
205706004
205705996
205706003
205706002
205706009
340826018
1400781600000
138586921
138586923
57000
337100890
339086210
42750
337100890
339086211
32300
337100890
339086213
20900
337100890
339086214
205705994
205706006
205706005
205706007
205706009
205706008
339086210
205705999
205705998
205705994
205706006
205706005
205706004
205706003
205706002
205706007
205706009
205706008
339086211
205705998
205705994
205706006
205706005
205706004
205705995
205705996
205706003
205706002
205705993
205706007
205706009
205706008
339086213
205705994
205706006
205706005
205706004
205705995
205705996
205706003
205706002
205706001
205706000
205706009
205706008
339086214
1400868000000
138586929
138586931
42750
337100890
338937241
33250
337100890
338937242
23750
337100890
338937244
16150
337100890
338937245
10000
337100890
338937246
205705994
205706006
205706005
205706007
205706009
205706008
338937241
205705999
205705998
205705994
205706006
205706005
205706004
205706003
205706002
205706007
205706009
205706008
338937242
205705998
205705994
205706006
205706005
205706004
205705995
205705996
205706003
205706002
205705993
205706007
205706009
205706008
338937244
205705994
205706006
205706005
205706004
205706003
205706002
205706001
205706000
205706009
205706008
338937245
205706005
205706004
205706003
205706002
205706009
205706008
338937246
1400940000000
138586933
138586935
57000
337100890
339086196
42750
337100890
339086197
205705999
205705998
205705994
205706006
205706005
205706004
205706003
205706002
205706007
205706009
205706008
339086196
205705999
205705998
205705994
205706006
205706005
205706004
205705995
205705996
205706003
205706002
205705993
205706001
205706000
205706007
205706009
205706008
339086197
1401026400000
138586937
138586939
95000
337100890
338937277
76000
337100890
338937278
57000
337100890
338937280
33250
337100890
338937281
10000
337100890
338937282
205705994
205706006
205706005
205706007
205706009
205706008
338937277
205705999
205705998
205705994
205706006
205706005
205706004
205706003
205706002
205706007
205706009
205706008
338937278
205705998
205705994
205706006
205706005
205706004
205705995
205705996
205706003
205706002
205705993
205706007
205706009
205706008
338937280
205705994
205706006
205706005
205706004
205706003
205706002
205706001
205706000
205706009
205706008
338937281
205706005
205706004
205706003
205706002
205706009
205706008
338937282
1401127200000
138586941
138586943
57000
337100890
341264860
42750
337100890
341264861
32300
337100890
341264863
20900
337100890
341264864
205705994
205706006
205706005
205706007
205706009
205706008
341264860
205705999
205705998
205705994
205706006
205706005
205706004
205706003
205706002
205706007
205706009
205706008
341264861
205705998
205705994
205706006
205706005
205706004
205705995
205705996
205706003
205706002
205705993
205706007
205706009
205706008
341264863
205705994
205706006
205706005
205706004
205705995
205705996
205706003
205706002
205706001
205706000
205706009
205706008
341264864
1401472800000
138586945
138586947
57000
337100890
338937277
42750
337100890
338937278
32300
337100890
338937280
20900
337100890
338937281
205705994
205706006
205706005
205706007
205706009
205706008
338937277
205705999
205705998
205705994
205706006
205706005
205706004
205706003
205706002
205706007
205706009
205706008
338937278
205705998
205705994
205706006
205706005
205706004
205705995
205705996
205706003
205706002
205705993
205706007
205706009
205706008
338937280
205705994
205706006
205706005
205706004
205706003
205706002
205706001
205706000
205706009
205706008
338937281
1401730200000
138586949
138586951
57000
337100890
338937277
42750
337100890
338937278
32300
337100890
338937280
20900
337100890
338937281
205705994
205706006
205706005
205706007
205706009
205706008
338937277
205705999
205705998
205705994
205706006
205706005
205706004
205706003
205706002
205706007
205706009
205706008
338937278
205705998
205705994
205706006
205706005
205706004
205705995
205705996
205706003
205706002
205705993
205706007
205706009
205706008
338937280
205705994
205706006
205706005
205706004
205706003
205706002
205706001
205706000
205706009
205706008
338937281
1401818400000
138586953
138586955
95000
337100890
338937277
76000
337100890
338937278
57000
337100890
338937280
33250
337100890
338937281
10000
337100890
338937282
205705994
205706006
205706005
205706007
205706009
205706008
338937277
205705999
205705998
205705994
205706006
205706005
205706004
205706003
205706002
205706007
205706009
205706008
338937278
205705998
205705994
205706006
205706005
205706004
205705995
205705996
205706003
205706002
205705993
205706007
205706009
205706008
338937280
205705994
205706006
205706005
205706004
205706003
205706002
205706001
205706000
205706009
205706008
338937281
205706005
205706004
205706003
205706002
205706009
205706008
338937282
1401904800000
138586957
138586959
57000
337100890
338937277
42750
337100890
338937278
32300
337100890
338937280
20900
337100890
338937281
205705994
205706006
205706005
205706007
205706009
205706008
338937277
205705999
205705998
205705994
205706006
205706005
205706004
205706003
205706002
205706007
205706009
205706008
338937278
205705998
205705994
205706006
205706005
205706004
205705995
205705996
205706003
205706002
205705993
205706007
205706009
205706008
338937280
205705994
205706006
205706005
205706004
205706003
205706002
205706001
205706000
205706009
205706008
338937281
1401991200000
138586961
138586963
95000
337100890
338937284
76000
337100890
338937285
57000
337100890
338937287
33250
337100890
338937288
10000
337100890
338937283
205705994
205706006
205706005
205706007
205706009
205706008
338937284
205705999
205705998
205705994
205706006
205706005
205706004
205706003
205706002
205706007
205706009
205706008
338937285
205705998
205705994
205706006
205706005
205706004
205705995
205705996
205706003
205706002
205705993
205706007
205706009
205706008
338937287
205705994
205706006
205706005
205706004
205706003
205706002
205706001
205706000
205706009
205706008
338937288
205706005
205706004
205706003
205706002
205706009
205706008
338937283
1402077600000
138586965
138586967
95000
337100890
338937277
76000
337100890
338937278
57000
337100890
338937280
33250
337100890
338937281
10000
337100890
338937282
205705994
205706006
205706005
205706007
205706009
205706008
338937277
205705999
205705998
205705994
205706006
205706005
205706004
205706003
205706002
205706007
205706009
205706008
338937278
205705998
205705994
205706006
205706005
205706004
205705995
205705996
205706003
205706002
205705993
205706007
205706009
205706008
338937280
205705994
205706006
205706005
205706004
205706003
205706002
205706001
205706000
205706009
205706008
338937281
205706005
205706004
205706003
205706002
205706009
205706008
338937282
1402423200000
341181258
341181477
57000
337100890
341179212
42750
337100890
341179213
32300
337100890
341179214
20900
337100890
341179215
10000
337100890
341179216
205705999
205705998
205705994
205706006
205706005
205706004
205705995
205705996
205706003
205706002
205705993
205706001
205706000
205706007
205706009
205706008
341179212
205705999
205705994
205706006
205706005
205706004
205706003
205706002
205706007
205706009
205706008
341179213
205705994
205706006
205706005
205706004
205705995
205705996
205706003
205705993
205706007
205706009
205706008
341179214
205706004
205705996
205706003
205706002
205706001
205706000
205706009
341179215
205706004
205706003
205706002
205706007
205706009
205706008
341179216
1402509600000
341181258
341181478
57000
337100890
341179212
42750
337100890
341179213
32300
337100890
341179214
20900
337100890
341179215
10000
337100890
341179216
205705999
205705998
205705994
205706006
205706005
205706004
205705995
205705996
205706003
205706002
205705993
205706001
205706000
205706007
205706009
205706008
341179212
205705999
205705994
205706006
205706005
205706004
205706003
205706002
205706007
205706009
205706008
341179213
205705994
205706006
205706005
205706004
205705995
205705996
205706003
205705993
205706007
205706009
205706008
341179214
205706004
205705996
205706003
205706002
205706001
205706000
205706009
341179215
205706004
205706003
205706002
205706007
205706009
205706008
341179216
1402596000000
138586969
138586971
33250
337100890
339086196
23750
337100890
339086197
205705999
205705998
205705994
205706006
205706005
205706004
205706003
205706002
205706007
205706009
205706008
339086196
205705999
205705998
205705994
205706006
205706005
205706004
205705995
205705996
205706003
205706002
205705993
205706001
205706000
205706007
205706009
205706008
339086197
1402768800000
138586973
138586975
57000
337100890
338937284
42750
337100890
338937285
32300
337100890
338937287
20900
337100890
338937288
205705994
205706006
205706005
205706007
205706009
205706008
338937284
205705999
205705998
205705994
205706006
205706005
205706004
205706003
205706002
205706007
205706009
205706008
338937285
205705998
205705994
205706006
205706005
205706004
205705995
205705996
205706003
205706002
205705993
205706007
205706009
205706008
338937287
205705994
205706006
205706005
205706004
205706003
205706002
205706001
205706000
205706009
205706008
338937288
1402840800000
138586977
138586979
42750
337100890
338937277
33250
337100890
338937278
23750
337100890
338937280
16150
337100890
338937281
10000
337100890
338937282
205705994
205706006
205706005
205706007
205706009
205706008
338937277
205705999
205705998
205705994
205706006
205706005
205706004
205706003
205706002
205706007
205706009
205706008
338937278
205705998
205705994
205706006
205706005
205706004
205705995
205705996
205706003
205706002
205705993
205706007
205706009
205706008
338937280
205705994
205706006
205706005
205706004
205706003
205706002
205706001
205706000
205706009
205706008
338937281
205706005
205706004
205706003
205706002
205706009
205706008
338937282
1402941600000
138586981
138586983
123500
337100890
338937289
85500
337100890
338937290
61750
337100890
338937292
38000
337100890
338937293
10000
337100890
338937294
205705994
205706006
205706005
205706007
205706009
205706008
338937289
205705999
205705998
205705994
205706006
205706005
205706004
205706003
205706002
205706007
205706009
205706008
338937290
205705998
205705994
205706006
205706005
205706004
205705995
205705996
205706003
205706002
205705993
205706007
205706009
205706008
338937292
205705994
205706006
205706005
205706004
205706003
205706002
205706001
205706000
205706009
205706008
338937293
205706005
205706004
205706003
205706002
205706009
205706008
338937294
1403028000000
341181257
341181475
57000
337100890
341179212
42750
337100890
341179213
32300
337100890
341179214
20900
337100890
341179215
10000
337100890
341179216
205705999
205705998
205705994
205706006
205706005
205706004
205705995
205705996
205706003
205706002
205705993
205706001
205706000
205706007
205706009
205706008
341179212
205705999
205705994
205706006
205706005
205706004
205706003
205706002
205706007
205706009
205706008
341179213
205705994
205706006
205706005
205706004
205705995
205705996
205706003
205705993
205706007
205706009
205706008
341179214
205706004
205705996
205706003
205706002
205706001
205706000
205706009
341179215
205706004
205706003
205706002
205706007
205706009
205706008
341179216
1403114400000
341181257
341181476
57000
337100890
341179212
42750
337100890
341179213
32300
337100890
341179214
20900
337100890
341179215
10000
337100890
341179216
205705999
205705998
205705994
205706006
205706005
205706004
205705995
205705996
205706003
205706002
205705993
205706001
205706000
205706007
205706009
205706008
341179212
205705999
205705994
205706006
205706005
205706004
205706003
205706002
205706007
205706009
205706008
341179213
205705994
205706006
205706005
205706004
205705995
205705996
205706003
205705993
205706007
205706009
205706008
341179214
205706004
205705996
205706003
205706002
205706001
205706000
205706009
341179215
205706004
205706003
205706002
205706007
205706009
205706008
341179216
1403200800000
341181247
341181461
57000
337100890
341179212
42750
337100890
341179213
32300
337100890
341179214
20900
337100890
341179215
10000
337100890
341179216
205705999
205705998
205705994
205706006
205706005
205706004
205705995
205705996
205706003
205706002
205705993
205706001
205706000
205706007
205706009
205706008
341179212
205705999
205705994
205706006
205706005
205706004
205706003
205706002
205706007
205706009
205706008
341179213
205705994
205706006
205706005
205706004
205705995
205705996
205706003
205705993
205706007
205706009
205706008
341179214
205706004
205705996
205706003
205706002
205706001
205706000
205706009
341179215
205706004
205706003
205706002
205706007
205706009
205706008
341179216
1403719200000
138586989
138586991
152000
337100890
338937284
104500
337100890
338937285
76000
337100890
338937287
52250
337100890
338937288
10000
337100890
338937283
205705994
205706006
205706005
205706007
205706009
205706008
338937284
205705999
205705998
205705994
205706006
205706005
205706004
205706003
205706002
205706007
205706009
205706008
338937285
205705998
205705994
205706006
205706005
205706004
205705995
205705996
205706003
205706002
205705993
205706007
205706009
205706008
338937287
205705994
205706006
205706005
205706004
205706003
205706002
205706001
205706000
205706009
205706008
338937288
205706005
205706004
205706003
205706002
205706009
205706008
338937283
1403892000000
138586993
138586995
123500
337100890
338937277
85500
337100890
338937278
61750
337100890
338937280
38000
337100890
338937281
10000
337100890
338937282
205705994
205706006
205706005
205706007
205706009
205706008
338937277
205705999
205705998
205705994
205706006
205706005
205706004
205706003
205706002
205706007
205706009
205706008
338937278
205705998
205705994
205706006
205706005
205706004
205705995
205705996
205706003
205706002
205705993
205706007
205706009
205706008
338937280
205705994
205706006
205706005
205706004
205706003
205706002
205706001
205706000
205706009
205706008
338937281
205706005
205706004
205706003
205706002
205706009
205706008
338937282
1404324000000
138586997
138586999
123500
337100890
338937277
85500
337100890
338937278
61750
337100890
338937280
38000
337100890
338937281
10000
337100890
338937282
205705994
205706006
205706005
205706007
205706009
205706008
338937277
205705999
205705998
205705994
205706006
205706005
205706004
205706003
205706002
205706007
205706009
205706008
338937278
205705998
205705994
205706006
205706005
205706004
205705995
205705996
205706003
205706002
205705993
205706007
205706009
205706008
338937280
205705994
205706006
205706005
205706004
205706003
205706002
205706001
205706000
205706009
205706008
338937281
205706005
205706004
205706003
205706002
205706009
205706008
338937282
1404410400000
337184283
337184267
337184299
337184268
337184288
337184284
337184263
337184298
337184269
337184280
337184297
337184281
337184296
337184279
337184275
337184262
337184292
337184273
337184282
