window_id,macro_route,macro_cgcs_score,macro_switch_rate,child_switch_rate,policy_switch_rate,macro_compression_residual,compressed_route_stability,macro_route_changed,rolling_route_switch,rolling_pressure,rolling_cgcs_mean,rolling_cgcs_std,rolling_residual,rolling_stability,adaptive_accept_threshold,adaptive_watch_threshold,fixed_gate,adaptive_gate,cgcs_slope,pressure_slope,adaptive_margin_to_watch,adaptive_margin_to_accept,early_decompression_candidate,adaptive_gated_route,fixed_gated_route,fixed_gated_switch_rate,adaptive_gated_switch_rate,fixed_stability_score,adaptive_stability_score
0,macro_1,0.5191054488896942,0.5256353148388725,0.7406009572031262,0.6297397420077664,0.1272764816174976,0.5361957646895619,True,1.0,0.6528393007382721,0.5191054488896942,0.0,0.1272764816174976,0.5361957646895619,0.7300248577957121,0.5186180644350052,watch,watch,0.0,0.0,0.0004873844546889883,-0.2109194089060179,False,macro_1,macro_1,1.0,1.0,0.35,0.35
1,macro_3,0.5003842564605963,0.6908384028585641,0.5217251981470236,0.6434979338571072,0.0010108277900628126,0.5491998093894332,True,1.0,0.6602402224413653,0.5097448526751452,0.013237882118513433,0.06414365470378021,0.5426977870394976,0.7275158491326845,0.5168825886426025,watch,fallback,-0.018721192429097977,0.007400921703093144,-0.016498332182006248,-0.22713159267208827,True,adaptive_fallback,macro_3,1.0,1.0,0.35,0.0
2,macro_1,0.6391872986018345,0.4126128870683573,0.7857786192854158,0.8004085228774339,0.1519871569095435,0.19745547627459198,True,1.0,0.6606907950835953,0.5528923346507083,0.07531757008817039,0.09342482210570131,0.427617016784529,0.7434906130989929,0.5280942060374165,watch,watch,0.060040924856070155,0.003925747172661587,0.11109309256441802,-0.10430331449715835,False,macro_1,macro_1,1.0,1.0,0.24999999999999997,0.35
3,macro_3,0.32153659877060803,0.5499812183262158,0.6430845593378549,0.1797595979942188,0.09007358634509885,0.19208106659206164,True,1.0,0.6269439779785726,0.49505340068068326,0.13100837138829458,0.0925870131655507,0.36873302923641216,0.7492316459599409,0.5320159958003522,fallback,fallback,-0.06585628337302873,-0.008631774253233174,-0.21047939702974416,-0.4276950471893328,True,adaptive_fallback,fixed_fallback,1.0,1.0,0.09999999999999998,0.0
4,macro_2,0.4875883174963731,0.7642587323947257,0.581844706626247,0.6629981375372653,0.06561280752817165,0.7145013341848792,True,1.0,0.6449380231826117,0.4935603840438212,0.11350568498427611,0.08719217203807489,0.43788669022610555,0.7437748522211993,0.5280354313399532,fallback,fallback,-0.007879282848330282,-0.0019753193889150977,-0.04044711384358013,-0.2561865347248262,True,adaptive_fallback,fixed_fallback,0.8,0.8,0.22999999999999998,0.12999999999999998
5,macro_3,0.5147925970250274,0.49530587301661055,0.4748220657876615,0.6496677776503209,0.12315148139106023,0.5971756475637292,True,1.0,0.6339891543298665,0.4970990862073556,0.10189193735037624,0.09318539026357243,0.4644348497823762,0.7399866058542409,0.5253351622942097,watch,fallback,-0.0008625703729333578,-0.003770029281681131,-0.010542565269182291,-0.22519400882921348,True,adaptive_fallback,macro_3,0.8333333333333334,0.6666666666666666,0.45833333333333326,0.21666666666666665
6,macro_1,0.6860790454333248,0.5678407727401036,0.6892163487741543,0.5346913440591079,0.16872880354531566,0.302908715029918,True,1.0,0.6338640226119365,0.5240962232396369,0.11727555984271654,0.10397730644667862,0.44135968767488215,0.7436983104214211,0.5279117705723455,watch,watch,0.0371389577945457,-0.005275239965885747,0.15816727486097926,-0.05761926498809633,False,macro_1,macro_1,0.8571428571428571,0.7142857142857143,0.34285714285714286,0.5357142857142857
7,macro_0,0.4108271154968156,0.9656075044042471,0.6346121781088987,0.42146975205492343,0.17821368225579134,0.46417794717367056,True,1.0,0.6484139553232763,0.5099375847717842,0.11572596698437682,0.11325685342281772,0.4442119701122307,0.7453579264874683,0.5290528311520271,fallback,fallback,-0.04567203662100379,-0.0024553679520638028,-0.11822571565521145,-0.33453081099065274,True,adaptive_fallback,fixed_fallback,0.875,0.75,0.08125000000000002,0.16249999999999995
8,macro_1,0.2065524870943291,0.5830553769269207,1.0,0.6751366486101654,0.02877476711897449,0.4749955406813225,True,1.0,0.6599242172788355,0.4762281294742892,0.14813974278783115,0.1038699549446129,0.4476323668421298,0.7482652091002164,0.5308985385361668,fallback,fallback,-0.022996822335255785,0.00659604786005259,-0.32434605144183765,-0.5417127220058873,True,adaptive_fallback,fixed_fallback,0.7777777777777778,0.6666666666666666,0.24444444444444446,0.21666666666666665
9,macro_3,0.37775688352560255,0.8061157298794852,0.6348988750699386,0.5793168359662011,0.19126272442434133,0.6759211260517963,True,1.0,0.6665318175220348,0.4663810048794206,0.1430967018785922,0.11260923189258576,0.4704612427630964,0.7472205723949982,0.5300887570303896,fallback,fallback,-0.021966286794154112,0.00431875886788462,-0.15233187350478705,-0.3694636888693956,True,adaptive_fallback,fixed_fallback,0.7,0.6,0.19500000000000003,0.26
10,macro_3,0.5589376739061368,0.5516114574039256,0.3481371805485861,0.7364419956666739,0.10215768984920356,0.5105581050148414,False,0.9090909090909091,0.6506461411123395,0.47479524751821295,0.13859218502753612,0.11165909170682373,0.4741064120587097,0.7449230214511495,0.5284948180739909,watch,watch,0.008829015376221872,0.003331397356494614,0.0304428558321459,-0.18598534754501272,True,macro_3,macro_3,0.7272727272727273,0.6363636363636364,0.5272727272727272,0.4363636363636364
11,macro_4,0.6190551308894207,0.35196049579600197,1.0,0.11893713533642958,0.18886320656205624,0.3137469734836265,True,0.9166666666666666,0.6398021695323536,0.48681690446581355,0.13854917362312297,0.11809276794475977,0.46074312551078606,0.7452902668789078,0.5287927337355642,watch,watch,-0.013404782908780822,0.0011876293840834106,0.09026239715385642,-0.1262351359894871,False,macro_4,macro_4,0.75,0.6666666666666666,0.4125,0.5666666666666667
12,macro_1,0.7206896826259939,0.6243999283609319,0.19610283450997207,0.3940251662527974,0.02765906153185789,0.599912002564503,True,0.9230769230769231,0.6288398466094852,0.5048071181704429,0.14766055209322637,0.11113632898992118,0.47144842374568735,0.7436491346681469,0.527560364602181,accepted,watch,0.06197251342583565,-0.003914821742758212,0.19312931802381283,-0.022959452042152995,False,macro_1,macro_1,0.7692307692307693,0.6923076923076923,0.5,0.55
13,macro_2,0.5741028635344132,0.5376049418261603,1.0,0.9992681454493524,0.088104005477217,0.34476646882030804,True,0.9285714285714286,0.6421269299297221,0.5097568142678693,0.14307141067390328,0.10949116302472801,0.4623997126795888,0.745235898614001,0.5287381193889895,watch,watch,0.07351007528801681,-0.003559457469822691,0.045364744145423685,-0.17113303507958777,False,macro_2,macro_2,0.7857142857142857,0.7142857142857143,0.4892857142857143,0.5357142857142857
14,macro_4,0.44174586661184667,0.14387434597313653,0.45455941002768463,0.6760837389649272,0.09217482141113918,0.555746550812384,True,0.9333333333333333,0.6286658363102345,0.5052227510908012,0.1389809067684516,0.10833674025048876,0.46862283522177517,0.7429954337697868,0.5271717533768521,fallback,fallback,0.012797796617248825,-0.007573196242360058,-0.0854258867650054,-0.30124956715794016,True,adaptive_fallback,fixed_fallback,0.8,0.7333333333333333,0.22999999999999998,0.17333333333333342
15,macro_0,0.6272828549123297,0.33677140214460966,0.9497210999929702,0.4272516952547515,0.01327172614744089,0.33653730614314153,True,0.9375,0.6255587065202057,0.5128515075796467,0.1376922162850656,0.10239517686904827,0.4603674896543606,0.7428855593946199,0.5271474779661681,watch,watch,0.013669036201238582,-0.0050174869184267615,0.10013537694616159,-0.11560270448229015,False,macro_0,macro_0,0.8125,0.75,0.47187499999999993,0.5125
16,macro_3,0.5287836479983274,0.5232075788456585,0.6034796211175255,0.5403560143879788,0.06874434948042463,0.0,True,0.9411764705882353,0.6237753673375254,0.5137886923101573,0.1333759016187883,0.10041571643442335,0.43328704908645704,0.7444095879224044,0.5283524765067557,watch,watch,-0.018054296578218644,-0.0032053604389656433,0.00043117149157179124,-0.21562593992407697,False,macro_3,macro_3,0.8235294117647058,0.7647058823529411,0.4647058823529412,0.5029411764705882
17,macro_4,0.5078946260934287,0.9752609983613911,0.7634318894805001,0.2975706224204615,0.16116387973235224,0.7551690097163593,True,0.9444444444444444,0.6310853484476516,0.5134612441870057,0.12940108830746133,0.1037906143954194,0.4511693802325627,0.7435945083544822,0.5277274905685716,watch,fallback,-0.04255901130651303,0.00044910036763328164,-0.019832864475142875,-0.23569988226105343,True,adaptive_fallback,macro_4,0.8333333333333334,0.7777777777777778,0.3583333333333333,0.14444444444444446
18,macro_4,0.531930780069794,0.48652016086066,0.6504713683610713,0.9746676846990237,0.17550662995928643,0.27091775334631635,False,0.8947368421052632,0.6294962684035272,0.5144333250229419,0.12582661748336413,0.10756514153035977,0.4416824525017076,0.7441350685307069,0.5281577281735271,watch,watch,-0.00843441669292384,-0.0025261323052389708,0.0037730518962668658,-0.21220428846091288,False,macro_4,macro_4,0.7894736842105263,0.7894736842105263,0.3868421052631579,0.48684210526315785
19,macro_3,0.6702033656001122,0.615840347904111,0.6194529714737872,0.9767451433086471,0.14435240227988358,0.638108850631301,True,0.9,0.6352907383762134,0.5222218270518004,0.1273274205130904,0.10940450456783594,0.4515037724081873,0.7441592359600836,0.5281226765502117,watch,watch,0.0456914997976531,0.0013249804131957755,0.14208068904990045,-0.07395587035997142,False,macro_3,macro_3,0.8,0.8,0.48,0.48
20,macro_4,0.43084144937075497,0.7735388429217217,0.7582183437750684,0.8407274488597748,0.11870571600861594,0.5686254768528073,True,0.9047619047619048,0.643569845373889,0.5178703804955601,0.12569524749790503,0.1098474193983493,0.4570809964293597,0.7444369697867734,0.5283036885412399,fallback,fallback,-0.03928828110831495,0.0036022277707366433,-0.09746223917048491,-0.31359552041601846,True,adaptive_fallback,fixed_fallback,0.8095238095238095,0.8095238095238095,0.2238095238095238,0.12380952380952379
21,macro_0,0.4173679994048031,0.6928950334185766,0.5021859472525365,0.9207224755942442,0.06941298262144588,0.3486901607530939,True,0.9047619047619048,0.6473815510091677,0.5130257400438987,0.12759158019221767,0.10709201468425159,0.4481521581466707,0.7455188297456155,0.5290908386788223,fallback,fallback,-0.022283129718704865,0.0047212367343284715,-0.11172283927401921,-0.3281508303408123,True,adaptive_fallback,fixed_fallback,0.7619047619047619,0.7619047619047619,0.25476190476190474,0.15476190476190474
22,macro_3,0.5226825689768582,0.5429517834686985,0.7485486288891027,0.7380748191939855,0.23973226323146202,0.22855698449364895,True,0.9047619047619048,0.6483908572598246,0.5140875644494349,0.12757389957674803,0.11845970208622299,0.43288345219925234,0.7475219036413554,0.5305314359385189,watch,fallback,0.002957588576685888,0.003461101762434593,-0.007848866961660761,-0.22483933466449724,True,adaptive_fallback,macro_3,0.7619047619047619,0.7142857142857143,0.40476190476190477,0.1857142857142857
23,macro_3,0.5226773053289339,1.0,0.4055162200467513,0.9493679027705452,0.007927960723153646,0.8150637773846179,False,0.8571428571428571,0.6520636710853611,0.5085394695316778,0.12435421760563538,0.11159974036306156,0.4622933712997298,0.7448672192347922,0.5285885551927957,watch,fallback,-0.001850694948172027,0.004513480536366776,-0.005911249863861823,-0.2221899139058583,True,adaptive_fallback,macro_3,0.7142857142857143,0.6666666666666666,0.5357142857142857,0.21666666666666665
24,macro_2,0.44040955077268995,0.9426490982389621,0.4822179136119697,0.7798714396742832,0.017434926696867303,0.4946696419788784,True,0.8571428571428571,0.6647721687498204,0.5142000862936816,0.11795722670925411,0.10814075657028861,0.47670235108005443,0.7442660523195354,0.5281554023459584,fallback,fallback,-0.04595876296548444,0.005896286074721391,-0.08774585157326842,-0.3038565015468454,True,adaptive_fallback,fixed_fallback,0.7142857142857143,0.6190476190476191,0.2857142857142857,0.2476190476190476
25,macro_4,0.43325978402228155,0.04248711248646164,0.5312738382289471,0.9737391086480782,0.04694191812168501,0.6953487307842345,True,0.8571428571428571,0.6541214010219667,0.5116130132711059,0.11915971237560216,0.10725166659855115,0.4757903223466904,0.7433167913004226,0.5274891310134585,fallback,fallback,0.00048366693030531537,0.0021103111296155498,-0.09422934699117697,-0.31005700727814106,True,adaptive_fallback,fixed_fallback,0.7142857142857143,0.6190476190476191,0.2857142857142857,0.2476190476190476
26,macro_4,0.5715425076046688,0.8523368621258559,0.6211260551327524,0.6173129542867706,0.11137664880666767,0.5154638574264025,False,0.8095238095238095,0.6575166242190659,0.5143153899653745,0.11987677339067832,0.10669096028500867,0.47189928472110343,0.7439913191325731,0.5279736836930027,watch,watch,0.030834901639973145,0.0020270146419796298,0.043568823911666166,-0.17244881152790426,True,macro_4,macro_4,0.7142857142857143,0.6666666666666666,0.5357142857142857,0.41666666666666663
27,macro_1,0.6771618647765245,0.7530732689774626,0.9101526783714229,0.6019169405820233,0.0680144031442634,0.6314383834921015,True,0.8095238095238095,0.664475361363113,0.5138907623150507,0.11925209652421982,0.10189503645638713,0.48754355464787413,0.7430979216738021,0.527299068301012,watch,watch,0.03089585915993327,0.0032169008206576867,0.14986279647551248,-0.06593605689727755,False,macro_1,macro_1,0.7142857142857143,0.6666666666666666,0.5357142857142857,0.5666666666666667
28,macro_4,0.60842910602405,0.8568602551601925,0.4587343707978259,0.4843333982011092,0.15181999068450774,0.49598152135912177,True,0.8095238095238095,0.6610585785065014,0.5233003809115857,0.1185068087241038,0.1006381940006117,0.489058010561467,0.7425000533436976,0.5268814880579968,watch,watch,0.017150360139023223,0.0017989814842280572,0.08154761796605314,-0.13407094731964764,False,macro_4,macro_4,0.7142857142857143,0.6666666666666666,0.4357142857142857,0.5666666666666667
29,macro_4,0.6053633222063032,0.6448124574108114,0.45331967088691905,0.5074159398677283,0.0,0.20786507845514274,False,0.7619047619047619,0.6489682248269621,0.5422913730597749,0.09479149722877955,0.09926796699494626,0.4763375123602203,0.7403292192918778,0.5255578185375109,watch,watch,0.03299075428672264,-0.003160788784571644,0.07980550366879224,-0.1349658970855746,False,macro_4,macro_4,0.7142857142857143,0.6666666666666666,0.5357142857142857,0.5666666666666667
30,macro_1,0.6670311114279305,0.8201047589607696,0.39513038011748347,0.2326687030680134,0.1557502349373574,0.3055069191448015,True,0.7619047619047619,0.6422535321921934,0.5560663362932191,0.09061242220733925,0.09757689606699464,0.4586987406027444,0.7406330615116065,0.5258695197703357,watch,watch,0.046754265481129785,-0.002373573765954662,0.1411615916575948,-0.07360195008367598,False,macro_1,macro_1,0.7619047619047619,0.7142857142857143,0.40476190476190477,0.5357142857142857
31,macro_3,0.31099300006286473,1.0,0.5528605903678152,0.9542647012077028,0.2189790836395361,0.5254805572056993,True,0.8095238095238095,0.6605864819959312,0.5442594470625872,0.10519920660765898,0.10313981958082,0.4594093335642139,0.7439102272179179,0.528062046839478,fallback,fallback,-0.052109901508360826,0.0006139715553730607,-0.21706904677661326,-0.43291722715505315,True,adaptive_fallback,fixed_fallback,0.7619047619047619,0.7142857142857143,0.15476190476190474,0.1857142857142857
32,macro_3,0.36386404802491107,1.0,0.7657205690541143,0.9727909555968041,0.15863119692356398,0.22659440720392374,False,0.7619047619047619,0.6755440724249893,0.5321074907357056,0.11072138370668921,0.10170020007422514,0.45525921136041847,0.746093393034654,0.5295766095764276,fallback,fallback,-0.06265956335032269,0.002213742212375247,-0.16571256155151654,-0.382229345009743,True,adaptive_fallback,fixed_fallback,0.7142857142857143,0.6666666666666666,0.1857142857142857,0.21666666666666665
33,macro_1,0.45240619866780485,1.0,0.4777589209191761,0.8063867614973397,0.07883827901473661,0.3879532901760991,True,0.7619047619047619,0.6909604747616114,0.5193320867376967,0.10308882557388707,0.10413730566864794,0.44516593934192306,0.7479781167148372,0.5309772103782376,fallback,fallback,-0.031204581471249028,0.005980379251021994,-0.07857101171043279,-0.2955719180470323,True,adaptive_fallback,fixed_fallback,0.6666666666666666,0.6190476190476191,0.31666666666666665,0.2476190476190476
34,macro_1,0.3985377741561618,0.8744004999210604,0.5773263483775949,0.8728767498386376,0.05805327003083722,0.43345455411509703,False,0.7142857142857143,0.6860772348296914,0.5109718443863515,0.10551534969604145,0.10270631826643936,0.4493891814988177,0.7472601960347335,0.530446075763609,fallback,fallback,-0.041365109610028275,0.0074218020005458515,-0.1319083016074472,-0.34872242187857166,True,adaptive_fallback,fixed_fallback,0.6190476190476191,0.5714285714285714,0.3476190476190476,0.2785714285714286
35,macro_0,0.42116625031678556,0.8434194931217416,0.5122658276400863,0.6814881097007335,0.1731765499283494,0.6637140067157212,True,0.7142857142857143,0.7001532232080958,0.5099918626580152,0.1062832116349907,0.10656354343392557,0.4545304889227862,0.7485493527438214,0.531315598608306,fallback,fallback,-0.04917297222222898,0.011579938203180484,-0.11014934829152045,-0.32738310242703583,True,adaptive_fallback,fixed_fallback,0.5714285714285714,0.5238095238095238,0.2785714285714286,0.30952380952380953
36,macro_2,0.5376861404220231,0.8479474658000012,0.6601267412023585,0.7467293568863491,0.0,0.7612588955931994,True,0.7142857142857143,0.7102456637401151,0.5057253524441909,0.1030897551574197,0.10593155647452362,0.47475532651564606,0.7476472140538248,0.5306236268877211,watch,watch,0.04533862807183168,0.009931836348836787,0.007062513534301984,-0.20996107363180172,True,macro_2,macro_2,0.5714285714285714,0.5238095238095238,0.6285714285714286,0.5095238095238095
37,macro_4,0.38871713763673077,0.3573381418366832,0.19838617192810554,0.2907697999474802,0.04487901063840746,0.0613607667205987,True,0.7142857142857143,0.6992924403729212,0.49905551861744835,0.10601296367852804,0.10479511176776089,0.4776772677880555,0.7464838064145954,0.529782287413458,fallback,fallback,0.0049706179223639405,0.004749673589586378,-0.14106514977672724,-0.35776666877786467,True,adaptive_fallback,fixed_fallback,0.5714285714285714,0.5238095238095238,0.37857142857142856,0.30952380952380953
38,macro_1,0.4812153279765143,1.0,0.7721242159804098,0.6069180142517251,0.0,0.5330890185826296,True,0.7142857142857143,0.7035498465747421,0.4977850758499762,0.1060615899885291,0.09712064130431555,0.4671020301150207,0.7472989879256138,0.5304102726049298,fallback,fallback,0.005761825861741887,0.002517874362626138,-0.049194944628415505,-0.2660836599490995,True,adaptive_fallback,fixed_fallback,0.5238095238095238,0.47619047619047616,0.4095238095238095,0.3404761904761905
39,macro_1,0.30525298498556597,0.6802606582741176,0.8448136523971119,0.17629888016568673,0.08909176280611654,0.7969831964756664,False,0.7142857142857143,0.7000493498528877,0.48699089513167965,0.11367433598418054,0.0930056476303551,0.49215276550213266,0.7453069994816739,0.5288782312639974,fallback,fallback,-0.01865695783411917,0.002794423004639257,-0.2236252462784314,-0.4400540144961079,True,adaptive_fallback,fixed_fallback,0.5238095238095238,0.42857142857142855,0.4095238095238095,0.37142857142857133
40,macro_4,0.4228627973048872,0.7010380215779578,0.4575373556401304,0.4567611456218005,0.22407992862492868,0.19486336702080448,True,0.7142857142857143,0.6935543101428596,0.4752127728319071,0.10631779939444459,0.09680219650392867,0.47104583771115666,0.7459853197391847,0.5294740292772101,fallback,fallback,0.0003393093976203243,-0.0013197826130472378,-0.10661123197232292,-0.3231225224342975,True,adaptive_fallback,fixed_fallback,0.47619047619047616,0.38095238095238093,0.3404761904761905,0.4023809523809524
41,macro_2,0.6780102674519233,0.6522439223376869,0.6260183337859284,0.5539852266796137,0.0695210175119565,0.24773680080855884,True,0.7142857142857143,0.6862565231773389,0.4869827165500579,0.1145247431261715,0.09446006800408775,0.45576542456619246,0.7469940018827773,0.5301966710249143,watch,watch,0.028064825405980032,-0.004797828112555247,0.14781359642700898,-0.06898373443085404,False,macro_2,macro_2,0.47619047619047616,0.38095238095238093,0.6904761904761905,0.7523809523809524
42,macro_0,0.47028153903784853,0.7365592452518078,0.44135591966363863,0.5473650542867141,0.17189937642799474,0.6769880162327964,True,0.7142857142857143,0.6819193242492048,0.4895024089135363,0.11349399332291861,0.09934037247106627,0.4713986557795116,0.745519981776657,0.5290987479156622,fallback,fallback,0.01631288028022355,-0.0034746232247432783,-0.05881720887781372,-0.2752384427388085,True,adaptive_fallback,fixed_fallback,0.5238095238095238,0.42857142857142855,0.30952380952380953,0.37142857142857133
43,macro_3,0.5656552753874946,0.11878089642244383,0.8616746849442702,0.3616040109587812,0.025324785407676048,0.4865092437039855,True,0.7142857142857143,0.6707048222080851,0.4915487282664237,0.11450505023300342,0.08913049257469549,0.4836820966942895,0.7428841480583873,0.5272188839675466,watch,watch,0.016887989482196063,-0.006569004873331385,0.038436391419948035,-0.1772288726708927,False,macro_3,macro_3,0.5238095238095238,0.47619047619047616,0.6595238095238095,0.6904761904761905
44,macro_3,0.6078969635576451,0.6784950940912253,0.7803648626665103,0.9431875115207293,0.061368849775638314,0.34847501334927594,False,0.7142857142857143,0.6689698269927983,0.4956068072296957,0.11714312314864717,0.09167529681529,0.461463584121178,0.7448518636303947,0.5286642408722692,watch,watch,0.06052879571441583,-0.006215904572017883,0.07923272268537596,-0.13695490007274957,False,macro_3,macro_3,0.5238095238095238,0.47619047619047616,0.6595238095238095,0.6904761904761905
45,macro_2,0.47600074092396094,0.3221390819854703,1.0,0.8702296225841255,0.059842749498496224,0.4929974952063641,True,0.7142857142857143,0.6643903536986588,0.4973016258083276,0.11656062073566757,0.0936947169487009,0.46138395808439164,0.7444748513988899,0.528400106988574,fallback,fallback,0.010627588723814752,-0.005832791288840155,-0.05239936606461304,-0.268474110474929,True,adaptive_fallback,fixed_fallback,0.5238095238095238,0.5238095238095238,0.4095238095238095,0.30952380952380953
46,macro_4,0.5936993203585033,0.38896445662517853,0.5960453174810035,0.49421986759291503,0.17051118164217724,0.5922538787270092,True,0.7142857142857143,0.6660524488036451,0.5049416037291001,0.11740804266013785,0.09957896759253386,0.456474679415,0.7454546519955274,0.5290887514880634,watch,watch,-0.016862189418684004,-0.004040814874738752,0.06461056887043981,-0.15175533163702415,True,macro_4,macro_4,0.5714285714285714,0.5714285714285714,0.5285714285714286,0.47857142857142854
47,macro_0,0.5535988813971693,0.18091685684785036,0.4491976246853875,0.3202362535900602,0.039130776270526,0.47276717814214486,True,0.7619047619047619,0.6524420066656822,0.5040871453382667,0.1169635600981658,0.09613868794795569,0.45444150421098767,0.7440142864144197,0.5280981757367651,watch,watch,0.016663468471864153,-0.0058954635167045135,0.025500705660404188,-0.1904154050172504,False,macro_0,macro_0,0.5714285714285714,0.5714285714285714,0.6285714285714286,0.6285714285714286
48,macro_4,0.6067145715269447,0.2145753989805883,0.5364438313321525,0.5033145529606702,0.053029426332740506,0.5292345600361058,True,0.7619047619047619,0.6365621515864486,0.500732512326382,0.11268333796500102,0.09542511762359747,0.44957465547498787,0.7424304168152617,0.5270360428857461,watch,watch,0.008211859227890028,-0.006828534124327312,0.07967852864119862,-0.13571584528831693,False,macro_4,macro_4,0.5714285714285714,0.5714285714285714,0.6285714285714286,0.6285714285714286
49,macro_1,0.46008919578435953,0.7630446250933202,0.36561031780173153,0.8564830219457189,0.09924760133220631,0.49719002447104016,True,0.7619047619047619,0.6380969201893238,0.49366870707687294,0.11021709752744456,0.09292167051158311,0.4496322032422221,0.7422317837924451,0.5269165739155549,fallback,fallback,-0.029561553554657116,-0.0061745813606948865,-0.06682737813119538,-0.2821425880080856,True,adaptive_fallback,fixed_fallback,0.5714285714285714,0.5714285714285714,0.37857142857142856,0.2785714285714286
50,macro_3,0.3715811550552126,0.506799212193859,0.6882466792155283,0.15136078494760857,0.20407806648810428,0.5341981477177528,True,0.8095238095238095,0.6387879994876734,0.4825362229268211,0.1101778740915889,0.10263967367768331,0.4651718732071083,0.7416376604401868,0.5264193282233974,fallback,fallback,-0.020883917173749666,-0.005120470842197089,-0.15483817316818482,-0.37005650538497414,True,adaptive_fallback,fixed_fallback,0.5714285714285714,0.5714285714285714,0.2785714285714286,0.2785714285714286
51,macro_2,0.4175668117864311,0.5986062439126331,0.7106339776211994,0.8229593054204242,0.10294600818232574,0.4993446734520467,True,0.8095238095238095,0.6453522444374248,0.4706569705629401,0.10247011513522186,0.10012518668934847,0.47440224245983426,0.7407881654591344,0.5258390357873648,fallback,fallback,-0.035226501714414424,-0.004140040873244067,-0.10827222400093367,-0.32322135367270327,True,adaptive_fallback,fixed_fallback,0.5238095238095238,0.5238095238095238,0.4095238095238095,0.30952380952380953
52,macro_3,0.46897017589703155,0.5823619388583604,0.8459488097618771,0.5913722918189775,0.21977817853224274,0.5410224674620232,True,0.8095238095238095,0.6365662314871713,0.4781796932217099,0.09574036067320099,0.10016323882709639,0.4751423334244211,0.7393142596582453,0.5248446437853806,fallback,fallback,-0.016925741100027546,-0.003175155035702182,-0.0558744678883491,-0.2703440837612137,True,adaptive_fallback,fixed_fallback,0.47619047619047616,0.47619047619047616,0.3404761904761905,0.3404761904761905
53,macro_3,0.588941156411876,0.3465442055313322,0.7319051040572085,0.5251746999923939,0.12581292253165907,0.4318959476878434,False,0.8095238095238095,0.6183881244425143,0.48889765076394637,0.09489784015891442,0.09860046385605332,0.4849185972569887,0.7365531797077687,0.5228809634377445,watch,watch,-0.0035546830230137384,-0.003634805428786847,0.06606019297413157,-0.14761202329589262,False,macro_3,macro_3,0.5238095238095238,0.5238095238095238,0.6595238095238095,0.6595238095238095
54,macro_4,0.5075260114355397,0.4541348277129089,0.5521868661801134,0.8759421706747961,0.08161184604768892,0.6742276967252268,True,0.8095238095238095,0.6097047801422649,0.49152240375288614,0.09459987187846806,0.09873253847667009,0.49855071185456623,0.7345783631247388,0.5214455870316749,watch,fallback,0.009487363130236025,-0.005678428009411785,-0.013919575596135214,-0.22705235168919913,True,adaptive_fallback,macro_4,0.5714285714285714,0.5714285714285714,0.6285714285714286,0.2785714285714286
55,macro_3,0.48613130545758715,0.3226165649993223,0.927945203789174,0.6284156112149342,0.1770131096674041,0.40657295833417006,True,0.8571428571428571,0.605220297057897,0.49569352429104924,0.09219551903715803,0.10439729274507806,0.4972706358649983,0.7343798579242672,0.5213148503038139,fallback,fallback,0.02291003008047491,-0.006713540485955271,-0.03518354484622671,-0.24824855246668004,True,adaptive_fallback,fixed_fallback,0.6190476190476191,0.5714285714285714,0.2476190476190476,0.2785714285714286
56,macro_3,0.5102350490440022,0.5485044964685306,0.771250133465633,0.5361286925319646,0.05935652091591122,0.3687943083659597,False,0.8095238095238095,0.5961936410342261,0.49993489565901195,0.09063102176794231,0.09897729136353335,0.4832268407054858,0.7341503360702311,0.5212305871730051,watch,fallback,0.018533647451514212,-0.009831720680639732,-0.01099553812900289,-0.22391528702622887,True,adaptive_fallback,macro_3,0.6666666666666666,0.5714285714285714,0.5666666666666667,0.2785714285714286
57,macro_2,0.6509732553206569,0.09327470306873864,0.826747253476753,0.9303299784864942,0.03680084609495213,0.19191789638455975,True,0.8095238095238095,0.585988220956899,0.5053295201779946,0.09619145759744763,0.10072971260615013,0.45611536455269347,0.7358486922956391,0.5224910149779398,watch,watch,0.03640061588472506,-0.010115602106054467,0.12848224034271705,-0.08487543697498223,False,macro_2,macro_2,0.6666666666666666,0.5714285714285714,0.5666666666666667,0.6285714285714286
58,macro_0,0.4666951212717418,0.5284423094540355,0.38647437969247844,0.22984348093937185,0.10610630379710158,0.3241508453202191,True,0.8095238095238095,0.5907611799681374,0.5090427574939473,0.09291408627131637,0.10364529799465938,0.46862917781934205,0.7352376285526512,0.5220270481619612,fallback,fallback,-0.024449207028026852,-0.005525388894875393,-0.05533192689021943,-0.2685425072809094,True,adaptive_fallback,fixed_fallback,0.6666666666666666,0.5714285714285714,0.31666666666666665,0.2785714285714286
59,macro_0,0.696246483580659,0.8390555620687035,0.4606740606713545,1.0,0.0,0.49506438996266355,False,0.7619047619047619,0.5839054743699128,0.51928233633224,0.1011754884617256,0.10364529799465938,0.4668184812183913,0.7353578258961375,0.522068860675663,watch,watch,0.037744094429023864,-0.005159861154470424,0.17417762290499594,-0.039111342315478526,False,macro_0,macro_0,0.7142857142857143,0.6190476190476191,0.5357142857142857,0.5976190476190476
60,macro_0,0.39496478696656095,0.9095010708518696,0.5034054330081057,0.4142372868509481,0.01791168966381726,0.4319376955033356,False,0.7619047619047619,0.5870401749344445,0.5235543269027636,0.09327181545881313,0.10025577070216893,0.4494353621244707,0.736226280002322,0.5228005121189703,fallback,fallback,-0.01823330369820524,-0.003636024424690509,-0.12783572515240932,-0.3412614930357611,True,adaptive_fallback,fixed_fallback,0.7619047619047619,0.6666666666666666,0.25476190476190474,0.21666666666666665
61,macro_3,0.4648541301214549,0.8945248381749327,0.5584870011303058,0.41687598375326995,0.04401724851844915,0.5795950949653401,True,0.7619047619047619,0.591452596246073,0.525553914179743,0.09143729950469305,0.09168135736376515,0.46775592059802,0.734540651378967,0.5215754457711292,fallback,fallback,-0.009076183784509462,-0.0009482089576306141,-0.056721315649674364,-0.2696865212575121,True,adaptive_fallback,fixed_fallback,0.7619047619047619,0.6666666666666666,0.25476190476190474,0.21666666666666665
62,macro_0,0.6240502916183609,0.7397074596535762,0.16410031214033488,1.0,0.10121798821677007,0.24436270234522878,True,0.7619047619047619,0.5929292440005995,0.522984391521002,0.08761721866994186,0.09319073692113722,0.4675952492426234,0.7344861261695136,0.5215578225358272,watch,watch,-0.005384592740459193,0.0013882046087401179,0.10249246908253373,-0.11043583455115269,False,macro_0,macro_0,0.7619047619047619,0.6666666666666666,0.5047619047619047,0.5666666666666667
63,macro_0,0.5869609561418059,0.3818034001007109,0.909675781490197,1.0,0.16952373505981266,0.34518263486068984,False,0.7142857142857143,0.5923738327541482,0.528540554240238,0.0878073631543881,0.09307761114169998,0.4517949929868088,0.7357030295573231,0.5224719413169693,watch,watch,0.02405316697401282,0.00032253055720217195,0.0644890148248366,-0.14874207341551726,False,macro_0,macro_0,0.7142857142857143,0.6190476190476191,0.4357142857142857,0.5976190476190476
64,macro_1,0.43589397886130704,0.8374319863325763,0.5993028609971749,0.9290625897829193,0.1768078425332954,0.09029923797067174,True,0.7142857142857143,0.6096944101200202,0.5223614448818482,0.08961214667789615,0.10029109005244376,0.43292784985665106,0.7395216501608483,0.5251951886529949,fallback,fallback,-0.05207050094387039,0.005157787150021487,-0.08930120979168782,-0.3036276712995412,True,adaptive_fallback,fixed_fallback,0.7142857142857143,0.6190476190476191,0.1857142857142857,0.2476190476190476
65,macro_3,0.5180062612799263,0.7449437460134974,0.8324978609889,0.41659528285019853,0.08567212393583856,0.41395785819399633,True,0.7619047619047619,0.610073679319157,0.5180809352495758,0.08744272448195241,0.10144838882197711,0.4360460805635425,0.739206002774707,0.524972464495505,watch,fallback,0.024608294862673075,0.004606700876942505,-0.006966203215578726,-0.22119974149478072,True,adaptive_fallback,macro_3,0.7619047619047619,0.6190476190476191,0.5047619047619047,0.2476190476190476
66,macro_1,0.45201773012921015,0.6844200746834441,0.8164498273173995,0.0843613144157086,0.11478398252191303,0.6472707065829045,True,0.7619047619047619,0.605433573455654,0.5169388871164925,0.08817335648032316,0.10406463801356838,0.4433924239624253,0.7383697102278112,0.5243480580487091,fallback,fallback,-0.002567279998448946,0.002796195441916183,-0.07233032791949895,-0.286351980098601,True,adaptive_fallback,fixed_fallback,0.7619047619047619,0.5714285714285714,0.25476190476190474,0.2785714285714286
67,macro_2,0.6236123404636589,0.3318950472354369,0.9755617036458495,0.6842807311048172,0.07785644123479309,0.5534951565362486,True,0.7619047619047619,0.6111272186300964,0.5183633166453093,0.08970375365850025,0.09965250751797868,0.4415467705247701,0.7389444309647868,0.5247573870562647,watch,watch,-8.759023094040419e-05,0.003639594925899381,0.09885495340739414,-0.11533209050112792,False,macro_2,macro_2,0.7619047619047619,0.5714285714285714,0.5047619047619047,0.6285714285714286
68,macro_3,0.5893714711729603,0.714059360774795,0.7732996854899935,0.6250478105927602,0.0025281041404384003,0.3881242956436887,True,0.7619047619047619,0.628769380821649,0.5200667733012995,0.09073999788912895,0.09790952313083164,0.43751615707246266,0.741009416735348,0.5262162680528574,watch,watch,0.0004821030062308829,0.007279109613500157,0.06315520312010292,-0.15163794556238774,False,macro_3,macro_3,0.7619047619047619,0.5714285714285714,0.5047619047619047,0.6285714285714286
69,macro_2,0.45155797737365133,0.9574129845731226,0.7303770500293225,0.4797673689609099,0.12653884002317112,0.5550967690261991,True,0.7619047619047619,0.6449470733412379,0.5126783640559045,0.08964212126722582,0.10140997140180451,0.4387476908338956,0.7426508600528984,0.5273599386032864,fallback,fallback,0.003132799702468858,0.007050532644243534,-0.07580196122963512,-0.29109288267924704,True,adaptive_fallback,fixed_fallback,0.7619047619047619,0.5714285714285714,0.25476190476190474,0.2785714285714286
70,macro_2,0.573690167875867,0.7976930736637471,0.4853335443282859,0.5925974043268875,0.049149985397917845,0.5156608350209259,False,0.7142857142857143,0.6391289200867188,0.5180879341555,0.08973752984947878,0.09902437064302887,0.43962725324103297,0.7418631763759292,0.5268092405298034,watch,watch,0.011136781319188138,0.005811048153512366,0.04688092734606364,-0.16817300850006223,True,macro_2,macro_2,0.7619047619047619,0.5714285714285714,0.5047619047619047,0.47857142857142854
71,macro_1,0.48961393592178426,0.5661698629375603,0.6758519487653506,0.45675575274437913,0.14996893509829387,0.2937952769505456,True,0.7142857142857143,0.643747887688344,0.5237085427681939,0.08358815749197855,0.0964477453387522,0.42817949749021367,0.7425943462893007,0.5274088999769202,fallback,fallback,0.007519241158514822,0.00766286284653801,-0.03779496405513594,-0.2529804103675164,True,adaptive_fallback,fixed_fallback,0.8095238095238095,0.6190476190476191,0.2238095238095238,0.2476190476190476
72,macro_4,0.5220891764475803,0.7507539381301158,1.0,0.8328053022149056,0.06196019243659963,0.27042991638979225,True,0.7142857142857143,0.6502079868540732,0.5286857982282487,0.0799862245137699,0.09449603982705095,0.41727879477296337,0.7437071554542949,0.528256984212178,watch,fallback,-0.020304632803215705,0.007816153644795354,-0.006167807764597688,-0.22161797900671454,True,adaptive_fallback,macro_4,0.8571428571428571,0.6190476190476191,0.44285714285714284,0.2476190476190476
73,macro_1,0.5371076329528719,0.6215011665838694,0.2620865444651734,0.6029308176212655,0.030255092012437187,0.2868260766478188,True,0.7142857142857143,0.6441403561977208,0.5319304390404316,0.07881618248020726,0.08547113094515543,0.40517420473419186,0.7434336616961625,0.5281390270116056,watch,watch,-0.01045276764401768,0.0030741950752143587,0.00896860594126625,-0.20632602874329065,True,macro_1,macro_1,0.9047619047619048,0.6666666666666666,0.4119047619047619,0.41666666666666663
74,macro_3,0.46795513323790483,0.6630902925879655,0.49499597587072336,0.5724368768939233,0.1213996047347963,0.5467599295124431,True,0.7619047619047619,0.6526740084358835,0.526169199841671,0.07886234870113074,0.08526097295482864,0.4106439181544108,0.7438405336646157,0.5284021018544968,fallback,fallback,0.0032794311728506997,0.001545387018929123,-0.060446968616591934,-0.27588540042671084,True,adaptive_fallback,fixed_fallback,0.9047619047619048,0.6666666666666666,0.16190476190476188,0.21666666666666665
75,macro_0,0.576750801113311,0.8221665302353706,0.7112022115593402,0.07972506232206389,0.0615450812999016,0.571867989717541,True,0.7619047619047619,0.6520984008294839,0.5294656183977553,0.07948840698026238,0.08430541272874353,0.40576964639214014,0.7441656656937227,0.5286473461326983,watch,watch,0.0006121266474887977,0.00259389614855301,0.04810345498061275,-0.16741486458041166,True,macro_0,macro_0,0.9047619047619048,0.6666666666666666,0.4119047619047619,0.41666666666666663
76,macro_2,0.5806310637613107,0.7024963471755078,1.0,0.6863122913802986,0.009597976197903146,0.5373246636898967,True,0.7619047619047619,0.6608812475896992,0.5339656068884089,0.07958735112494783,0.07633326351591016,0.4119959180757461,0.7440754352138607,0.5285746303436181,watch,watch,0.018203425567905284,0.0034266719802710454,0.052056433417692616,-0.16344437145254997,False,macro_2,macro_2,0.9047619047619048,0.7142857142857143,0.4119047619047619,0.5357142857142857
77,macro_3,0.5768524821402213,0.6378906244622129,0.41027219695504524,0.2634642294182936,0.16916694593533113,0.4119146065127006,True,0.8095238095238095,0.6598023833654806,0.5371378656072765,0.07992113179316357,0.08156233137397777,0.4140492656065433,0.7441437275139163,0.5286017607438083,watch,watch,0.010952661138528197,0.0019188793022814731,0.048250721396413065,-0.167291245373695,True,macro_3,macro_3,0.9047619047619048,0.7619047619047619,0.3119047619047619,0.3547619047619047
78,macro_1,0.65151036778057,0.7121878336408631,0.5531666970026681,0.8054909438294366,0.12041817283231304,0.8205097020724547,True,0.8095238095238095,0.6668481145295789,0.5371634423910818,0.0799594602616157,0.08554410883766163,0.4439822087345383,0.7426956381053837,0.5274601728595855,watch,watch,0.02288054696553963,0.004541551666371624,0.12405019492098457,-0.09118527032481372,False,macro_1,macro_1,0.9047619047619048,0.7619047619047619,0.4119047619047619,0.5047619047619047
79,macro_1,0.5001084743223969,0.42495278007520654,0.6865754817350264,0.6144968405486381,0.12019524990397078,0.4229862767560117,False,0.7619047619047619,0.668266819465837,0.5387545544411131,0.07881130239220134,0.08621501103322682,0.44868865785052836,0.7424093941719111,0.527246523452516,watch,fallback,0.006430668216898416,0.0031185622059906938,-0.02713804913011908,-0.24230091984951418,True,adaptive_fallback,macro_1,0.8571428571428571,0.7619047619047619,0.44285714285714284,0.15476190476190474
80,macro_0,0.36688547002047867,0.3828121793720468,1.0,0.12056746265758189,0.10409984219169247,0.5544730636158253,True,0.8095238095238095,0.6602894860095464,0.523070696652533,0.07867466264078006,0.09117214637568838,0.4515176423102028,0.7416718390099422,0.5267098244691226,fallback,fallback,-0.04197306621856647,0.0016382170360125015,-0.15982435444864396,-0.3747863689894635,True,adaptive_fallback,fixed_fallback,0.8571428571428571,0.7142857142857143,0.19285714285714284,0.1857142857142857
81,macro_0,0.476202079410432,0.7359747628831805,0.46338203493653923,0.5394783288370948,0.0607054326922508,0.49614781198945623,False,0.8095238095238095,0.6579987187615067,0.5269391391498602,0.07391391351568036,0.09320994366275663,0.45457526690477995,0.740939560224788,0.5262094877213129,fallback,fallback,-0.02088579687017573,-0.000576505765638502,-0.05000740831088091,-0.264737480814356,True,adaptive_fallback,fixed_fallback,0.8095238095238095,0.6666666666666666,0.2238095238095238,0.21666666666666665
82,macro_1,0.5520810578201185,0.4789391480979842,0.620105456675127,0.32704579499947317,0.0,0.6591279645923376,True,0.8095238095238095,0.6497469468885056,0.5310928023736061,0.07269132983744757,0.09111388420949715,0.45836254641082746,0.7395878304155499,0.5252596553577981,watch,watch,-0.004954284864020564,-0.0020110872953949866,0.026821402462320454,-0.18750677259543136,False,macro_1,macro_1,0.8571428571428571,0.7142857142857143,0.44285714285714284,0.5357142857142857
83,macro_0,0.5324184285153964,0.7537000116552967,0.8186896735820617,0.7597842102435693,0.0605500651329943,0.1428871989215546,True,0.8095238095238095,0.6549464903990776,0.526729380321084,0.06951310044032488,0.08917731644360306,0.45353037958112874,0.7401239056952595,0.5256771792328281,watch,watch,-0.023818387853034716,-0.0023803248261002664,0.006741249282568362,-0.2077054771798631,True,macro_0,macro_0,0.8571428571428571,0.7142857142857143,0.44285714285714284,0.3857142857142857
84,macro_3,0.5936556845897578,0.1813462575358249,0.500439839671529,0.732909097906302,0.06866071680772368,0.5603122049146535,True,0.8571428571428571,0.6478386538274564,0.5270481769138436,0.06981782576002026,0.08437431557445596,0.46377464482179365,0.738329778792271,0.5243880909895936,watch,watch,0.01870944205347218,-0.004085633127676114,0.06926759360016421,-0.1446740942025132,False,macro_3,macro_3,0.9047619047619048,0.7619047619047619,0.4119047619047619,0.5047619047619047
85,macro_4,0.618705957719759,0.9059051740943893,0.740736813729991,0.8831063725198138,0.127399979215314,0.4254303489948815,True,0.8571428571428571,0.6502795447308923,0.5357535092404365,0.06927885601233257,0.08202156017836162,0.47973326915627984,0.7371128950322751,0.5234803771895368,watch,watch,0.050364097539856066,-0.0020019882557308134,0.09522558053022223,-0.11840693731251606,False,macro_4,macro_4,0.9047619047619048,0.7619047619047619,0.4119047619047619,0.5047619047619047
86,macro_0,0.5170651112741677,0.5963989428546123,0.7471582008844554,0.43040705133177815,0.009747774780177729,0.44478635725172994,True,0.8571428571428571,0.6465985973894984,0.5357086925734956,0.06929121410276977,0.07840611498047301,0.4812012929209337,0.736411420332325,0.5229906295463662,watch,fallback,0.008172606372747127,-0.0022800242744016597,-0.00592551827219856,-0.21934630905815733,True,adaptive_fallback,macro_0,0.9047619047619048,0.8095238095238095,0.4119047619047619,0.12380952380952379
87,macro_3,0.5178592846509409,1.0,0.5774505478139204,0.7433163407203892,0.1310466707557602,0.2629992729348155,True,0.8571428571428571,0.657609116762209,0.5388440046935781,0.06675830936338766,0.0791805287058943,0.46290265322340585,0.7388201958897731,0.5247636155963555,watch,fallback,-0.006844354633835525,0.0015724339747406723,-0.0069043309454146495,-0.2209609112388322,True,adaptive_fallback,macro_3,0.9047619047619048,0.8095238095238095,0.4119047619047619,0.12380952380952379
88,macro_2,0.4213851711317209,0.02974048473057389,0.7344081631021697,0.2805024694429331,0.10091556858267033,0.3233061970804555,True,0.8571428571428571,0.6441760322120502,0.5292141394872953,0.06848245170550035,0.08027858238912655,0.4519412742017013,0.7385576123648564,0.5246111116835814,fallback,fallback,-0.022206651476735107,-0.002154091637405475,-0.10322594055186052,-0.3171724412331355,True,adaptive_fallback,fixed_fallback,0.9047619047619048,0.7619047619047619,0.16190476190476188,0.15476190476190474
89,macro_2,0.6436405072540536,0.21911945045377113,1.0,0.7012014210417514,0.19878325913037567,0.6915976306872873,False,0.8095238095238095,0.6335921044554473,0.5317983793006806,0.07180918071980881,0.08962406596007594,0.4663923853942537,0.7371699980291936,0.5235433258626195,watch,watch,0.009996964532859165,-0.0028493098744018174,0.1200971813914341,-0.09352949077513995,False,macro_2,macro_2,0.9047619047619048,0.7619047619047619,0.3119047619047619,0.5047619047619047
90,macro_4,0.5009669767183381,0.9551960483208997,0.6855757611518428,0.56315318508762,0.04954939970215284,0.6266340157558734,True,0.8095238095238095,0.634009216708372,0.5341511887932848,0.06983085708843485,0.08595790213526555,0.4697989209528095,0.7365609506898032,0.52312256885225,watch,fallback,-0.023547796200284177,-0.003254065604504075,-0.022155592133911828,-0.2355939739714651,True,adaptive_fallback,macro_4,0.9047619047619048,0.7619047619047619,0.4119047619047619,0.15476190476190474
91,macro_2,0.4108361544829182,0.6579222976723701,0.5645245069076384,0.678597538269271,0.0997717672623402,0.19020249983566817,True,0.8571428571428571,0.6380753816480808,0.5263962357745731,0.07413073371801043,0.08836846317642852,0.4543009049916068,0.738696032253506,0.5246484976288268,fallback,fallback,-0.021245791358249888,-0.0017046431482835357,-0.1138123431459086,-0.3278598777705878,True,adaptive_fallback,fixed_fallback,0.9047619047619048,0.7142857142857143,0.16190476190476188,0.1857142857142857
92,macro_0,0.4074188730038928,0.6931464849390163,0.49427829428194886,0.6171082368017555,0.11577880579721425,0.5082086948684253,True,0.8571428571428571,0.6402413509906558,0.5224821851594353,0.07822668127443537,0.08674036178113902,0.4645110677496011,0.7383258058879205,0.5243271790393372,fallback,fallback,-0.02208808232940962,-0.003473553154310638,-0.11690830603544444,-0.3309069328840277,True,adaptive_fallback,fixed_fallback,0.8571428571428571,0.6666666666666666,0.19285714285714284,0.21666666666666665
93,macro_4,0.4843757645708594,0.6504413633762496,0.7097531029896521,0.8723904699562949,0.13902037161255,0.3691253695611166,True,0.8571428571428571,0.6353465670754754,0.520686308403401,0.07866781090722165,0.09040989412285094,0.4692108512339499,0.7377158071287803,0.5238713949315215,fallback,fallback,0.012598118687827698,-0.0017658930273149575,-0.03949563036066206,-0.25334004255792086,True,adaptive_fallback,fixed_fallback,0.8095238095238095,0.6666666666666666,0.2238095238095238,0.21666666666666665
94,macro_4,0.701093913120208,0.6590442979196974,0.8875592139000499,0.5341607333082783,0.18686606207968734,0.6649484983198432,False,0.8095238095238095,0.6379271813047518,0.5284951788875598,0.08796851305307443,0.09786755936414858,0.4872166808373796,0.7377249182695796,0.5237350298683094,accepted,watch,0.011490681173230866,0.0008670153698608907,0.17735888325189852,-0.036631005149371676,False,macro_4,macro_4,0.8095238095238095,0.6666666666666666,0.3738095238095238,0.5666666666666667
95,macro_1,0.6149800897131369,0.7492386533396781,0.6918234954881058,0.5741745971467234,0.13154137470408794,0.546936279514542,True,0.8095238095238095,0.6419319743651438,0.5354963672911424,0.08875651498011641,0.09835050079125769,0.4872250784565272,0.738216742405877,0.5240735792788247,watch,watch,0.022802622598959755,0.0015845515313543724,0.0909065104343122,-0.12323665269274009,False,macro_1,macro_1,0.8095238095238095,0.6666666666666666,0.4738095238095238,0.5666666666666667
96,macro_2,0.34365535401377323,0.38032727126001775,0.7280215574858985,0.9657708634921912,0.0038051140107660253,0.606313377159218,True,0.8095238095238095,0.6442643830881929,0.5243965840959263,0.097485413310663,0.09560097853939409,0.4888653350013689,0.7388521032859264,0.5244648965232004,fallback,fallback,-0.013436160093828997,0.0012378002880224282,-0.18080954250942716,-0.3951967492721532,True,adaptive_fallback,fixed_fallback,0.8095238095238095,0.6666666666666666,0.2238095238095238,0.21666666666666665
97,macro_3,0.5164024115003613,0.5812251012236684,1.0,0.6021266424904079,0.21176913619302395,0.45058134705348774,True,0.8095238095238095,0.6409522444880401,0.5213380768454049,0.09663675865338085,0.10522817663439983,0.48473470087582565,0.7393610796690723,0.5248235400596584,watch,fallback,0.021796707699293694,0.00014217869947685813,-0.008421128559297109,-0.22295866816871102,True,adaptive_fallback,macro_3,0.8095238095238095,0.6190476190476191,0.3738095238095238,0.2476190476190476
98,macro_0,0.5590355596567687,0.931283173396043,0.4922741672497132,0.48751270247944467,0.0,0.4704055334452264,True,0.8095238095238095,0.6501841316505395,0.5204896519652403,0.09620223416204757,0.09717260778033644,0.4875199831107079,0.7395433497159812,0.5249587062482111,watch,watch,0.014931959017181851,0.0029675129150128045,0.034076853408557595,-0.18050779005921258,True,macro_0,macro_0,0.8095238095238095,0.6190476190476191,0.4738095238095238,0.4476190476190476
99,macro_0,0.5989213057225655,0.6643395259906998,0.42301137558200697,0.3958622124494595,0.14302815919270387,0.33807729793248753,False,0.7619047619047619,0.6380848299238622,0.5179854109148593,0.09326060202618508,0.09824927379749793,0.46454701148499505,0.7400005266635312,0.5253861184587799,watch,watch,-0.02043452147952849,3.152972382207686e-05,0.0735351872637856,-0.1410792209409657,True,macro_0,macro_0,0.7619047619047619,0.5714285714285714,0.5047619047619047,0.47857142857142854
100,macro_0,0.6650770223205368,0.0,0.0,0.0,0.1891201695149305,0.9837898157779006,False,0.7619047619047619,0.6145015350381002,0.5258410560576279,0.09848127251333784,0.10153141282659126,0.4912519419146089,0.7361203847213037,0.522525311076521,watch,watch,0.010019386521479979,-0.0054860878654087175,0.14255171124401578,-0.07104336240076692,False,macro_0,macro_0,0.7619047619047619,0.5238095238095238,0.40476190476190477,0.6595238095238095
101,macro_0,0.7082647555532996,0.0,0.0,0.0,0.05302637934610234,0.9322913962445761,False,0.7142857142857143,0.5891078808755661,0.5420972125115716,0.09910429694176805,0.09909934316727742,0.5092432910874065,0.7320456291459421,0.5196021427698247,accepted,watch,0.07292188030790528,-0.011031300442525361,0.18866261278347485,-0.02378087359264247,False,macro_0,macro_0,0.7142857142857143,0.5238095238095238,0.5357142857142857,0.6595238095238095
102,macro_0,0.6973532745056352,0.0,0.0,0.0,0.096461972769908,0.9888812198488528,False,0.7142857142857143,0.5631505001090575,0.5526282218018195,0.10340855002750819,0.10080203555192775,0.5327067866997588,0.7280193132102413,0.516660636729101,watch,watch,0.036190172601054796,-0.015560348875796515,0.18069263777653422,-0.030666038704606047,False,macro_0,macro_0,0.7142857142857143,0.5238095238095238,0.5357142857142857,0.6595238095238095
103,macro_0,0.6956574828885939,0.0,0.0,0.0,0.09466129931886302,0.8735724802037272,False,0.6666666666666666,0.5379903347682079,0.5594651944241278,0.10801435238592996,0.10530971647187364,0.5429184303003011,0.7253252902319834,0.514697323893928,watch,watch,0.02732438464636504,-0.022438759376466312,0.1809601589946659,-0.029667807343389585,False,macro_0,macro_0,0.6666666666666666,0.47619047619047616,0.5666666666666667,0.6904761904761905
104,macro_0,0.6629101783142278,0.0,0.0,0.0,0.02374055420013098,0.9802708890242133,False,0.6190476190476191,0.5000808835482781,0.5656790872716912,0.11011368711976668,0.10355688261792775,0.5827938441147135,0.7184070887523077,0.5096859908622021,watch,watch,0.012797774518332462,-0.027600789275116822,0.1532241874520257,-0.055496910438079916,False,macro_0,macro_0,0.6190476190476191,0.42857142857142855,0.5976190476190476,0.7214285714285714
105,macro_0,0.656851103267738,0.0,0.0,0.0,0.12501474599329446,0.9513975663841431,False,0.5714285714285714,0.4771820389097644,0.5686883929230235,0.11176760577083988,0.10624040781724065,0.6014169565656415,0.7149206802964269,0.5071557219309766,watch,watch,-0.0016451838105597584,-0.027463899225667165,0.1496953813367614,-0.05806957702868887,False,macro_0,macro_0,0.5714285714285714,0.38095238095238093,0.6285714285714286,0.7523809523809524
106,macro_0,0.6859312140745175,0.0,0.0,0.0,0.03444020998499624,1.0,False,0.5238095238095238,0.4358333309954687,0.5718895956065835,0.11420789697898244,0.10181375213960646,0.6287774161373137,0.7085265966952567,0.5025646331359773,watch,watch,-0.0044667082957564165,-0.030654909976019475,0.1833665809385402,-0.022595382620739235,False,macro_0,macro_0,0.5238095238095238,0.3333333333333333,0.6595238095238095,0.7833333333333333
107,macro_0,0.7515858928862316,0.0,0.0,0.0,0.12188955795546422,0.9527120919167081,False,0.47619047619047616,0.4056928124147115,0.5830572518738247,0.11990305716377073,0.10715383705271535,0.6529643558832652,0.7043536075670745,0.49950194185633107,accepted,accepted,0.010846523676119268,-0.031491537538869206,0.2520839510299005,0.04723228531915702,False,macro_0,macro_0,0.47619047619047616,0.2857142857142857,0.6904761904761905,0.8142857142857143
108,macro_0,0.796299271134307,0.0,0.0,0.0,0.1410308140340337,0.9509165638950061,False,0.42857142857142855,0.36615987326549354,0.5963162988492231,0.1274881165701433,0.10762927244691885,0.6857223221194646,0.6984150072294187,0.4951674285278006,accepted,accepted,0.020128357649142625,-0.03436609230054287,0.3011318426065064,0.09788426390488825,False,macro_0,macro_0,0.42857142857142855,0.2857142857142857,0.7214285714285714,0.8142857142857143
109,macro_0,0.6615097126051422,0.0,0.0,0.0,0.1743969231534132,0.9509542968613041,False,0.38095238095238093,0.3487492136450885,0.6077508008241479,0.12164866923665393,0.11112838456933517,0.7156103268709337,0.6940256918279265,0.49200339418750616,watch,watch,-0.0002800931418171171,-0.030266333980637918,0.16950631841763608,-0.032515979222784264,False,macro_0,macro_0,0.38095238095238093,0.2857142857142857,0.6523809523809524,0.8142857142857143
110,macro_0,0.6272826453005514,0.0,0.0,0.0,0.1925049087520609,0.9388205545728101,False,0.38095238095238093,0.32432311195737673,0.6069718550168383,0.12145959298754812,0.11082941550370115,0.7273828470559585,0.6906082158004868,0.4895658032831843,watch,watch,-0.005913691593437309,-0.030571785390477536,0.13771684201736717,-0.06332557049993537,False,macro_0,macro_0,0.3333333333333333,0.23809523809523808,0.6833333333333333,0.8452380952380952
111,macro_0,0.6629219736388983,0.0,0.0,0.0,0.12894234780018712,0.9375334634412869,False,0.3333333333333333,0.28650117596269936,0.6146839977273411,0.11951841198656996,0.11461003207979802,0.7421875826600258,0.6857131858671813,0.48608414924030785,watch,watch,-0.00460184808712385,-0.029866431006553874,0.17683782439859042,-0.022791212228283064,False,macro_0,macro_0,0.2857142857142857,0.19047619047619047,0.8142857142857143,0.8761904761904762
112,macro_0,0.6382428453020119,0.0,0.0,0.0,0.13340648659175258,0.9781390798556479,False,0.2857142857142857,0.2544083459454053,0.6255128877663456,0.11005260790423353,0.11621168538119862,0.7797083721847868,0.6788410745749681,0.4811771796955508,watch,watch,-0.022668609516843928,-0.03025689329386124,0.15706566560646112,-0.0405982292729562,False,macro_0,macro_0,0.23809523809523808,0.19047619047619047,0.8452380952380952,0.8761904761904762
113,macro_0,0.6591470049394464,0.0,0.0,0.0,0.08511894245537163,0.962220131999719,False,0.23809523809523808,0.2232128589574752,0.6374999416680386,0.09817848695289215,0.11475169188872991,0.8013279644291341,0.6729544292109719,0.47704421428446886,watch,watch,-0.027430453238972106,-0.02858940286160367,0.1821027906549776,-0.013807424271525481,False,macro_0,macro_0,0.23809523809523808,0.19047619047619047,0.8452380952380952,0.8761904761904762
114,macro_0,0.6998391091159675,0.0,0.0,0.0,0.09575610069335534,0.9632805759219076,False,0.19047619047619047,0.18722655235809488,0.6477601009320914,0.09246858276274127,0.1126914885116254,0.8296210694939338,0.6665119456080116,0.47245968317403275,watch,accepted,0.007665879302165046,-0.032304532257398724,0.22737942594193472,0.03332716350795584,False,macro_0,macro_0,0.23809523809523808,0.19047619047619047,0.8452380952380952,0.8761904761904762
115,macro_0,0.6342874234049245,0.0,0.0,0.0,0.16042792319591753,0.9624677501664829,False,0.19047619047619047,0.15774809016904906,0.6445788395170778,0.0916878575854591,0.11143252951716016,0.8437886529152022,0.662292697161555,0.46945674119688063,watch,watch,0.001400955620874611,-0.03331500435766553,0.16483068220804387,-0.028005273756630533,False,macro_0,macro_0,0.19047619047619047,0.14285714285714285,0.7761904761904762,0.9071428571428571
116,macro_0,0.7104483355120916,0.0,0.0,0.0,0.15334230002249086,0.9262314224276645,False,0.14285714285714285,0.12364356709787869,0.6491249464598853,0.092509988711994,0.1124706688180365,0.8618503263872558,0.657565369824849,0.46606835630193744,accepted,accepted,0.009505272374638673,-0.032571521772964136,0.2443799792101542,0.0528829656872426,False,macro_0,macro_0,0.14285714285714285,0.09523809523809523,0.8071428571428572,0.9380952380952381
117,macro_0,0.7195777139736708,0.0,0.0,0.0,0.1324355511623497,1.0,False,0.09523809523809523,0.09147313787175823,0.6670260112198804,0.06167838773048897,0.11859592773001666,0.880597308427293,0.6507495557952324,0.46139503764111056,accepted,accepted,0.01626697373433177,-0.03258704161472941,0.2581826763325602,0.06882815817843835,False,macro_0,macro_0,0.09523809523809523,0.047619047619047616,0.9380952380952381,0.969047619047619
118,macro_0,0.7558218012375039,0.0,0.0,0.0,0.09953712372062588,0.9142183000625167,False,0.047619047619047616,0.056567342580707294,0.6784269345406967,0.054107343165751914,0.113251546183712,0.90267525857058,0.6445663937967072,0.45703462747205087,accepted,accepted,0.019334959259611484,-0.03332910327535358,0.298787173765453,0.11125540744079665,False,macro_0,macro_0,0.047619047619047616,0.047619047619047616,0.969047619047619,0.969047619047619
119,macro_0,0.7709637415843984,0.0,0.0,0.0,0.17067918736503215,0.9872717144986043,False,0.0,0.02240258130495936,0.6885187527277267,0.05035976135248061,0.12137912653442783,0.927287933858836,0.6393687519220531,0.45330405778881805,accepted,accepted,0.014224926493686185,-0.032964794210627105,0.31765968379558035,0.13159498966234529,False,macro_0,macro_0,0.0,0.0,0.9,1.0
120,macro_0,0.729891445385426,0.0,0.0,0.0,0.0235341059433615,0.9457105513682743,False,0.0,0.0,0.6947554260450057,0.04668473545072634,0.11568893352255435,0.9562228506891117,0.6341782867922824,0.44958842307209174,accepted,accepted,0.01912080439610031,-0.03154961803380981,0.2803030223133343,0.09571315859314367,False,macro_0,macro_0,0.0,0.0,1.0,1.0
121,macro_0,0.7933596029039445,0.0,0.0,0.0,0.06411611672767181,0.991443328066988,False,0.0,0.0,0.7008641203585013,0.050817136606636934,0.10973635958030396,0.9565873036552588,0.6341225682109285,0.4495350729942285,accepted,accepted,0.016582253478370567,-0.024728713419575738,0.34382452990971596,0.15923703469301598,False,macro_0,macro_0,0.0,0.0,1.0,1.0
122,macro_0,0.6550186042919836,0.0,0.0,0.0,0.11536311551824868,0.9437122986037997,False,0.0,0.0,0.6983285893460577,0.05174923290844731,0.11270477558850141,0.9571311561485552,0.6343317326761014,0.4496677833000491,watch,accepted,-0.012911821936337442,-0.018294627574351647,0.20535082099193447,0.02068687161588212,False,macro_0,macro_0,0.0,0.0,1.0,1.0
123,macro_0,0.6938235445252632,0.0,0.0,0.0,0.1770765582307963,0.9934345877134035,False,0.0,0.0,0.6981605069660399,0.051758290657940985,0.11654356537235323,0.9573479831897241,0.6345454385197985,0.4498087781564078,watch,accepted,-0.012399651342448137,-0.01131346851614146,0.24401476636885538,0.05927810600546468,False,macro_0,macro_0,0.0,0.0,0.9,1.0
124,macro_0,0.6886028313193352,0.0,0.0,0.0,0.016030900401649076,0.9710205954097997,False,0.0,0.0,0.6978245711770277,0.05179822736394182,0.1127992606620097,0.9619883696281086,0.6339527442585872,0.449382579616991,watch,accepted,-0.01647218205301264,-0.004480516260991873,0.23922025170234418,0.05465008706074803,False,macro_0,macro_0,0.0,0.0,1.0,1.0
125,macro_0,0.7019596746758647,0.0,0.0,0.0,0.027538500988582792,0.9966381490638279,False,0.0,0.0,0.6996840710037723,0.05117938983672112,0.1129801152709836,0.9627677629633282,0.6338517370661304,0.4493121083248757,accepted,accepted,-0.005586354141912264,0.0,0.252647566350989,0.06810793760973433,False,macro_0,macro_0,0.0,0.0,1.0,1.0
126,macro_0,0.7312295538881033,0.0,0.0,0.0,0.017925417643261596,1.0,False,0.0,0.0,0.7032259019856945,0.05063774153026393,0.10788062344479157,0.9650821645640834,0.6333172835639819,0.4489421821404599,accepted,accepted,-0.012426009803168237,0.0,0.2822873717476434,0.09791227032412142,False,macro_0,macro_0,0.0,0.0,1.0,1.0
127,macro_0,0.6638366134552943,0.0,0.0,0.0,0.14979084999597492,0.9606527953805709,False,0.0,0.0,0.7021737781466838,0.05124098989611615,0.11337351106436198,0.9632084881536345,0.6338450108032602,0.4493044806481622,watch,accepted,0.001763601832662154,0.0,0.21453213280713213,0.029991602652034155,False,macro_0,macro_0,0.0,0.0,1.0,1.0
128,macro_0,0.7656685816397419,0.0,0.0,0.0,0.15475656626892942,0.9585179844429942,False,0.0,0.0,0.7028443823730415,0.052006427481451165,0.11493860669833651,0.9634849592263147,0.633978033862311,0.4493887680884271,accepted,accepted,0.014369007422895753,0.0,0.31627981355131485,0.13169054777743094,False,macro_0,macro_0,0.0,0.0,0.9,1.0
129,macro_0,0.7437987021655074,0.0,0.0,0.0,0.20488703497818572,0.8624975138079102,False,0.0,0.0,0.7003443552792891,0.048428068936874014,0.11797937912424852,0.9592745282697863,0.6342110460008219,0.44958410691562645,accepted,accepted,0.011039174169234434,0.0,0.2942145952498809,0.10958765616468547,False,macro_0,macro_0,0.0,0.0,0.9,1.0
130,macro_0,0.6976538011653965,0.0,0.0,0.0,0.25520215104601485,0.9535313759732683,False,0.0,0.0,0.7020655023535869,0.04761431378095504,0.1218272471191343,0.959397246322737,0.6343670002238055,0.44968997079444895,watch,accepted,-0.0008611747020936366,0.0,0.2479638303709476,0.063286800941591,False,macro_0,macro_0,0.0,0.0,0.9,1.0
131,macro_0,0.7035859139929771,0.0,0.0,0.0,0.018617468812730048,0.9865036557160103,False,0.0,0.0,0.7056989913389405,0.04442693236811592,0.11354689283630902,0.961667870186699,0.6334335385446919,0.4490631501206562,accepted,accepted,-0.005528727979025238,0.0,0.2545227638723209,0.07015237544828523,False,macro_0,macro_0,0.0,0.0,1.0,1.0
132,macro_0,0.6318291073993756,0.0,0.0,0.0,0.08759484914035187,0.9433913864456043,False,0.0,0.0,0.704218378660868,0.04639822001478405,0.11157796432869782,0.96194681890119,0.6334507899488094,0.4490662204398158,watch,watch,-0.006401501211183746,0.0,0.18276288695955978,-0.001621682549433845,False,macro_0,macro_0,0.0,0.0,1.0,1.0
133,macro_0,0.5562010147506501,0.0,0.0,0.0,0.06286175145968578,0.9552220083018502,False,0.0,0.0,0.7003116248250889,0.05490525848748443,0.10821869122717082,0.9608555297795808,0.6340170997702625,0.4494226787866863,watch,watch,-0.04189351337781837,0.0,0.1067783359639638,-0.07781608501961246,False,macro_0,macro_0,0.0,0.0,1.0,1.0
134,macro_0,0.6759543820886227,0.0,0.0,0.0,0.026004141951322945,0.9467794187907329,False,0.0,0.0,0.7011119761179069,0.05439533331496054,0.10540370072697802,0.96012025772201,0.6338662280910548,0.44932869923150653,watch,accepted,-0.013568864015376936,0.0,0.22662568285711615,0.042088153997567934,False,macro_0,macro_0,0.0,0.0,1.0,1.0
135,macro_0,0.6961998392115287,0.0,0.0,0.0,0.10300704338282304,0.8803605320210763,False,0.0,0.0,0.7009386775510288,0.05440538757661624,0.10574898371219078,0.9561716842029229,0.6342036352926268,0.44957992767514304,watch,accepted,-0.00029079239077356434,0.0,0.24661991153638568,0.061996203918901926,False,macro_0,macro_0,0.0,0.0,1.0,1.0
136,macro_0,0.6917685291543473,0.0,0.0,0.0,0.06286934884280668,0.985256929330136,False,0.0,0.0,0.703675873062906,0.0522892383119749,0.1011033373144236,0.9572568832107158,0.6336687886469661,0.4492231824155328,watch,accepted,-0.002363476967725964,0.0,0.2425453467388145,0.0580997405073812,False,macro_0,macro_0,0.0,0.0,1.0,1.0
137,macro_0,0.6255105497603923,0.0,0.0,0.0,0.11019643289690956,0.9259271153917604,False,0.0,0.0,0.6996312165985393,0.05495620812068522,0.09904877221320543,0.9572423923994823,0.6337600315904885,0.44927521775059354,watch,watch,-0.0012637115277966515,0.0,0.1762353320097988,-0.008249481830096217,False,macro_0,macro_0,0.0,0.0,1.0,1.0
138,macro_0,0.6578941856766749,0.0,0.0,0.0,0.07607016243213802,0.9019095960919719,False,0.0,0.0,0.6966939057272539,0.0554827133053494,0.09636470608319536,0.9525714207848143,0.6340147857666345,0.4494744386615065,watch,accepted,0.020338634185204964,0.0,0.2084197470151684,0.0238793999100404,False,macro_0,macro_0,0.0,0.0,1.0,1.0
139,macro_0,0.7679628771279855,0.0,0.0,0.0,0.0016357953295608602,0.9898082120621655,False,0.0,0.0,0.6972720521982292,0.05618841893635167,0.09170273806457321,0.9561709404038452,0.6335035625664749,0.44910727404516976,accepted,accepted,0.018401699007872564,0.0,0.31885560308281574,0.1344593145615106,False,macro_0,macro_0,0.0,0.0,1.0,1.0
140,macro_0,0.7168100243555661,0.0,0.0,0.0,0.14053735486507435,0.9678405384580477,False,0.0,0.0,0.694693303758761,0.05383046856055464,0.09026741270743238,0.955245646306676,0.6333028305427562,0.4489874811579244,accepted,accepted,0.004122037028807468,0.0,0.26782254319764165,0.08350719381280991,False,macro_0,macro_0,0.0,0.0,1.0,1.0
141,macro_0,0.7112151619909268,0.0,0.0,0.0,0.13861300855647413,0.9742692669416828,False,0.0,0.0,0.6938039569304515,0.053372202428346886,0.09574736045091393,0.9566055851435048,0.6334861710098421,0.4491021694308437,accepted,accepted,0.0038893265673159093,0.0,0.26211299256008314,0.07772899098108477,False,macro_0,macro_0,0.0,0.0,1.0,1.0
142,macro_0,0.6650504701673201,0.0,0.0,0.0,0.07041291245646106,0.9578620548437895,False,0.0,0.0,0.6876939982287075,0.04853004878155881,0.09604720786657055,0.9550064768947811,0.6332447182229364,0.4489680021400539,watch,accepted,0.007907984081385554,0.0,0.21608246802726622,0.03180575194438373,False,macro_0,macro_0,0.0,0.0,1.0,1.0
143,macro_0,0.7173375856855246,0.0,0.0,0.0,0.0,0.9284164460568503,False,0.0,0.0,0.6906615687712571,0.04833706529660972,0.09055372617522538,0.954278102963974,0.6329579405571244,0.448782316134001,accepted,accepted,0.011888680001769947,0.0,0.26855526955152365,0.08437964512840024,False,macro_0,macro_0,0.0,0.0,1.0,1.0
144,macro_0,0.7446187774145933,0.0,0.0,0.0,0.0,0.9865929579601914,False,0.0,0.0,0.6930803893850348,0.04975336940715245,0.08212150911661603,0.953952311070964,0.632591375213892,0.4485353901707645,accepted,accepted,-0.004668819942678449,0.0,0.29608338724382877,0.11202740220070129,False,macro_0,macro_0,0.0,0.0,1.0,1.0
145,macro_0,0.7183190970810688,0.0,0.0,0.0,0.006038063521269468,0.9206826998659262,False,0.0,0.0,0.6944954496594029,0.05004140729438152,0.08164565974135986,0.9515552684260175,0.6327776306939507,0.44867458064881244,accepted,accepted,0.00030181454510054274,0.0,0.26964451643225634,0.08554146638711813,False,macro_0,macro_0,0.0,0.0,1.0,1.0
146,macro_0,0.4841567962327568,0.4831474521069103,0.5318634671504529,0.09991987886650866,0.12530637829467273,0.24465540107089886,False,0.0,0.01672403892128593,0.684123884019255,0.06782717983961008,0.08630127294641177,0.91574656614064,0.6390169293648309,0.4530692986658887,fallback,watch,-0.045411673151634004,0.003344807784257186,0.031087497566868127,-0.15486013313207408,True,macro_0,fixed_fallback,0.047619047619047616,0.0,0.719047619047619,0.85
147,macro_3,0.5571085932211444,0.7628393709122525,0.5140853160210463,0.3763574141459276,0.14517748232940356,0.6353615613857224,True,0.047619047619047616,0.046616726107316625,0.6758324097017807,0.07227750237422699,0.09236089507432328,0.8983828309685316,0.6441149000276466,0.45666851189108454,watch,watch,-0.021588375389235148,0.009323345221463325,0.10044008133005983,-0.08700630680650223,False,macro_3,macro_3,0.09523809523809523,0.047619047619047616,0.9380952380952381,0.969047619047619
148,macro_3,0.5837211521565607,1.0,0.8563579700287958,0.422124583944105,0.10464696905641818,0.4621674270653119,False,0.047619047619047616,0.08088437555937496,0.6720173877351744,0.07500522961213536,0.09021118645815392,0.8746454324773286,0.6495298925142111,0.46054188927944933,watch,watch,-0.02672328670579278,0.016176875111874992,0.1231792628771114,-0.06580874035765039,False,macro_3,macro_3,0.09523809523809523,0.047619047619047616,0.9380952380952381,0.969047619047619
149,macro_4,0.4459252297504964,0.7822588593620101,0.729940362718865,0.5327335877002775,0.1045318988291376,0.5465011755421727,True,0.09523809523809523,0.11557828181411733,0.6567915138356865,0.08660093394696601,0.08781953562768764,0.8550255844344324,0.6553530282800756,0.46463177278337797,fallback,fallback,-0.059738709532819366,0.023115656362823468,-0.01870654303288155,-0.20942779852957916,True,adaptive_fallback,fixed_fallback,0.14285714285714285,0.09523809523809523,0.6571428571428571,0.5880952380952381
150,macro_2,0.5086102423433512,0.8723662686295797,1.0,0.7544134966963085,0.0,0.20227420282187664,True,0.14285714285714285,0.15784256189154156,0.6455920633679648,0.0899299427619638,0.07806301015253594,0.8235863791493833,0.6617755218873127,0.46925281412764447,watch,watch,-0.04194177094754352,0.03156851237830831,0.0393574282157067,-0.15316527954396153,True,macro_2,macro_2,0.19047619047619047,0.14285714285714285,0.8761904761904762,0.7571428571428571
151,macro_3,0.5003765260554964,0.5545066993309109,0.6166411235130453,0.48285110885353183,0.12430501697332386,0.38093743119849455,True,0.19047619047619047,0.18625569226411343,0.6361979074103504,0.09441180179103313,0.07182981329193161,0.796320000826775,0.6667827021010678,0.4728524810301103,watch,watch,0.003243945964547923,0.0339063306685655,0.027524045025386135,-0.1664061760455714,True,macro_3,macro_3,0.23809523809523808,0.19047619047619047,0.8452380952380952,0.7261904761904762
152,macro_2,0.45644686095167686,0.3846472324687782,0.7448928747905216,0.3276662981953581,0.05271752034712877,0.21383707866867763,True,0.23809523809523808,0.21111277256096964,0.6244293810750504,0.1007801069572257,0.07345362526976011,0.7595263543007115,0.6728187949848036,0.47718346317987687,fallback,fallback,-0.0201323464538935,0.032899209290730605,-0.020736602228200007,-0.2163719340331267,True,adaptive_fallback,fixed_fallback,0.2857142857142857,0.23809523809523808,0.5642857142857143,0.49523809523809514
153,macro_0,0.43798987607185325,0.6329599925750939,0.3577420037767633,0.5086713683802513,0.08067209434328909,0.44294005855283985,True,0.2857142857142857,0.23824550304045972,0.6151989414880256,0.10863892279657307,0.0731239702794238,0.7356953386867703,0.6780474752495956,0.4808923698426316,fallback,fallback,-0.029146255216941495,0.03147222549621695,-0.04290249377077837,-0.2400575991777424,True,adaptive_fallback,fixed_fallback,0.2857142857142857,0.23809523809523808,0.5642857142857143,0.49523809523809514
154,macro_1,0.5647105591202699,0.8782200927885389,0.8866198985836005,0.583045483100916,0.03369692193015249,0.5351583479725524,True,0.3333333333333333,0.2772314260183904,0.6156041578865789,0.10842351777079465,0.07173516887325554,0.715692307242518,0.6834457495764965,0.4847552440302062,watch,watch,0.023757065873954698,0.032330628840854615,0.0799553150900637,-0.1187351904562266,False,macro_1,macro_1,0.3333333333333333,0.2857142857142857,0.7833333333333333,0.8142857142857143
155,macro_2,0.5145728920163656,0.9818352724182521,0.535111494207241,0.6381981793188433,0.0,0.5428652243281352,True,0.38095238095238093,0.3146629273207152,0.6079193250259952,0.10964446211733177,0.07049687639938303,0.6964582979823943,0.6887509984468294,0.4885410051953484,watch,watch,0.0011925299346028817,0.031364073085834734,0.026031886821017203,-0.17417810643046383,True,macro_2,macro_2,0.38095238095238093,0.3333333333333333,0.7523809523809524,0.6333333333333333
156,macro_3,0.5665515479622903,0.615901559886189,0.71415531644636,0.6342122878642612,0.150984724575416,0.5457772702188891,True,0.42857142857142855,0.3472082856555787,0.6017455968712696,0.10806377560228331,0.0727815278847446,0.6805257617060997,0.6932907613503373,0.49178748418902846,watch,watch,0.013235004381358783,0.032190518678293055,0.07476406377326189,-0.12673921338804695,False,macro_3,macro_3,0.42857142857142855,0.38095238095238093,0.6214285714285714,0.7523809523809524
157,macro_1,0.6401014468945762,0.6910675976630796,0.9506778478157499,0.5573617131411687,0.1247824280556629,0.3242213801894947,True,0.47619047619047616,0.38308623467007685,0.5992852596208044,0.10648838349685684,0.07572976975202346,0.6490478784136882,0.6994476500587825,0.4962267736870078,watch,watch,0.03673091718857986,0.03439469242182144,0.14387467320756836,-0.05934620316420636,False,macro_1,macro_1,0.47619047619047616,0.42857142857142855,0.6904761904761905,0.7214285714285714
158,macro_0,0.6415639174771901,0.5349694274442691,0.9259393380493222,0.7361454147867224,0.026563820698069895,0.5568302439259543,True,0.5238095238095238,0.41782475653611106,0.6000497057025566,0.10674337532808648,0.07174726440922156,0.6314718369153164,0.704109034591186,0.499566482085382,watch,watch,0.04071480828106737,0.03591585069913027,0.1419974353918081,-0.06254511711399591,False,macro_0,macro_0,0.5238095238095238,0.47619047619047616,0.6595238095238095,0.6904761904761905
159,macro_4,0.4076734899047387,0.21900439019396561,0.774672173272268,0.528006012883115,0.0,0.36557596792421654,True,0.5714285714285714,0.4422662471368935,0.5881344344753215,0.1137022736388937,0.0681248757219769,0.6059321403358995,0.7089357279212475,0.5030128175902524,fallback,fallback,-0.03140741384310625,0.03300696422370062,-0.09533932768551373,-0.3012622380165088,True,adaptive_fallback,fixed_fallback,0.5714285714285714,0.5238095238095238,0.37857142857142856,0.30952380952380953
160,macro_1,0.43585939442053406,0.6512462211659107,0.9478573676923402,0.3418760115092846,0.05618731325741879,0.7041603735573357,True,0.6190476190476191,0.4747868106257873,0.5723199829178238,0.11049016363697918,0.0707225670518749,0.59232986231186,0.7131748591917006,0.5060486958690175,fallback,fallback,-0.015742699519166303,0.03202477666101442,-0.0701893014484834,-0.2773154647711666,True,adaptive_fallback,fixed_fallback,0.5714285714285714,0.5238095238095238,0.37857142857142856,0.30952380952380953
161,macro_0,0.5018123424404382,0.714043444817125,0.5697775610842287,0.5567416420094518,0.15810914530882303,0.41607493163432624,True,0.6666666666666666,0.5065604858019906,0.5620819980647225,0.10631423646215912,0.0715593189777677,0.5660553096059685,0.7181703218673602,0.5096740000119999,watch,fallback,-0.01294784110437044,0.03187044002928239,-0.007861657571561764,-0.21635797942692203,True,adaptive_fallback,macro_0,0.6190476190476191,0.5238095238095238,0.4976190476190476,0.30952380952380953
162,macro_2,0.5436000825989479,0.5315772475762233,0.46276879518568015,1.0,0.13589380054467898,0.6744966229620917,True,0.7142857142857143,0.5388615856985102,0.5541003276174854,0.10070187927282871,0.07142983288196791,0.5517804217974165,0.722085665140802,0.5125057729699708,watch,watch,-0.019300272859125656,0.031155070205686662,0.03109430962897708,-0.1784855825418541,True,macro_2,macro_2,0.6666666666666666,0.5714285714285714,0.5666666666666667,0.47857142857142854
163,macro_0,0.6332224004499692,0.5895361311082256,0.3334513599458129,0.39721447876778604,0.10250236859162096,0.38052646103606774,True,0.7619047619047619,0.5635511529424002,0.5525847052499925,0.09917648378640218,0.07295790222173745,0.5242882506637155,0.7267236480773591,0.5158684259443347,watch,watch,-0.0016683034054441714,0.02914527928125783,0.11735397450563456,-0.09350124762738987,False,macro_0,macro_0,0.7142857142857143,0.6190476190476191,0.5357142857142857,0.5976190476190476
164,macro_3,0.42416051471637817,0.19963083314197533,0.7893342203873318,1.0,0.16103566552397844,0.5737032373367223,True,0.8095238095238095,0.593417147625906,0.5386238923466998,0.09538756983794158,0.0806262672466888,0.5073971454865666,0.7312185247455019,0.519089800786384,fallback,fallback,0.003297404962327899,0.030230180097802505,-0.09492928607000584,-0.3070580100291237,True,adaptive_fallback,fixed_fallback,0.7619047619047619,0.6666666666666666,0.15476190476190474,0.21666666666666665
165,macro_0,0.4819461616853913,0.6446564257734669,1.0,0.4750478885441913,0.12197285424495254,0.49181871261029053,True,0.8571428571428571,0.6280183163137839,0.5261156725500711,0.08350708809988786,0.08643449840121036,0.48383646713657136,0.7359615512125164,0.5225638284548134,fallback,fallback,0.009217353452971444,0.030646301137599318,-0.040617666769422134,-0.2540153895271251,True,adaptive_fallback,fixed_fallback,0.7619047619047619,0.6666666666666666,0.25476190476190474,0.21666666666666665
166,macro_1,0.5571739264160017,0.9622069307447692,0.595922900301599,0.7762446668586429,0.0341584591526793,0.170618533909019,True,0.9047619047619048,0.6674433003179728,0.5184420929945918,0.07150334737028982,0.08777356485984891,0.44811912590052816,0.741881481640969,0.5269199934311349,watch,watch,0.011072316795112714,0.03217656290319644,0.030253932984866783,-0.1847075552249673,True,macro_1,macro_1,0.8095238095238095,0.7142857142857143,0.4738095238095238,0.3857142857142857
167,macro_1,0.6651751631029507,0.6255680496762381,0.6692856546324328,0.20223988775163537,0.14291055536949193,0.5751212568837609,False,0.9047619047619048,0.6730101473712827,0.5270620152265059,0.07779759692546259,0.08861185900626888,0.4638555952249501,0.7417330864135453,0.5267137288090166,watch,watch,0.024315016100800557,0.02682971233455451,0.1384614342939341,-0.07655792331059463,False,macro_1,macro_1,0.7619047619047619,0.7142857142857143,0.5047619047619047,0.5357142857142857
168,macro_3,0.6817157717154111,0.7738619438069321,0.5977950578937471,0.5746097478251512,0.09459647426901097,0.27493281715006634,True,0.9047619047619048,0.6765767925163234,0.5329956903928994,0.0846536859132226,0.08620323957482161,0.44669232168991885,0.743866782763986,0.5282396500534016,watch,watch,0.009698674253088369,0.02260512791478464,0.15347612166200952,-0.0621510110485749,False,macro_3,macro_3,0.7619047619047619,0.7142857142857143,0.5047619047619047,0.5357142857142857
169,macro_4,0.41934258454693285,0.7375279678814406,0.7734345538650278,0.9546599309425494,0.04227621143833825,0.10975450064193948,True,0.9523809523809523,0.6816917529859065,0.5251681395543457,0.08728751490804847,0.08323320349777018,0.4299107537649963,0.745753308399901,0.5296174813684269,fallback,fallback,-0.0009635860338890634,0.017654921072000083,-0.11027489682149405,-0.3264107238529681,True,adaptive_fallback,fixed_fallback,0.8095238095238095,0.7619047619047619,0.2238095238095238,0.15476190476190474
170,macro_3,0.50667590327073,0.449718393463411,0.26626014240420776,0.3104530481582632,0.17618762639228744,0.47499619191742926,True,0.9523809523809523,0.6671914493514489,0.5280610287695948,0.08551870680055854,0.08664538100077732,0.4265057545447705,0.7446389039756545,0.5288548067619742,watch,fallback,0.004945948317067739,0.007834626607533002,-0.022178903491244184,-0.2379630007049245,True,adaptive_fallback,macro_3,0.8095238095238095,0.7142857142857143,0.3738095238095238,0.1857142857142857
171,macro_2,0.4411474683901327,0.6814870789162235,0.8542948933049321,0.4208551295266817,0.12788110119860197,0.6627563673337677,True,0.9523809523809523,0.6578501377156625,0.5248485157242035,0.0875293930918723,0.0927349572483298,0.4484334766643843,0.742476784520665,0.5272293689847601,fallback,fallback,-0.023205291605173806,-0.0019186325204620714,-0.08608190059462745,-0.3013293161305323,True,adaptive_fallback,fixed_fallback,0.8095238095238095,0.6666666666666666,0.2238095238095238,0.21666666666666665
172,macro_1,0.6232227040865016,0.43500977822525067,0.9036336585851985,0.6779607530391709,0.0006932601253064469,0.5881196277521845,True,0.9523809523809523,0.6613133175429093,0.53069833372568,0.08988544597835825,0.08684868311270992,0.45829929554789345,0.7418691447754906,0.5267621941185564,watch,watch,-0.008390491803289813,-0.0023393659656746777,0.0964605099679452,-0.118646440688989,False,macro_1,macro_1,0.8095238095238095,0.6666666666666666,0.4738095238095238,0.5666666666666667
173,macro_3,0.5791590071404179,1.0,0.5169640390519932,0.6865823009807671,0.1509288621703596,0.28816265172988476,True,0.9523809523809523,0.6745936936750144,0.5365417692584773,0.08879920132465252,0.0915254136757209,0.461838608550808,0.7431077416099522,0.527612218657464,watch,watch,-0.020511352914998636,-0.0003966197682617967,0.05154678848295391,-0.16394873446953429,True,macro_3,macro_3,0.8095238095238095,0.6666666666666666,0.3738095238095238,0.41666666666666663
174,macro_3,0.4906424226169045,0.6805007200890517,0.4448758862789707,0.2344260094007068,0.11230848304502973,0.12400396303097555,False,0.9047619047619048,0.6685098090029311,0.5390490333796701,0.0865933668500472,0.0930319083758038,0.44665117543071925,0.7436282707163875,0.5280475607818965,fallback,fallback,0.01425996761399433,-0.0026363887965950685,-0.037405138164992024,-0.252985848099483,True,adaptive_fallback,fixed_fallback,0.8571428571428571,0.7142857142857143,0.19285714285714284,0.1857142857142857
175,macro_0,0.4627628494999475,0.37031778439715385,0.47282736021637234,0.2897571540850873,0.0740859802322876,0.0,True,0.9047619047619048,0.650417849945678,0.5341943805406072,0.08793019130486077,0.09495519686638165,0.4211674445748834,0.7440801165449488,0.5284539202616028,fallback,fallback,-0.008782610754156494,-0.003354719881154189,-0.06569107076165526,-0.28131726704500126,True,adaptive_fallback,fixed_fallback,0.8095238095238095,0.6666666666666666,0.2238095238095238,0.21666666666666665
176,macro_2,0.5624447574109982,0.26349845386666215,0.7873074800157542,0.6707333371142807,0.06744302973150174,0.3258934911169317,True,0.9047619047619048,0.6401249003495042,0.5364739931784468,0.08801656734111193,0.09816676971073889,0.41083545727911186,0.7440769850225548,0.5284861147432037,watch,watch,0.0242594578041731,-0.003545047473231655,0.03395864266779447,-0.18163222761155662,False,macro_2,macro_2,0.8095238095238095,0.6666666666666666,0.4738095238095238,0.5666666666666667
177,macro_0,0.637832346606838,0.988604336223694,0.9834792348928596,0.6727385207340729,0.028990914405414445,0.3485662120124095,True,0.9047619047619048,0.6508888836049366,0.5398683169234252,0.09057185791701226,0.09235754065502452,0.40144445450737476,0.7457605330725662,0.5296984491039547,watch,watch,0.0029219285040672726,-0.002084886787594553,0.10813389750288327,-0.10792818646572822,False,macro_0,macro_0,0.8095238095238095,0.6666666666666666,0.4738095238095238,0.5666666666666667
178,macro_0,0.44558114415117595,0.7783515692631495,0.44749112733545626,0.7809591882143734,0.0,0.4168220862826856,False,0.8571428571428571,0.6444610872853297,0.5306054453642157,0.08975154677118076,0.08641552027142152,0.4058540119403838,0.7443428427312819,0.528705233542966,fallback,fallback,-0.026715572597848392,-0.006026521277936947,-0.08312408939179,-0.298761698580106,True,adaptive_fallback,fixed_fallback,0.8095238095238095,0.6666666666666666,0.2238095238095238,0.21666666666666665
179,macro_1,0.4943972007760295,0.7262137283726038,0.3266344980307632,0.5591730730574641,0.11759149512472016,0.6819666009689551,True,0.8571428571428571,0.6388624408536335,0.5235975064736842,0.08633502245367733,0.09075017143459535,0.4118128860852886,0.7432930252809101,0.5279583556747046,fallback,fallback,0.000750955631825001,-0.005929473629859516,-0.033561154898675116,-0.24889582450488063,True,adaptive_fallback,fixed_fallback,0.7619047619047619,0.6190476190476191,0.25476190476190474,0.2476190476190476
180,macro_3,0.5424271145006262,0.3049787130180629,0.687857820612457,0.7544512491823148,0.1308435577161886,0.4099776183535449,True,0.8571428571428571,0.6421623194269424,0.5300143457401552,0.08219677798213995,0.09698081704012813,0.413927250391447,0.7434966431723573,0.5281047989171113,watch,watch,0.01593285300013574,-0.0016511061037471242,0.014322315583514933,-0.2010695286717311,False,macro_3,macro_3,0.7619047619047619,0.6190476190476191,0.5047619047619047,0.5976190476190476
181,macro_3,0.53198130531521,0.496315726074405,0.72380797923902,0.8975873896014432,0.07596656567791478,0.24223658688695843,False,0.8095238095238095,0.6383977146351856,0.5345915795922825,0.07931738391437135,0.0979226862030089,0.39193087959761963,0.7447060529810392,0.5290547638924448,watch,watch,-0.006092690419157632,-0.00034543714286372484,0.002926541422765272,-0.21272474766582916,False,macro_3,macro_3,0.7619047619047619,0.6190476190476191,0.5047619047619047,0.5976190476190476
182,macro_4,0.5671653696324895,0.3402444463201223,0.8204729150996204,0.29950446114693996,0.1161833872785765,0.23514155935354353,True,0.8095238095238095,0.631199854820396,0.5377036285061897,0.07924901873601607,0.0959262215349019,0.3833150047271061,0.7445502798948465,0.5289845893519983,watch,watch,-0.014133395394869686,-0.0039378057569081195,0.03818078028049121,-0.17738491026235692,False,macro_4,macro_4,0.7619047619047619,0.6666666666666666,0.5047619047619047,0.5666666666666667
183,macro_3,0.4200465675353115,0.8941828851839042,0.5125723279290121,0.8506938217053777,0.0730818173140885,0.26625955207266744,True,0.8095238095238095,0.636922073565884,0.5318201277888738,0.08327353362364352,0.09293517471439762,0.3638751442085621,0.7468201889926587,0.5306331201668563,fallback,fallback,-0.0051069153231728896,-0.0015078027438891306,-0.11058655263154477,-0.3267736214573472,True,adaptive_fallback,fixed_fallback,0.7619047619047619,0.6666666666666666,0.25476190476190474,0.21666666666666665
184,macro_1,0.4645579621415413,0.5054424036801637,0.82530164704339,0.786468313359402,0.07471291089034648,0.3200163343209905,True,0.8095238095238095,0.6458096230635543,0.5237884878694248,0.0811100345316122,0.09161186720481311,0.36099370960308225,0.7476869803329265,0.531267027453037,fallback,fallback,-0.005967847726897635,0.0013894364419841487,-0.06670906531149567,-0.28312901819138514,True,adaptive_fallback,fixed_fallback,0.7142857142857143,0.6190476190476191,0.2857142857142857,0.2476190476190476
185,macro_2,0.2989884332083583,1.0,0.9056132651934699,0.915983416032979,0.13336866260407945,0.508815748957305,True,0.8095238095238095,0.6614388269660775,0.5178279125595191,0.09258509274091987,0.09029439087529412,0.3579038292040624,0.7503360472320739,0.5330675184074395,fallback,fallback,-0.04868773625845359,0.0038553015078270246,-0.23407908519908122,-0.45134761402371565,True,adaptive_fallback,fixed_fallback,0.6666666666666666,0.5714285714285714,0.31666666666666665,0.2785714285714286
186,macro_1,0.53613070289577,0.7552595825381078,0.3042423504350558,0.5056529431410092,0.13199894585970917,0.38692397361963565,True,0.8095238095238095,0.6556270704881645,0.5204081288076323,0.09228967228557236,0.09077182380933015,0.35290884163307884,0.7501594829295758,0.5329647210028386,watch,watch,0.0008298795161119976,0.0034458711705957824,0.00316598189293138,-0.21402878003380577,True,macro_1,macro_1,0.7142857142857143,0.6190476190476191,0.5357142857142857,0.4476190476190476
187,macro_1,0.647717261516919,0.5538202699848518,0.5980033210577436,0.5925886253145918,0.1952395643714675,0.43308643320328866,False,0.7619047619047619,0.6409247576547861,0.5247197161933903,0.09612834600353123,0.09844235262927244,0.365407313028044,0.7484566995612738,0.5316844056594999,watch,watch,0.016110378376885892,0.0019449805668780185,0.11603285585741907,-0.10073943804435481,False,macro_1,macro_1,0.6666666666666666,0.5714285714285714,0.4666666666666667,0.6285714285714286
188,macro_3,0.3037085055553721,0.9521714344161467,0.797603853413931,0.6205053461371555,0.06734909060713401,0.4668423036306302,True,0.8095238095238095,0.6584146275684871,0.5075070182149342,0.1019091714133135,0.09484418764058875,0.36025117239694254,0.7508647539365937,0.5333631796622667,fallback,fallback,-0.02326761239598788,0.004298510800520616,-0.22965467410689455,-0.4471562483812216,True,adaptive_fallback,fixed_fallback,0.7142857142857143,0.6190476190476191,0.2857142857142857,0.2476190476190476
189,macro_0,0.4605011203321258,0.1282229232415681,0.8309206288932802,0.4830276577729326,0.12257795619873241,0.48708333523615877,True,0.8095238095238095,0.647801782902329,0.49697298719668254,0.09413824063662392,0.09617663916105165,0.37035357802008984,0.7484535496492186,0.5316788877202309,fallback,fallback,-0.0008113683618831025,0.00039843196775495303,-0.07117776738810505,-0.2879524293170928,True,adaptive_fallback,fixed_fallback,0.6666666666666666,0.5714285714285714,0.31666666666666665,0.2785714285714286
190,macro_2,0.628837659564943,0.4314196492127188,0.5408313064386333,0.8492581939131467,0.08757774311590476,0.570927859228531,True,0.8095238095238095,0.6379472793984511,0.506948943149921,0.09656916323692684,0.09833385495522148,0.3923142141432609,0.7460351551646517,0.529879269069351,watch,watch,0.06596984527131694,-0.004698309513525278,0.09895839049559196,-0.11719749559970871,False,macro_2,macro_2,0.6666666666666666,0.5714285714285714,0.5666666666666667,0.6285714285714286
191,macro_2,0.5142916989812137,0.5346439430058156,0.23482958552592575,0.6570015374821562,0.11373162738742326,0.6700350817504336,False,0.7619047619047619,0.6385544081093255,0.5073116000885156,0.09658238590883678,0.09535975976451368,0.40160178032578486,0.7451754748434475,0.529246211434128,watch,fallback,-0.004367800782911257,-0.0034145324757677955,-0.014954512452914237,-0.23088377586223374,True,adaptive_fallback,macro_2,0.6190476190476191,0.6190476190476191,0.5976190476190476,0.2476190476190476
192,macro_2,0.32154528984757014,0.886913809230797,0.48982781859079033,0.3565904921637073,0.1838842942982637,0.2589372729779446,False,0.7142857142857143,0.6326014444953517,0.5016162582531555,0.10392627188611889,0.09802657848354518,0.38237229964217423,0.7468660569380635,0.5304571398697919,fallback,fallback,-0.06523439433386977,-0.0016646626318868706,-0.2089118500222218,-0.4253207670904934,True,adaptive_fallback,fixed_fallback,0.6190476190476191,0.6190476190476191,0.2476190476190476,0.2476190476190476
193,macro_1,0.658566716491875,0.8887845597268569,0.3478530916893673,0.665275045017909,0.1260718317111125,0.3922473933795953,True,0.7142857142857143,0.6344773180130359,0.5032993064629351,0.10625423115322756,0.10399698665429787,0.3730450503863366,0.7483442854619127,0.5315033002615656,watch,watch,0.0709716421873006,-0.004787461911090252,0.12706341623030948,-0.08977756897003764,False,macro_1,macro_1,0.6190476190476191,0.6190476190476191,0.5976190476190476,0.5976190476190476
194,macro_1,0.37314333983528625,0.7161958596491778,0.5450180737548684,0.3398523833967739,0.04613283626293831,0.4259873352991338,False,0.6666666666666666,0.6205158595911022,0.4934890365912622,0.10838912420697812,0.0990066997063254,0.37960813055630094,0.7462944674335439,0.530039346536601,fallback,fallback,-0.017471556099367912,-0.005457184662245362,-0.15689600670131476,-0.37315112759825764,True,adaptive_fallback,fixed_fallback,0.6190476190476191,0.6190476190476191,0.3476190476190476,0.2476190476190476
195,macro_3,0.6808001512327223,0.20538312603290793,0.8853763940772117,0.2173639975239015,0.06777107645972669,0.4187166261879999,True,0.7142857142857143,0.6212688398938594,0.5025441665253487,0.11582734833441426,0.09688587082131098,0.39364206689711156,0.7457148587536488,0.5295370970283166,watch,watch,0.010392498333555867,-0.003335687900918338,0.15126305420440567,-0.06491470752092654,False,macro_3,macro_3,0.6190476190476191,0.6190476190476191,0.5976190476190476,0.5976190476190476
196,macro_2,0.4656895341326116,0.5041249090931438,0.520044981818909,0.3461204794877972,0.058916909141054914,0.6036925180917287,True,0.7142857142857143,0.625050653542893,0.5026835324602376,0.11577883988622945,0.09616353410268086,0.4223893296633844,0.7437460382182778,0.5280456693266181,fallback,fallback,-0.009720432969720427,-0.002700750913286498,-0.06235613519400651,-0.2780565040856662,True,adaptive_fallback,fixed_fallback,0.6666666666666666,0.6666666666666666,0.31666666666666665,0.21666666666666665
197,macro_4,0.45228000183025885,0.3664727192207402,0.6771407510908296,0.6061873959645703,0.0811786189679702,0.5861758825019416,True,0.7142857142857143,0.6249321553820822,0.4974375917182975,0.11543092943850623,0.09681760978060791,0.43478372925314684,0.7427540481398734,0.5273024779847066,fallback,fallback,0.026146942396537743,-0.0015338578226538947,-0.07502247615444779,-0.2904740463096146,True,adaptive_fallback,fixed_fallback,0.6190476190476191,0.6190476190476191,0.3476190476190476,0.2476190476190476
198,macro_2,0.5329639066400607,0.9299858055551019,0.39248707649717895,0.6297218904077837,0.05391763747871899,0.3288384368019946,True,0.7142857142857143,0.6162678882655143,0.49244385648178435,0.11124606421096318,0.09800459659362241,0.4338443113859842,0.741699204848167,0.5265905805697201,watch,watch,-0.025120561970362876,-0.00364188594950432,0.006373326070340579,-0.20873529820810632,False,macro_2,macro_2,0.6190476190476191,0.6190476190476191,0.5976190476190476,0.5976190476190476
199,macro_4,0.5275606898969865,0.5251232732515823,0.8621882150898785,0.5747184626886022,0.06536930458698226,0.765794943457091,True,0.7619047619047619,0.6186880202727778,0.4963476443744419,0.1109573754809919,0.10111742062157396,0.4504620664895273,0.7407754719838893,0.5258730030286354,watch,watch,0.030883470012340042,-0.00036556786366488404,0.0016876868683510793,-0.2132147820869028,False,macro_4,macro_4,0.6190476190476191,0.6190476190476191,0.5976190476190476,0.5976190476190476
200,macro_3,0.5960523075137204,0.7719346000419995,0.5199254786838434,0.7339547412813971,0.08737571632663144,0.5479379040497453,True,0.7619047619047619,0.6239407112673974,0.5011883637429035,0.11306544902179325,0.09967857401214116,0.4440797475886126,0.7418936416821227,0.5266714803449765,watch,watch,-0.01694956874380038,0.0005343742747075941,0.06938082716874394,-0.14584133416840228,False,macro_3,macro_3,0.6666666666666666,0.6666666666666666,0.5666666666666667,0.5666666666666667
201,macro_0,0.5852756662379733,1.0,0.4279598190404489,1.0,0.12083662760621147,0.5810453957410983,True,0.7619047619047619,0.6370083875580734,0.5032287709684914,0.1142275200274136,0.0992020535307137,0.45222583222611507,0.742613096991754,0.5271364953380976,watch,watch,0.023917226421072347,0.002391546803036082,0.05813917089987575,-0.1573374307537807,False,macro_0,macro_0,0.6666666666666666,0.6666666666666666,0.5666666666666667,0.5666666666666667
202,macro_4,0.5137268701690778,0.6129557293033934,1.0,0.32479374509254344,0.04136696085143598,0.3355320040389296,True,0.8095238095238095,0.6404610349559122,0.5023595121520089,0.1140671207357841,0.09755445330088135,0.45666847113811365,0.7424912626614577,0.5270376983474515,watch,fallback,0.012289373667763791,0.003105775914765996,-0.013310828178373701,-0.2287643924923799,True,adaptive_fallback,macro_4,0.7142857142857143,0.7142857142857143,0.5357142857142857,0.1857142857142857
203,macro_3,0.6754786111577562,0.7982558801029211,0.7307421979902816,0.705891092193484,0.10340894883526375,0.599721616866919,True,0.8095238095238095,0.652954775527218,0.5075172855579739,0.11946504274874037,0.09694614670834266,0.4740294262577982,0.7427470956744977,0.5271161667172082,watch,watch,0.02850294090353911,0.007337377452340754,0.14836244444054802,-0.0672684845167415,False,macro_3,macro_3,0.7142857142857143,0.7142857142857143,0.5357142857142857,0.5357142857142857
204,macro_3,0.6084822303428272,0.5388046248487038,0.8069694308315654,0.6687341408656278,0.10165532215002969,0.3889631294120009,False,0.7619047619047619,0.6427623017834856,0.5164904123583318,0.119643191458414,0.09830678979576843,0.4798724537501474,0.7413562965827559,0.5261154450645865,watch,watch,0.016184308089168153,0.004814856302141557,0.0823667852782407,-0.1328740662399287,False,macro_3,macro_3,0.6666666666666666,0.6666666666666666,0.5666666666666667,0.5666666666666667
205,macro_0,0.5601170780408853,0.6420819690907376,0.21846322857168193,0.3096612676248176,0.15581502139913583,0.2699077188862586,True,0.7619047619047619,0.6324644189317072,0.5210408464487768,0.1193862086594408,0.10216879505809173,0.4774863292056364,0.7407285599529605,0.525679391808177,watch,watch,-0.007187045894567023,0.0017047415328619753,0.034437686232708264,-0.1806114819120752,True,macro_0,macro_0,0.7142857142857143,0.7142857142857143,0.4357142857142857,0.3857142857142857
206,macro_4,0.5448626656691916,0.6409802353087218,0.9695481577625719,0.4780869945814861,0.11594403588294042,0.473415933905191,True,0.7619047619047619,0.6211740242604165,0.532749143232626,0.10803767230032181,0.10133905092851367,0.47580062372696424,0.7387767093676211,0.524389589926768,watch,watch,-0.008082600113756343,-0.0031668726595313946,0.02047307574242363,-0.19391404369842946,False,macro_4,macro_4,0.7619047619047619,0.7619047619047619,0.5047619047619047,0.5047619047619047
207,macro_0,0.5195142265940571,0.6343605549738855,1.0,0.6509265587884953,0.13385452377426335,0.2566343103153267,True,0.7619047619047619,0.6288834626069602,0.5319578824563541,0.10807251103499252,0.10142741178158769,0.46959635404580674,0.7400520835267261,0.5253067831627519,watch,fallback,0.0011574712849958591,-0.002315514469790414,-0.005792556568694818,-0.22053785693266903,True,adaptive_fallback,macro_0,0.7619047619047619,0.7619047619047619,0.5047619047619047,0.15476190476190474
208,macro_4,0.5214661235852651,0.6472688303613817,0.6262759886762709,0.6087676059906278,0.11722478603306345,0.24386380998330398,True,0.8095238095238095,0.6359545262366865,0.5259459235072276,0.10477217649103401,0.09771242233690179,0.4605857529400932,0.740993111847958,0.5260287773781902,watch,fallback,-0.030802497514498216,-0.003400049858106313,-0.0045626537929250865,-0.2195269882626929,True,adaptive_fallback,macro_4,0.8095238095238095,0.7619047619047619,0.4738095238095238,0.15476190476190474
209,macro_3,0.6031388892731749,0.5364500655952563,0.5902074382040577,0.3974581802927991,0.17559054736677418,0.5359078747286452,True,0.8095238095238095,0.6229116956275479,0.5402045132080753,0.09269412289185402,0.10286677742069417,0.4638745896590463,0.738768738866621,0.524520720555806,watch,watch,-0.0010686682139304572,-0.00397012123118754,0.07861816871736893,-0.13562984959344604,False,macro_3,macro_3,0.8095238095238095,0.7619047619047619,0.3738095238095238,0.5047619047619047
210,macro_1,0.5821678630558975,1.0,0.5280680663614129,0.7887318504656373,0.09022342905952335,0.6011643258027987,True,0.8095238095238095,0.6395509212581946,0.5459981676234931,0.09125442597680518,0.1013260856521604,0.46930701778126727,0.7397904499205921,0.5252259081461242,watch,watch,0.004410157003002446,0.0014173004652974664,0.056941954909773274,-0.15762258686469455,False,macro_1,macro_1,0.8571428571428571,0.8095238095238095,0.44285714285714284,0.4738095238095238
211,macro_1,0.5343708321817107,0.4751770641019472,0.8922493947212089,0.6596346971834798,0.0,0.3200801733612156,False,0.7619047619047619,0.637548617155524,0.5414997472719106,0.08927353113119041,0.09715571693235542,0.45736188988282356,0.740137136031363,0.5255365950417711,watch,watch,-0.00209836669749619,0.003274918579021513,0.008834237139939582,-0.20576630384965233,True,macro_1,macro_1,0.8095238095238095,0.7619047619047619,0.4738095238095238,0.3547619047619047
212,macro_2,0.6416624215737048,0.6898179777091356,0.3108244239475924,0.7574513368185473,0.12211997292259888,0.6322756685767126,True,0.8095238095238095,0.6473667492184213,0.547565019776315,0.0916283287260344,0.09755516195783998,0.455563822588837,0.7414751451302883,0.5264654660045746,watch,watch,0.024429638995929537,0.0036966573222922293,0.11519695556913023,-0.09981272355658355,False,macro_2,macro_2,0.8571428571428571,0.7619047619047619,0.44285714285714284,0.5047619047619047
213,macro_4,0.5011567319256246,0.5594055699672791,0.7270218822906835,0.9893017692603715,0.03248271362665622,0.6729116981620777,True,0.8571428571428571,0.6562464177657419,0.5561179455895556,0.0766314622160478,0.09034556287823961,0.47527689045474797,0.7391537412901725,0.5248660314422491,watch,fallback,-0.004061878331928104,0.0040583783058110836,-0.023709299516624482,-0.23799700936454793,True,adaptive_fallback,macro_4,0.8571428571428571,0.8095238095238095,0.44285714285714284,0.12380952380952379
214,macro_1,0.5779485751308292,0.08856046320112876,1.0,0.2910231710350015,0.0,0.6690065019626013,True,0.8571428571428571,0.6443123282405819,0.5522789864771249,0.0731843412232967,0.08434214232056758,0.4884558956253674,0.7362700370111266,0.5228274119933062,watch,watch,-0.005038062828469148,0.004280126522606809,0.05512116313752302,-0.1583214618802974,False,macro_1,macro_1,0.8571428571428571,0.8095238095238095,0.44285714285714284,0.4738095238095238
215,macro_3,0.6245476161687189,0.8633795769723315,0.6852412445930326,0.8421044729650735,0.1301951319045517,0.5155589244453093,True,0.9047619047619048,0.6595262473849094,0.5642506186834788,0.06214596182138504,0.08834510877969204,0.49272120939423286,0.7368073114594446,0.5232446671955466,watch,watch,0.008475950622564277,0.003995065225342964,0.10130294897317227,-0.11225969529072566,False,macro_3,macro_3,0.8571428571428571,0.8095238095238095,0.44285714285714284,0.4738095238095238
216,macro_1,0.4072945231460887,0.685618347932223,1.0,0.7171327893758958,0.09542004107714745,0.39338908327922817,True,0.9047619047619048,0.6759877801565009,0.5512265411555438,0.06508904489177479,0.08966172614242636,0.49151513592238655,0.7388643943017467,0.5246691577458977,fallback,fallback,-0.02541526180712439,0.007687832600195366,-0.11737463459980901,-0.33156987115565795,True,adaptive_fallback,fixed_fallback,0.8571428571428571,0.8095238095238095,0.19285714285714284,0.12380952380952379
217,macro_3,0.5009473641879786,0.30057448600937603,0.6603381352754716,0.38808613903919936,0.11086930019670158,0.7437313223772047,True,0.9047619047619048,0.6742803770145239,0.5529054854438946,0.06319964217943522,0.09213564952602858,0.4981836504121711,0.7381574560143952,0.5241540154562994,watch,fallback,-0.028143011477145242,0.005382725559220525,-0.023206651268320777,-0.2372100918264166,True,adaptive_fallback,macro_3,0.8571428571428571,0.7619047619047619,0.44285714285714284,0.15476190476190474
218,macro_3,0.7135687113236077,0.45522951125389377,0.5882129745068753,0.5869345233155401,0.12828803377489742,0.37957450282084043,False,0.8571428571428571,0.6699212129433342,0.565347804943578,0.0679411664694514,0.09437895499302511,0.4883454894749758,0.739022512753473,0.5247659720607284,accepted,watch,0.04248239587959661,0.0027349590355184583,0.18880273926287927,-0.025453801429865308,False,macro_3,macro_3,0.8571428571428571,0.8095238095238095,0.44285714285714284,0.4738095238095238
219,macro_3,0.42471860937189854,0.2428069227747937,0.8554950274467947,0.49935928704953353,0.08571931423377695,0.5419878884739634,False,0.8095238095238095,0.6560302502664636,0.5601932669784274,0.07432696055540061,0.09589332055278979,0.49849546336411726,0.7374231440351164,0.523564470566687,fallback,fallback,-0.030645993151786132,0.0023435844051763245,-0.09884586119478844,-0.3127045346632179,True,adaptive_fallback,fixed_fallback,0.8571428571428571,0.8095238095238095,0.19285714285714284,0.12380952380952379
220,macro_1,0.656728756742518,0.6978798655421043,0.6387857961109847,0.3154462204193527,0.1696611759476433,0.6655096060755077,True,0.8095238095238095,0.6535747251047576,0.5663441273044051,0.07679507219456035,0.10085960014139268,0.4937199711078514,0.738055056605896,0.5240011701062456,watch,watch,0.006436228114759812,-0.0011903044560303666,0.13272758663627238,-0.08132629986337803,False,macro_1,macro_1,0.8571428571428571,0.8095238095238095,0.34285714285714286,0.4738095238095238
221,macro_4,0.41342608625017907,1.0,0.6767612722391517,0.7973922949956915,0.10166756436048226,0.7780222842725019,True,0.8095238095238095,0.66054112971431,0.5576476405775698,0.08332550841929415,0.10154016433348081,0.5046763701660779,0.738438453891697,0.5241851788643409,fallback,fallback,0.0012263126208180708,-0.003089330088438169,-0.11075909261416184,-0.325012367641518,True,adaptive_fallback,fixed_fallback,0.8571428571428571,0.8095238095238095,0.19285714285714284,0.12380952380952379
222,macro_2,0.5746088929371036,0.9212021138082794,0.566014469343005,0.41237947456802027,0.076834844783114,0.5110706545172369,True,0.8095238095238095,0.6536882428924508,0.557139698991814,0.08318105711297606,0.09944484134190475,0.5013442396316082,0.7378824601682686,0.5238143691339,watch,watch,0.014732305749825004,-0.0041184268244146335,0.050794523803203595,-0.16327356723116504,False,macro_2,macro_2,0.8571428571428571,0.8095238095238095,0.44285714285714284,0.4738095238095238
223,macro_4,0.41293918617194647,0.3185908226320698,0.38953035772615147,0.10498966498720608,0.09913342782245202,0.5052005396578242,True,0.8095238095238095,0.6381970813084828,0.5523402854681412,0.08854579540163637,0.1021956254833817,0.5094236937086984,0.7362812137952861,0.5226234888584889,fallback,fallback,-0.06012590503033224,-0.0063448263269702656,-0.10968430268654239,-0.32334202762333963,True,adaptive_fallback,fixed_fallback,0.8571428571428571,0.8095238095238095,0.19285714285714284,0.12380952380952379
224,macro_2,0.46219722486071707,0.21546973667162356,0.5870512510327931,0.8008416110790448,0.0,0.555878518425067,True,0.8095238095238095,0.6265161496708399,0.5421840289778059,0.08590801514537344,0.09727138982455961,0.5073359271162294,0.734773665398889,0.5216022312002361,fallback,fallback,0.007495723097763707,-0.00590282011912473,-0.059405006339519006,-0.2725764405381719,True,adaptive_fallback,fixed_fallback,0.8095238095238095,0.7619047619047619,0.2238095238095238,0.15476190476190474
225,macro_0,0.4887156528981253,0.755167476750775,0.8100033013171257,0.48179902145006936,0.13114363945762478,0.4981415342168145,True,0.8571428571428571,0.6332099510293318,0.5364808586232963,0.08525963519355802,0.09867559541063557,0.5125348987736014,0.7350595097411677,0.5217826082217404,fallback,fallback,-0.03360262076887853,-0.004072954815085161,-0.03306695532361509,-0.24634385684304244,True,adaptive_fallback,fixed_fallback,0.8095238095238095,0.7619047619047619,0.2238095238095238,0.15476190476190474
226,macro_4,0.4696297600369144,1.0,0.8919853441971686,0.6906529339117023,0.0,0.6681179473663335,True,0.8571428571428571,0.6525811728313221,0.5321719387183453,0.0862857473094279,0.0912558324868672,0.5314972906059859,0.7351165437686197,0.5217553653267794,fallback,fallback,0.011240734757347071,-0.0015919913765975791,-0.05212560528986493,-0.26548678373170526,True,adaptive_fallback,fixed_fallback,0.7619047619047619,0.7142857142857143,0.25476190476190474,0.1857142857142857
227,macro_4,0.6409425964805696,0.6402437241826768,0.6390440352860858,0.650433748672127,0.12328453539293752,0.6602422101233081,False,0.8095238095238095,0.645922413471947,0.5367471735188871,0.08948044953265849,0.09160538008258136,0.5403937799497058,0.7340154977187857,0.5209291798259903,watch,watch,0.013266740708693204,-0.001553165884100749,0.12001341665457932,-0.0930729012382161,False,macro_4,macro_4,0.7619047619047619,0.7142857142857143,0.5047619047619047,0.5357142857142857
228,macro_3,0.6216843726283771,0.8798131160332512,0.722460556081152,0.5255693173852347,0.08799410468258924,0.7852268085754819,True,0.8095238095238095,0.6458013112382907,0.5416124185681405,0.0912565853807299,0.08942155060202545,0.5655648512954274,0.7320007628867747,0.5194118920020723,watch,watch,0.041749037291286116,0.001520845985961561,0.10227248062630478,-0.11031639025839768,False,macro_3,macro_3,0.7619047619047619,0.7142857142857143,0.5047619047619047,0.5357142857142857
229,macro_2,0.6257065963073788,0.29326018412731714,0.45076423908930047,0.5074639894293156,0.10190169582585877,0.4486779050446527,True,0.8095238095238095,0.6357628683796861,0.5465762506025268,0.09292572648016607,0.08869187963977761,0.575317903441206,0.730306425459472,0.518178288089705,watch,watch,0.03270187428933234,0.0018493437417692383,0.10752830821767378,-0.1045998291520932,False,macro_2,macro_2,0.7619047619047619,0.7619047619047619,0.5047619047619047,0.5047619047619047
230,macro_3,0.5512837137858859,0.6007944231934692,0.6160763343198291,0.0,0.042831444261944525,0.5997930033445658,True,0.8095238095238095,0.6325647932365922,0.5441069565317036,0.09203222133475779,0.08237001758716667,0.5783600524229164,0.7292924538918365,0.517474344151411,watch,watch,0.012513612177552124,-0.0001290315585479096,0.033809369634474895,-0.17800874010595058,False,macro_3,macro_3,0.7619047619047619,0.7619047619047619,0.5047619047619047,0.5047619047619047
231,macro_1,0.7100360813942291,0.7331056731875824,0.6208393334559432,0.5003783261638437,0.20838805501825894,0.3247978786806043,True,0.8095238095238095,0.6251527315686501,0.5501959193097193,0.09866707969896636,0.08799690453758265,0.5651997454170977,0.7304724741716695,0.5183019366512313,accepted,watch,0.04808126427146294,-0.005485688252534393,0.19173414474299788,-0.02043639277744036,False,macro_1,macro_1,0.7619047619047619,0.7619047619047619,0.40476190476190477,0.5047619047619047
232,macro_1,0.6431671607318651,0.5284650743049493,0.6249639746634849,0.3231140992693795,0.0,0.38261132565158396,False,0.8095238095238095,0.6189795744061857,0.5553766968597268,0.10063136218369834,0.08799690453758265,0.5681774193356868,0.7297740871407143,0.51778936933898,watch,watch,0.00044491285025909376,-0.005388567813152267,0.12537779139288507,-0.08660692640884926,False,macro_1,macro_1,0.7619047619047619,0.7619047619047619,0.5047619047619047,0.5047619047619047
233,macro_4,0.5657228151495582,0.5725428327981973,0.6684884821080866,0.722983932324782,0.08783103150390048,0.730737499453994,True,0.8095238095238095,0.620593341332486,0.5517605251252435,0.09872199003132624,0.08636409780335892,0.5728660779488906,0.7293096529680451,0.5174602326300413,watch,watch,-0.011192311495763763,-0.00504159398116093,0.04826258251951698,-0.16358683781848682,False,macro_4,macro_4,0.7619047619047619,0.7619047619047619,0.5047619047619047,0.5047619047619047
234,macro_1,0.41463356971283416,0.7908561968284753,0.7327473711161011,0.40996728617661815,0.03699555500695907,0.4096019020841868,True,0.8095238095238095,0.6181732461981954,0.5476403745436821,0.10266625440530185,0.08657899501194477,0.5603275162308957,0.7303991633744886,0.5182489487807628,fallback,fallback,-0.04221460531890893,-0.0035179244362981477,-0.10361537906792861,-0.31576559366165446,True,adaptive_fallback,fixed_fallback,0.7619047619047619,0.7619047619047619,0.25476190476190474,0.15476190476190474
235,macro_4,0.6053991275577498,0.4767576483670477,0.923335361413263,0.44072485744018064,0.0,0.10130014990134756,True,0.8095238095238095,0.626436966961099,0.5489475437068687,0.10324456399335212,0.08657899501194477,0.5332938804184552,0.7334344910828183,0.5204783428623151,watch,watch,0.01082308275437278,-0.0012255652550986484,0.08492078469543474,-0.1280353635250685,False,macro_4,macro_4,0.7619047619047619,0.7619047619047619,0.5047619047619047,0.5047619047619047
236,macro_3,0.6017374348668671,0.3880389390184789,0.8246590214102795,0.6237086736127446,0.19246348335757096,0.3576027690158856,True,0.8095238095238095,0.6164426450175127,0.5478613445972568,0.10252692942280456,0.08954415460494568,0.5257721587313396,0.7331572954333652,0.5203127682826835,watch,watch,-0.021659729305472396,-0.001742017310227495,0.08142466658418368,-0.13141986056649801,False,macro_3,macro_3,0.7619047619047619,0.7619047619047619,0.40476190476190477,0.5047619047619047
237,macro_3,0.540377667978821,0.8053313063144629,0.7686256020614721,0.3197215535789533,0.10927633549365345,0.3607964869092036,False,0.7619047619047619,0.6064754438231807,0.5541986372083393,0.09738814415261526,0.09020397814858881,0.524220130332767,0.7319132241768214,0.519477639581231,watch,watch,-0.02055789855060881,-0.0025008261166009848,0.020900028397589976,-0.19153555619800033,False,macro_3,macro_3,0.7142857142857143,0.7142857142857143,0.5357142857142857,0.5357142857142857
238,macro_0,0.6084176082257015,0.6844078919667224,0.38806197885655436,0.4267402886958166,0.25874962620511,0.11344989727145527,True,0.7619047619047619,0.6110053419513886,0.5593162678768022,0.09727358792418145,0.0972458984347035,0.49420672913725516,0.7351806368041752,0.521871485521959,watch,watch,0.008538958615228642,-0.001917599876219489,0.0865461227037424,-0.12676302857847377,False,macro_0,macro_0,0.7142857142857143,0.7619047619047619,0.4357142857142857,0.5047619047619047
239,macro_3,0.6146930176699826,0.3868122082722551,0.4786804763616905,0.4811301738127015,0.14869614195845704,0.497072736163121,True,0.8095238095238095,0.6119005260892618,0.554607901512344,0.09166521785032605,0.09821771311011111,0.4998018831059352,0.734432182175084,0.5213568932568129,watch,watch,0.04001188959142969,-0.0012545440217867077,0.09333612441316974,-0.11973916450510136,False,macro_3,macro_3,0.7619047619047619,0.7619047619047619,0.5047619047619047,0.5047619047619047
