window_id,entropy_norm,repetition_ratio,locality_small_delta_ratio,cache_window_reuse_proxy,branch_norm,coherence_score,hardware_pressure_proxy,reconstruction_residual,mixture_entropy,drift_alarm,unknown_regime_candidate,mixture_policy,old_residual,old_dominant_prototype,old_mixture_entropy,old_weight_low_entropy_repeating,old_weight_sequential_ids,old_weight_uniform_32bit,old_weight_zipfian_smallints,old_weight_clustered_ranges,new_residual,new_dominant_prototype,new_mixture_entropy,new_weight_low_entropy_repeating,new_weight_sequential_ids,new_weight_uniform_32bit,new_weight_zipfian_smallints,new_weight_clustered_ranges,new_weight_learned_drift_prototype,residual_reduction,residual_reduction_pct,old_residual_z,new_residual_z,new_entropy_z,old_drift_score_recomputed,new_drift_score,old_alarm_recomputed,new_alarm,recovered_alarm,updated_policy,policy_changed_after_update
0,0.7191648388447707,0.4388784397520523,0.8585979199113825,0.6973680290593639,0.07534187831011963,0.8804978813094048,0.7089117615922824,0.03025636111484627,1.0457997106239278,False,False,hybrid,0.6217454463081458,low_entropy_repeating,1.5163088406175047,0.4664036951566745,0.21601971050835087,0.31757659433497465,0.0,0.0,0.6217454463081458,low_entropy_repeating,1.5163088406175047,0.4664036951566745,0.21601971050835087,0.31757659433497465,0.0,0.0,0.0,0.0,0.0,0.0,0.0,0.0,0.0,0.0,False,False,False,coherent_local,True
1,0.4603087503164537,0.37079802423258124,0.9267649888486018,0.6438651200806645,0.658209290616664,0.4547313590618649,0.28179097742782155,0.04053126176123749,0.8102793497927503,False,False,hybrid,0.5191326431669611,low_entropy_repeating,1.9279481650813528,0.32092706651762276,0.31571978408647877,0.1350582334660859,0.22829491592981258,0.0,0.46303841120762607,learned_drift_prototype,1.4895383574527834,0.2491336123536962,0.24079945060528868,0.0,0.0,0.0,0.5100669370410152,0.056094231959334995,10.805375600565773,-0.3032204787146609,-0.4201737309694468,-0.03185343393929421,0.0,0.0,False,False,False,prototype_recovery,True
2,0.7621049375940657,0.6316643991220648,0.7580877400853738,0.35452596812986836,0.7765584195159226,0.8144968970577582,0.7227067976590095,0.02971799674267656,1.1830772963883371,False,False,hybrid,0.6308991882667452,zipfian_smallints,1.7529816415698085,0.09601060108661387,0.32931294400309924,0.12895665287449842,0.4457198020357884,0.0,0.6231876502528398,zipfian_smallints,1.9395099031648553,0.08260333925290289,0.3270183318853973,0.1046522429273869,0.42351469928813723,0.0,0.062211386646175586,0.007711538013905339,1.2223090720866308,0.23821268695362394,0.2852067624719255,0.6926421119273578,0.06121905711208582,0.08250606183534961,False,False,False,hybrid,False
3,0.13504301262978302,0.15428949206754783,0.6830489532424546,0.7447621559078171,0.7740077859473681,0.3606602865105216,0.39636776482789515,0.04423969133863244,1.3322430731802228,False,False,hybrid,0.7405472716924901,zipfian_smallints,1.8561909728649248,0.3270725028144349,0.09728139657737064,0.20786223247591604,0.36778386813227837,0.0,0.6687041823690618,learned_drift_prototype,0.707053554906123,0.19268449330132276,0.0,0.0,0.0,0.0,0.8073155066986774,0.07184308932342831,9.701350888679112,0.6646740766840381,0.3946612472933372,-1.6802153713222492,0.1314707677293915,0.054265921502833867,False,False,False,prototype_recovery,True
4,0.20393720426837733,0.47570492622593374,0.2269093490508841,0.6698139946825103,0.34972153509786463,0.76614255684627,0.6602120816017993,0.04314731402457793,0.8836225731778264,False,False,hybrid,0.4984420156486567,zipfian_smallints,1.529537322998642,0.36125657744698175,0.0,0.2121778307877339,0.4265655917652844,0.0,0.5000287168703849,learned_drift_prototype,1.5116264659626952,0.2436257180333283,0.0,0.0,0.2694290722765316,0.0,0.4869452096901401,-0.0015867012217281595,-0.31833215738510257,-0.6129330507180065,-0.3987749268761533,0.1875690563719125,0.0,0.011723066023244532,False,False,False,prototype_recovery,True
5,0.7438114859974415,0.38747837903017446,0.2883281039302441,0.6824955039749755,0.11180198688744786,0.2599265619800867,0.10588981580080442,0.03933679098034976,1.2078220564596351,False,False,hybrid,0.6280364292228847,low_entropy_repeating,0.9977203245971411,0.5281008728566894,0.0,0.4718991271433107,0.0,0.0,0.6280364292228847,low_entropy_repeating,0.9977203245971411,0.5281008728566894,0.0,0.4718991271433107,0.0,0.0,0.0,0.0,0.0,0.265514889261633,0.5943479290416723,-0.9729637459121331,0.08238972698669435,0.08172284024322995,False,False,False,coherent_local,True
6,0.6641323029010681,0.7807290310219679,0.45891577553833995,0.5687411959528937,0.11183759850212596,0.19162405882877875,0.6347223694323774,0.04952417531887222,0.6292825570960489,False,False,hybrid,0.5143288435794829,low_entropy_repeating,1.539400622155377,0.4393088257191616,0.0,0.3257081196364452,0.0,0.2349830546443933,0.5143288435794828,low_entropy_repeating,1.539400622155377,0.4393088257191616,0.0,0.3257081196364452,0.0,0.2349830546443933,0.0,1.1102230246251565e-16,2.158585967877156e-14,-1.0490629523712673,-0.8494227237752998,0.4092631807126182,0.0,0.025578948794538637,False,False,False,coherent_local,True
7,0.7119990859328205,0.6347183200005908,0.5535794006579958,0.5592071607454135,0.24316007845008977,0.12465426765435153,0.4493739113858899,0.04786963821885731,1.0021739187795964,False,False,hybrid,0.4704049890664326,uniform_32bit,1.31634156473126,0.46346767747510836,0.00523405930603154,0.4687632001103659,0.0,0.06253506310849431,0.4704049890664326,uniform_32bit,1.31634156473126,0.46346767747510836,0.00523405930603154,0.4687632001103659,0.0,0.06253506310849431,0.0,0.0,0.0,-1.4059596603642948,-1.3048134510637954,-0.17161488119803112,0.0,0.0,False,False,False,simd,True
8,0.7827224586145329,0.23393948586534075,0.05830274168906602,0.28138389202199654,0.2348750062133469,0.629533211781516,0.5456257218730227,0.037378095366150714,1.2063975984918343,False,False,hybrid,0.4743648643875946,uniform_32bit,0.9396418800286169,0.32305248498132055,0.003546319097766518,0.6734011959209129,0.0,0.0,0.4743648643875946,uniform_32bit,0.9396418800286169,0.32305248498132055,0.003546319097766518,0.6734011959209129,0.0,0.0,0.0,0.0,0.0,-1.1276036373192588,-1.0556082228834012,-1.1638520746074994,0.05254703053186974,0.0,False,False,False,simd,True
9,0.4251094891520565,0.8140203846660347,0.1669729199077039,0.022712073133860478,0.07203828862051341,0.6778874804771602,0.4695017842011099,0.027958964896959145,1.053123529681922,False,False,hybrid,0.6155795027177006,clustered_ranges,1.3415109525792472,0.3420002754494308,0.1042035668393989,0.0,0.0,0.5537961577111704,0.6155795027177006,clustered_ranges,1.3415109525792472,0.3420002754494308,0.1042035668393989,0.0,0.0,0.5537961577111704,0.0,0.0,0.0,0.5307306554754821,0.7791249589944542,0.03398824601558725,0.07842623513597032,0.10925394723771167,False,False,False,guarded_fallback,True
10,0.22184968217053475,0.696320375077736,0.4461562755740307,0.3810212260964825,0.24120967131830123,0.6042260744951108,0.38945008844271234,0.013293312913653696,0.7193250969113995,False,False,hybrid,0.31249843089905593,low_entropy_repeating,1.7216701141492858,0.4857061703487871,0.07195494120760315,0.0,0.16550797567518385,0.27683091276842586,0.312498430899056,low_entropy_repeating,1.7216701141492858,0.4857061703487871,0.07195494120760315,0.0,0.16550797567518385,0.27683091276842586,0.0,-5.551115123125783e-17,-1.7763657587512555e-14,-2.919011368301398,-3.0642669872800514,1.091498923389166,0.0,0.06821868271182288,False,False,False,coherent_local,True
11,0.8695181316396117,0.908580690707607,0.6997071338107496,0.2658699614595196,0.7753411018781792,0.7230007231726358,0.6735121513271964,0.020995734799851846,0.9986406105330925,False,False,hybrid,0.6395956952124564,clustered_ranges,2.0194766778258333,0.16900968941019306,0.32055490940955084,0.040535779632882456,0.10514244135326326,0.36475718019411046,0.6395956952124564,clustered_ranges,2.0194766778258333,0.16900968941019306,0.32055490940955084,0.040535779632882456,0.10514244135326326,0.36475718019411046,0.0,0.0,0.0,0.7997924944437927,0.9801740022471012,1.8143881634631196,0.10997146798602152,0.2481731855254214,False,False,False,guarded_fallback,True
12,0.17711276972279943,0.9026023965438417,0.45577628983361107,0.20236336479523032,0.24476529932052202,0.5633756551535168,0.24141822635138538,0.013309132184173185,1.0680323769284674,False,False,hybrid,0.4452499154799361,low_entropy_repeating,0.9850523418295032,0.5718508679142684,0.0,0.0,0.0,0.4281491320857316,0.44524991547993614,low_entropy_repeating,0.9850523418295032,0.5718508679142684,0.0,0.0,0.0,0.4281491320857316,0.0,-5.551115123125783e-17,-1.2467414209707869e-14,-0.9790271559925008,-0.9388577916680526,-1.1091932734638918,0.018191192197780297,0.0,False,False,False,coherent_local,True
13,0.6755703647607494,0.4320930397751037,0.6273088407024432,0.5840979689127356,0.519877281243856,0.16755545691191126,0.43264592173648775,0.03829995025957648,1.389796893810109,False,False,hybrid,0.415001896218805,uniform_32bit,1.159898086873984,0.425298119236069,0.03148009935126804,0.543221781412663,0.0,0.0,0.4124131886020807,uniform_32bit,1.6178984051270064,0.3724009080607978,0.049146128353860556,0.46318619580784026,0.0,0.0,0.11526676777750149,0.002588707616724306,0.6237821176989128,-1.1780779856045478,-1.1871613414054782,0.5867529288325714,0.11565423620494975,0.03667205805203571,False,False,False,simd,True
14,0.3638889698662283,0.1445241888660469,0.10340296772255164,0.587644572177712,0.1364743748295089,0.8400960947014378,0.564848911760316,0.014349707786655373,1.208787736703601,False,False,hybrid,0.7067511500150627,low_entropy_repeating,0.9999539809996915,0.5039935949440981,0.0,0.49600640505590193,0.0,0.0,0.7067511500150627,low_entropy_repeating,0.9999539809996915,0.5039935949440981,0.0,0.49600640505590193,0.0,0.0,0.0,0.0,0.0,1.4936899170773894,1.6897326555415058,-1.0500980540234068,0.25365544422316966,0.23233824013695706,False,False,False,coherent_local,True
15,0.118243096823758,0.9585592132414453,0.48230343694290023,0.7827352272502862,0.06618399993795086,0.4893266646705283,0.4925655954836168,0.04121614149913995,0.802615469992034,False,False,hybrid,0.4258268268316599,low_entropy_repeating,1.1330329869585714,0.6457198113120409,0.0,0.0,0.04522634481623873,0.3090538438717203,0.4258268268316599,low_entropy_repeating,1.1330329869585714,0.6457198113120409,0.0,0.0,0.04522634481623873,0.3090538438717203,0.0,0.0,0.0,-1.0462999265886928,-1.0167410744545706,-0.6327535569065992,0.0,0.0,False,False,False,coherent_local,True
16,0.4787915208455631,0.2669756630918936,0.3315689973425522,0.5206724024715378,0.3511291682440374,0.11728966390426435,0.7610335393554862,0.037355728511680175,1.010341290740328,False,False,hybrid,0.4439556815526593,uniform_32bit,1.3790317827384422,0.27398589324331585,0.0,0.5768757023612686,0.14913840439541565,0.0,0.4605656103815616,learned_drift_prototype,1.099346566967168,0.060063200622712865,0.0,0.24081334291728285,0.0,0.0,0.6991234564600043,-0.016609928828902276,-3.7413484091051346,-0.7667605216221887,-0.5839583055298119,-0.6492768576954775,0.0,0.0,False,False,False,prototype_recovery,True
17,0.5432289148312396,0.10857574113544355,0.6722400930398117,0.2812337838390083,0.5275381077535214,0.681595691429506,0.7149179935341257,0.04974109266534586,0.925176100365212,False,False,hybrid,0.4224303094569248,sequential_ids,1.685700120794384,0.04994837488416057,0.4482931609998254,0.15861909688136813,0.3431393672346459,0.0,0.3456708094900676,learned_drift_prototype,0.9254819407866443,0.0,0.3406947068416434,0.0,0.0,0.0,0.6593052931583566,0.07675949996685716,18.17092624474294,-0.8876287783174841,-1.5960864178590042,-1.023117343566419,0.0,0.0,False,False,False,prototype_recovery,True
18,0.28417119271590463,0.03741255617617978,0.5548524693914834,0.37092228386243875,0.6638317945059306,0.7466011776514415,0.35371111425817225,0.048973595193113666,1.1462377415264657,False,False,hybrid,0.6012486821439682,sequential_ids,1.498089959618297,0.0947577290858599,0.4406558437595092,0.025162695005933947,0.43942373214869695,0.0,0.5724919011437977,learned_drift_prototype,1.2380562030675222,0.1033878159995467,0.24485641750351564,0.0,0.0,0.0,0.6517557664969377,0.02875678100017054,4.782843082105046,0.6933411022549375,0.5423893802611203,-0.05224547601290875,0.129014808024049,0.07457853978590405,False,False,False,prototype_recovery,True
19,0.5120457033853717,0.25596509056760275,0.9360435700489633,0.16460781758201815,0.03592849551386319,0.44807764800243033,0.8939004512446697,0.0375888187658318,1.4447728141026088,False,False,hybrid,0.6393936013219382,sequential_ids,1.1899208275619297,0.02759289281763055,0.6286648465635096,0.0,0.32702175238513004,0.01672050823372967,0.6362146323868132,sequential_ids,1.7262717229030236,0.04802683551188414,0.5757105864492074,0.0,0.16208596883422233,0.04336142835450436,0.17081518085018174,0.003178968935125037,0.4971849778528529,1.2210190176969697,1.2019468963970892,1.3156574831572034,0.2992759796349177,0.247496290951925,False,False,False,hybrid,False
20,0.8126339927028199,0.8934466396978632,0.5188583603864491,0.315929051830793,0.6176099456887905,0.6293290105342089,0.3989261830989681,0.041431346576924204,1.433938997998998,False,False,hybrid,0.4515277420208396,clustered_ranges,1.8605908210702167,0.2889744192496219,0.22673295508858102,0.09756232808839593,0.0,0.3867302975734012,0.45152774202083956,clustered_ranges,1.8605908210702167,0.2889744192496219,0.22673295508858102,0.09756232808839593,0.0,0.3867302975734012,0.0,5.551115123125783e-17,1.2294073224120034e-14,-0.5786309083393251,-0.5042998081904847,1.608704637696922,0.10431353653652817,0.10054403985605763,False,False,False,guarded_fallback,True
21,0.3099684127382918,0.9368131505337792,0.24097057500568475,0.12275793241148603,0.664890137699925,0.22262745329959524,0.24341464652619127,0.05692166438363304,0.7732385794891281,False,False,hybrid,0.5421100688650602,clustered_ranges,0.863045301364592,0.28565735693984556,0.0,0.0,0.0,0.7143426430601544,0.5421100688650602,clustered_ranges,0.863045301364592,0.28565735693984556,0.0,0.0,0.0,0.7143426430601544,0.0,0.0,0.0,0.3358540301600806,0.38090552441507264,-1.3896352801002525,0.046179929147011085,0.05237450960707249,False,False,False,guarded_fallback,True
22,0.3482589383200758,0.7774048382411776,0.9718264260609674,0.5007411862023423,0.11511800204100063,0.11114903016656125,0.2837248239990842,0.036358773603526184,1.2109846983192145,False,False,hybrid,0.6164879836734699,low_entropy_repeating,1.464056996518023,0.531253311318701,0.25179255642163334,0.0,0.0,0.21695413225966567,0.6164879836734699,low_entropy_repeating,1.464056996518023,0.531253311318701,0.25179255642163334,0.0,0.0,0.21695413225966567,0.0,0.0,0.0,0.9923773476510196,1.0157821234890723,0.38229620545459675,0.17250390891214903,0.16356355482065973,False,False,False,coherent_local,True
23,0.1974660037028249,0.506329931620633,0.6942624356428865,0.5811166092209024,0.1598205213280461,0.7432996209458101,0.6723257036926413,0.015104109233906544,1.0576578731486044,False,False,hybrid,0.4386639286685871,low_entropy_repeating,1.7914078189000653,0.46504825788308085,0.11594480185583168,0.14677705747271233,0.27222988278837507,0.0,0.416473826343946,learned_drift_prototype,1.1479560156279933,0.4068868804964769,0.03042506244335477,0.0,0.0,0.0,0.5626880570601682,0.022190102324641137,5.058565538313472,-0.6902073217021142,-0.8011474872363629,-0.475372567905907,0.0,0.0,False,False,False,prototype_recovery,True
24,0.1990030429202757,0.9275625510065076,0.39757819382494064,0.30094869178093975,0.39086723628122666,0.6302913702108659,0.864498605637576,0.032682414811251496,0.8760143470823243,False,False,hybrid,0.35431266303913,zipfian_smallints,1.5895613017381718,0.2715460281399129,0.0019455173837151904,0.0,0.3670050222213159,0.3595034322550561,0.35431266303913,zipfian_smallints,1.5895613017381718,0.2715460281399129,0.0019455173837151904,0.0,0.3670050222213159,0.3595034322550561,0.0,0.0,0.0,-1.3979358044795067,-1.2740299490456954,0.6679907234041729,0.0,0.041749420212760804,False,False,False,hybrid,False
25,0.11988759310900506,0.5551980423268247,0.6339751116810851,0.1058974037507533,0.11227167765113011,0.43529145545304304,0.8729855297145453,0.06315266916922506,0.836689162360295,False,False,hybrid,0.634178368652497,zipfian_smallints,1.7787041263480754,0.1356358043649168,0.25838625675430266,0.0,0.48076648208364936,0.12521145679713117,0.634178368652497,zipfian_smallints,1.7787041263480754,0.1356358043649168,0.25838625675430266,0.0,0.48076648208364936,0.12521145679713117,0.0,0.0,0.0,1.163805472868178,1.1925006133381648,1.118911273842352,0.16002325251937446,0.23390078894914468,False,False,False,hybrid,False
26,0.7434887324903766,0.4673816015552915,0.7847634492521874,0.017836783976987736,0.08731519741258796,0.7635428919061891,0.7374536706601295,0.002790664553920179,1.0093335198637732,False,False,hybrid,0.5049617577300581,sequential_ids,1.3512895093723283,0.1327570180179946,0.5878555010275567,0.0,0.0,0.27938748095444865,0.5049617577300581,sequential_ids,1.3512895093723283,0.1327570180179946,0.5878555010275567,0.0,0.0,0.27938748095444865,0.0,0.0,0.0,-0.12154855691449419,-0.04892489557558694,-0.031518124327748184,0.0,0.0,False,False,False,hybrid,False
27,0.5848126565600088,0.8677389537760112,0.6031071573387257,0.4125715692736803,0.29934723472574615,0.44070566909880793,0.6215448204639793,0.008634074129650535,0.6832386886522523,False,False,hybrid,0.25806005326293135,clustered_ranges,1.7358200963235477,0.3535040030654348,0.17428033454456004,0.05844850044985389,0.0,0.41376716194015134,0.25806005326293135,clustered_ranges,1.7358200963235477,0.3535040030654348,0.17428033454456004,0.05844850044985389,0.0,0.41376716194015134,0.0,0.0,0.0,-2.3766080476701235,-2.1980832721386765,1.253703183759111,0.0,0.07835644898494444,False,False,False,guarded_fallback,True
28,0.2982716503610865,0.23666236299758114,0.7460142802434464,0.8165687634239104,0.08422246388329997,0.15324708556414254,0.5755469310051614,0.04012333326410765,1.4821744111013981,False,False,hybrid,0.724161849106113,low_entropy_repeating,1.0935605264751596,0.5868008163271703,0.019974717663678226,0.39322446600915145,0.0,0.0,0.7393690387365529,learned_drift_prototype,1.561303649982741,0.36892708465746205,0.0946203441560131,0.04607644318753629,0.0,0.0,0.4903761279989885,-0.015207189630439877,-2.0999711113214876,1.83989880412877,1.9697943158683715,0.5741281602296208,0.3618800412570765,0.3067297284462524,False,False,False,prototype_recovery,True
29,0.34826773913925957,0.14387193297114265,0.9209704724874502,0.16553172273527816,0.22777606587034846,0.22289071615364692,0.19239205093228398,0.03142739384038003,0.9834031274977613,False,False,hybrid,0.541007667634123,sequential_ids,1.04509862233962,0.19258993818009118,0.738929943793445,0.0,0.06848011802646375,0.0,0.541007667634123,sequential_ids,1.04509862233962,0.19258993818009118,0.738929943793445,0.0,0.06848011802646375,0.0,0.0,0.0,0.0,0.1744596349956064,0.21396174015822134,-0.9613953787524047,0.023988199811895882,0.029419739271755434,False,False,False,hybrid,False
30,0.23971317674868217,0.05338193262717539,0.5911438161109712,0.6807145267995064,0.3149043654656226,0.3543928775616395,0.5036209896177841,0.03500126589637122,0.8696104916142882,False,False,hybrid,0.6128607416156472,low_entropy_repeating,1.1777865597849693,0.5175922152597024,0.034348154778468865,0.4480596299618288,0.0,0.0,0.6120034414113763,learned_drift_prototype,1.2102923354178607,0.21484112942364308,0.11028039965706962,0.0,0.0,0.0,0.6748784709192873,0.0008573002042708833,0.13988499279801073,0.8580893470395224,0.8628207230755975,-0.4787530108511195,0.11798728521793435,0.11863784942289467,False,False,False,prototype_recovery,True
31,0.13478004961023357,0.18149840959652408,0.23674487110439602,0.24938757583221183,0.4569861213942182,0.4330099405625538,0.1394032959420752,0.018313827920248736,1.3477857382722163,False,False,hybrid,0.7057994825576197,zipfian_smallints,1.5740514223683895,0.18073995089909087,0.21210276006038004,0.040967546503187714,0.5661897425373413,0.0,0.7699483314052564,learned_drift_prototype,0.9839216326712571,0.2013934165413214,0.0,0.0,0.047342303973822615,0.0,0.751264279484856,-0.06414884884763672,-9.088820611652938,1.4991062563048223,1.9637863896936965,-1.1938370220882437,0.2809964848776509,0.2700206285828833,False,False,False,prototype_recovery,True
32,0.14156949317208342,0.9248418690180621,0.0991131415798755,0.8435749515977528,0.7221225151420937,0.8836565444692742,0.7416207042188748,0.0389557580653478,1.0631166995890609,False,False,hybrid,0.65151762477252,zipfian_smallints,0.6766220852887096,0.17842622695854124,0.0,0.0,0.8215737730414588,0.0,0.65151762477252,zipfian_smallints,0.6766220852887096,0.17842622695854124,0.0,0.0,0.8215737730414588,0.0,0.0,0.0,0.0,0.87497294074801,0.8122107947206293,-2.0611038177472616,0.12030877935285139,0.11167898427408654,False,False,False,hybrid,False
33,0.7231970836625032,0.13455220841314708,0.5360680359476373,0.5142228701904145,0.686057715298046,0.47023949247481267,0.4080715968802828,0.03764768632058671,1.123998497421775,False,False,hybrid,0.40822062965590405,uniform_32bit,1.4271057156024713,0.31800544019823673,0.15362887300747896,0.5283656867942844,0.0,0.0,0.3863930238758627,learned_drift_prototype,1.8941659962270032,0.13132837520857338,0.21908418313478137,0.2512313067999869,0.0,0.0,0.3983561348566585,0.021827605780041337,5.347011932846262,-1.0991621164043783,-1.2004664643350988,1.5040706060309021,0.01040316388714563,0.09400441287693138,False,False,False,prototype_recovery,True
34,0.2118147287631655,0.4778772740237458,0.416889368594885,0.2325699405288737,0.29400944809210244,0.39311395986099795,0.36199645153003635,0.034080134812567296,0.7867753723240127,False,False,hybrid,0.4101957711363043,zipfian_smallints,1.7253109131351376,0.2208462528927487,0.2187190385327165,0.0,0.49330593737640377,0.06712877119813096,0.4101957711363043,zipfian_smallints,1.7253109131351376,0.2208462528927487,0.2187190385327165,0.0,0.49330593737640377,0.06712877119813096,0.0,0.0,0.0,-0.9546606929680355,-0.8992413379031037,0.8597671037331699,0.0,0.05373544398332312,False,False,False,hybrid,False
35,0.33750117965702825,0.9488579267153404,0.9163480195381779,0.4809104283000786,0.262688964003751,0.5283478318640026,0.7788483910188997,0.04158489738107449,1.2569970441992648,False,False,hybrid,0.5096915990524141,low_entropy_repeating,1.8490601361758066,0.398100878983855,0.17784451166719034,0.0,0.11130187667129549,0.3127527326776593,0.5096915990524142,low_entropy_repeating,1.8490601361758066,0.398100878983855,0.17784451166719034,0.0,0.11130187667129549,0.3127527326776593,0.0,-1.1102230246251565e-16,-2.1782250809886054e-14,-0.10261609532581548,-0.11061383907316842,1.1798772459511304,0.05621332811264409,0.07374232787194565,False,False,False,coherent_local,True
36,0.5261778208525921,0.6329176292676207,0.2881556141824617,0.7348931623102908,0.16192367450057468,0.6558385030547986,0.7885752546607153,0.03605596281844995,1.3428117733668299,False,False,hybrid,0.535923964864254,low_entropy_repeating,1.4564859648776507,0.482789414357497,0.0,0.3880274405473767,0.006679658059258381,0.12250348703586803,0.535923964864254,low_entropy_repeating,1.4564859648776507,0.482789414357497,0.0,0.3880274405473767,0.006679658059258381,0.12250348703586803,0.0,0.0,0.0,0.06290699569428058,0.04230432293393352,0.16773601228304985,0.09561589013738218,0.016300345171106477,False,False,False,coherent_local,True
37,0.1760765985839477,0.7257156282714269,0.08449321882352023,0.935939822700626,0.10992634403024173,0.8671041967272644,0.7407073408680773,0.05766842649915083,1.209383452724424,False,False,hybrid,0.7865279376869393,zipfian_smallints,1.3434558437318218,0.42164548833705523,0.0,0.09021195757808577,0.48814255408485907,0.0,0.7865279376869393,zipfian_smallints,1.3434558437318218,0.42164548833705523,0.0,0.09021195757808577,0.48814255408485907,0.0,0.0,0.0,0.0,1.9339659510122014,1.771240693380132,-0.2459267200175249,0.3056630327322842,0.24354559533976816,False,False,False,hybrid,False
38,0.7360918711864687,0.9460270628173303,0.2533833538391872,0.5900758953583092,0.07603935805152098,0.5929325600192971,0.23703304327423105,0.05232968054160045,1.20219036805611,False,False,hybrid,0.5923299162382946,low_entropy_repeating,1.431772965367596,0.5583609143889112,0.0,0.21925197018441037,0.0,0.22238711542667838,0.5923299162382946,low_entropy_repeating,1.431772965367596,0.5583609143889112,0.0,0.21925197018441037,0.0,0.22238711542667838,0.0,0.0,0.0,0.36274875320274735,0.32570955593118744,0.02376464053852171,0.0877212382798015,0.046270353974195884,False,False,False,coherent_local,True
39,0.4727881223849819,0.5226317755131228,0.7639233900065879,0.7992447165120666,0.3937225724603433,0.5796747532180898,0.8449889885520815,0.04386359484190032,0.6546014001365145,False,False,hybrid,0.5687091388427715,low_entropy_repeating,1.359711259572079,0.4795048590195625,0.0,0.4235864141866259,0.09690872679381153,0.0,0.47742125381373185,learned_drift_prototype,1.1370197780152211,0.24672069358536539,0.017927424570573093,0.03633136986807201,0.0,0.0,0.6990205119759896,0.09128788502903967,16.051770368029487,0.13685666742519867,-0.4835268936002195,-0.8728761438559506,0.01881779177096482,0.0,False,False,False,prototype_recovery,True
40,0.17016720952861475,0.6578632850405278,0.4186083007903795,0.7743214161418432,0.5369851306468741,0.36691020666259055,0.8186932378892287,0.03851601339048044,1.1175858098204314,False,False,hybrid,0.4479912132110693,zipfian_smallints,1.21630526882031,0.21177921732058405,0.0,0.11457416815255846,0.6736466145268575,0.0,0.4267166624144735,zipfian_smallints,1.4147207907646948,0.13982798241368122,0.0,0.0,0.5230803816375285,0.0,0.3370916359487903,0.021274550796595793,4.748876801423418,-0.8429792645246001,-0.9114179448877612,0.007593430357178674,0.0149669150944322,0.0004745893973236671,False,False,False,hybrid,False
41,0.39135361421764325,0.3144399802042629,0.15761164862499966,0.14778337254219165,0.7489019707005953,0.45032322975900263,0.40665585822192785,0.0572218332148846,0.864102942796859,False,False,hybrid,0.41050093484620587,zipfian_smallints,1.3262529239401828,0.0,0.12527220377370107,0.271722078143175,0.6030057180831239,0.0,0.41337107796716244,zipfian_smallints,1.5275045144042527,0.0,0.11382881664862254,0.2657786572294256,0.5747322738050947,0.0,0.04566025231685711,-0.0028701431209565698,-0.6991806540055429,-1.0155771732878922,-0.8939484574542929,0.41009937854927725,0.0,0.025631211159329828,False,False,False,hybrid,False
42,0.8489119894707698,0.7803014939093922,0.47936956412454035,0.3763594734808262,0.7893052359394577,0.6742081888029148,0.860955728003073,0.0433117475198614,1.6319132750865213,False,False,hybrid,0.6088069369770863,uniform_32bit,2.1882963027046345,0.23651616940270193,0.0858712539604831,0.34245443117021707,0.15705117032030047,0.17810697514629734,0.6088069369770863,uniform_32bit,2.1882963027046345,0.23651616940270193,0.0858712539604831,0.34245443117021707,0.15705117032030047,0.17810697514629734,0.0,0.0,0.0,0.4541008266868424,0.4453702164634614,2.303355529197968,0.20269964493233483,0.20519812533859894,False,False,False,simd,True
43,0.609659107192966,0.12192167833511258,0.5882579999692207,0.6860963651054488,0.009842148710882272,0.46345436947339724,0.760319608957057,0.01622529178840791,0.6496805157202866,False,False,hybrid,0.6305618572871353,uniform_32bit,1.4519171678699445,0.40437706135621027,0.14594335982119871,0.449679578822591,0.0,0.0,0.6305618572871353,uniform_32bit,1.4519171678699445,0.40437706135621027,0.14594335982119871,0.449679578822591,0.0,0.0,0.0,0.0,0.0,0.5304060382166684,0.5036139596967878,0.05694192158017869,0.07293083025479191,0.0728057895570695,False,False,False,simd,True
44,0.45385130165431453,0.3019273914424916,0.9184418955155542,0.7812940354315159,0.0884707287968884,0.8976277262700585,0.8033600194461962,0.027923359495424967,1.164846442929153,False,False,hybrid,0.7245646702115582,low_entropy_repeating,1.4617832561430015,0.5159986574233429,0.18228547267740838,0.30171586989924876,0.0,0.0,0.692005488704393,learned_drift_prototype,1.553099024245392,0.3254825526183537,0.25169510444897675,0.0,0.0,0.0,0.4228223429326696,0.03255918150716519,4.493619803137595,1.4552769400389258,1.0861133249945563,0.3359564621859426,0.22079046008069814,0.17033786107337293,False,False,False,prototype_recovery,True
45,0.1851356254971063,0.9991047304742386,0.6656847361065369,0.650125015558797,0.0723525815873062,0.8176267191173002,0.12319960256357554,0.024429901056951767,1.0050971465421354,False,False,hybrid,0.22718463560242766,low_entropy_repeating,0.679287096726086,0.8203608075991274,0.0,0.0,0.0,0.1796391924008725,0.22718463560242766,low_entropy_repeating,0.679287096726086,0.8203608075991274,0.0,0.0,0.0,0.1796391924008725,0.0,0.0,0.0,-2.898354007867648,-2.6311909597344374,-2.067453161241994,0.0,0.0,False,False,False,coherent_local,True
46,0.7214143525537748,0.19820422721289788,0.9106382271308853,0.6562690393274901,0.028930168395756975,0.10434386730296037,0.14132633361151914,0.005104094434187665,0.7258819179813099,False,False,hybrid,0.6802187835005948,sequential_ids,1.2856127305837868,0.3351387020544367,0.5802758420426547,0.0845854559029086,0.0,0.0,0.6802187835005948,sequential_ids,1.2856127305837868,0.3351387020544367,0.5802758420426547,0.0845854559029086,0.0,0.0,0.0,0.0,0.0,0.8912613297736658,0.8959568981257271,-0.31991230336762155,0.12254843284387906,0.12319407349228749,False,False,False,hybrid,False
47,0.29084225650191076,0.849408842923073,0.057231940153260386,0.8009638536416762,0.7422363441378244,0.7176867192835045,0.6584966271829098,0.054915291984015374,1.0327155163184651,False,False,hybrid,0.5725705292844093,zipfian_smallints,0.9912277310975106,0.1623130970469845,0.0,0.0711905928183651,0.7664963101346504,0.0,0.5725705292844093,zipfian_smallints,0.9912277310975106,0.1623130970469845,0.0,0.0711905928183651,0.7664963101346504,0.0,0.0,0.0,0.0,0.1798405469719071,0.25349037796075974,-1.1040780696889259,0.024728075208637228,0.03485492696960447,False,False,False,hybrid,False
48,0.19993894344451446,0.5045309901929865,0.7451881283288445,0.6300118445763987,0.6809048798095481,0.22417039395287272,0.6876968735481293,0.021677992193995216,0.9604958279813928,False,False,hybrid,0.5456958152081338,zipfian_smallints,1.4306029412668593,0.13779428592525297,0.15800213435737373,0.04983860633190431,0.6543649733854691,0.0,0.4885015428645086,learned_drift_prototype,1.203821074227657,0.13247986564725467,0.0,0.0,0.18028936801863696,0.0,0.6872307663341084,0.05719427234362523,10.480980566400488,0.03307444867322447,-0.2879038085272227,-0.6943838331202363,0.004547736692568365,0.0,False,False,False,prototype_recovery,True
49,0.6679237578250431,0.9802047848986818,0.6115436059770696,0.054500314991295595,0.4930471759420263,0.13388044126413368,0.8073165690934537,0.00753641261228705,1.2820742478921212,False,False,hybrid,0.449915118198718,clustered_ranges,1.273500351006454,0.10837432053401139,0.2616450308960065,0.0,0.0,0.6299806485699821,0.4499151181987181,clustered_ranges,1.273500351006454,0.10837432053401139,0.2616450308960065,0.0,0.0,0.6299806485699821,0.0,-1.1102230246251565e-16,-2.4676277362495618e-14,-0.7194888480308758,-0.624271867048242,-0.3991117226241137,0.05470273699203269,0.0,False,False,False,guarded_fallback,True
50,0.17337680465935845,0.18353322888031898,0.9800271795541925,0.4585606424584898,0.6272647586731264,0.6091266736862215,0.5579305199669099,0.04042882780893266,1.3801654138820418,False,False,hybrid,0.6103240192922557,zipfian_smallints,1.4677297884112632,0.15536069086702264,0.421245858377534,0.0,0.4233934507554433,0.0,0.5833903655095323,learned_drift_prototype,1.419505924929882,0.19267951009442044,0.2429988426402298,0.0,0.0,0.0,0.5643216472653497,0.026933653782723388,4.413008980697861,0.4210540640714949,0.32082689154195976,0.09695978873611753,0.12805623865853827,0.050173684383026815,False,False,False,prototype_recovery,True
51,0.34107410601177435,0.5780172158075422,0.6997759445890661,0.6492331552453089,0.7524755277564148,0.21875119193604642,0.5066821907575537,0.04023163841069443,1.537753140031575,False,False,hybrid,0.5127025633970044,zipfian_smallints,1.748147161667863,0.24852831761036623,0.07921175192751212,0.18748401193019978,0.48477591853192176,0.0,0.45509599703610065,learned_drift_prototype,1.1193929208571958,0.1532980410233976,0.0,0.0,0.12110833254063845,0.0,0.7255936264359639,0.05760656636090372,11.23586470471708,-0.3413783155024945,-0.6509273303460167,-0.734352504666199,0.10147895600224673,0.0,False,False,False,prototype_recovery,True
52,0.1953740209581957,0.13409460987276534,0.27807554578125737,0.3047046037608313,0.34232257094508,0.5887900376293026,0.6077032939346104,0.03970862317186331,0.8416577985126485,False,False,hybrid,0.5499563834012622,zipfian_smallints,1.8658573649246342,0.22852413251072115,0.09620282383535758,0.30886521267333117,0.36640783098059004,0.0,0.5909509185571542,learned_drift_prototype,0.31373788681469084,0.05449598621695554,0.0007242694773886744,0.0,0.0,0.0,0.9447797443056558,-0.04099453515589202,-7.4541429817319464,-0.05787791213388547,0.37374797031031853,-3.1121857241229542,0.0,0.0513903459176688,False,False,False,prototype_recovery,True
53,0.2741028213575696,0.5883062484090082,0.3170409113172379,0.0360598342773637,0.33472003532548833,0.47930614007213623,0.2804742945633688,0.020568633254875596,1.1369271131127392,False,False,hybrid,0.5148654611377587,clustered_ranges,1.4832927238522609,0.3158675426758579,0.19025739941067674,0.0,0.0,0.4938750579134654,0.5148654611377587,clustered_ranges,1.4832927238522609,0.3158675426758579,0.19025739941067674,0.0,0.0,0.4938750579134654,0.0,0.0,0.0,-0.22359634285447655,-0.09047143450674526,0.516405409139247,0.013800554283275968,0.03227533807120294,False,False,False,guarded_fallback,True
54,0.6616017448882971,0.64794848220121,0.6524330565210316,0.3162141518240431,0.6299457775887631,0.5393155068797436,0.44513455614391206,0.03509508593543403,1.699418431648958,False,False,hybrid,0.29056202311922713,sequential_ids,2.220973643410468,0.18446274678489502,0.3117300904395128,0.10235365638709236,0.25277303272840657,0.14868047366009332,0.29056202311922713,sequential_ids,2.220973643410468,0.18446274678489502,0.3117300904395128,0.10235365638709236,0.25277303272840657,0.14868047366009332,0.0,0.0,0.0,-2.031031492105834,-1.9027090410858554,2.2527248586502915,0.13145478459735388,0.14079530366564322,False,False,False,hybrid,False
55,0.5101913956854066,0.7367056884822203,0.8864028867237077,0.9210571972951916,0.4029063401464794,0.5162200917924553,0.7398963286110692,0.0414545203843633,0.8371157027035581,False,False,hybrid,0.6327247915313613,low_entropy_repeating,1.3648433672502973,0.5244453068672156,0.0,0.3681195985713842,0.10743509456140025,0.0,0.5620713315569368,learned_drift_prototype,1.3371811906915227,0.3700967988252194,0.0,0.09540536905962764,0.0,0.0,0.5344978321151528,0.07065345997442452,11.166538899704634,0.8377113020333106,0.3993104217632884,-0.009350801314747534,0.11518530402958022,0.05490518299245216,False,False,False,prototype_recovery,True
56,0.4953133172139388,0.11585672433526839,0.0720591470729437,0.8419932110394631,0.04445433352550232,0.3244891489069247,0.36730403240123666,0.030369904166803813,1.2838867813662873,False,False,hybrid,0.7805598402387084,uniform_32bit,0.9997590641951395,0.4908623121947575,0.0,0.5091376878052425,0.0,0.0,0.7805598402387084,uniform_32bit,0.9997590641951395,0.4908623121947575,0.0,0.5091376878052425,0.0,0.0,0.0,0.0,0.0,1.810837113950564,1.9747472501696195,-0.6935504431626554,0.2807715719205293,0.2715277468983227,False,False,False,simd,True
57,0.6941540533800685,0.014682843560070769,0.8271734245206864,0.8565480235745582,0.29780925855323853,0.22289031924850786,0.5806723263560647,0.01246244815938655,0.30886779053958724,False,False,hybrid,0.7379511073045717,uniform_32bit,1.5561479130855282,0.3487419571311088,0.24645963947456134,0.40479840339432993,0.0,0.0,0.7374284151069604,uniform_32bit,1.7125732160301237,0.33462529438949296,0.2516934868589489,0.3833773925383225,0.0,0.0,0.0303038262132357,0.000522692197611252,0.07083019355041408,1.2361599881434002,1.3402381774257164,0.8393708681667496,0.16997199836971755,0.23674342865645787,False,False,False,simd,True
58,0.866743344720778,0.9954644725836371,0.7721048913545856,0.3109615099207662,0.550132039332874,0.6643250923872102,0.41027335613091986,0.03649216209523608,1.0284748370447379,False,False,hybrid,0.5531598921130282,clustered_ranges,1.5715869757128889,0.2760918603201392,0.33746575107706783,0.0,0.0,0.38644238860279284,0.5531598921130283,clustered_ranges,1.5715869757128889,0.2760918603201392,0.33746575107706783,0.0,0.0,0.38644238860279284,0.0,-1.1102230246251565e-16,-2.0070562606847546e-14,-0.07027050725730105,0.01800274949786697,0.6840761594539333,0.0,0.04523013802182754,False,False,False,guarded_fallback,True
59,0.26724612688179317,0.5250883029672612,0.16375130425829587,0.16590686787653364,0.6690434324401904,0.8913064021468844,0.5447755424227587,0.021684565164281605,1.3839460840800584,False,False,hybrid,0.5484371154825648,zipfian_smallints,0.695927107436749,0.001919759450325421,0.17831596575096104,0.0,0.8197642747987135,0.0,0.5484371154825648,zipfian_smallints,0.695927107436749,0.001919759450325421,0.17831596575096104,0.0,0.8197642747987135,0.0,0.0,0.0,0.0,-0.06792117062119757,0.021065701129652625,-1.304416833250087,0.05524921028812186,0.002896533905327236,False,False,False,hybrid,False
60,0.21327671085501976,0.4482456132543511,0.3925727158419199,0.08004928364618502,0.6042641382357956,0.4470232218580744,0.47546154735232105,0.029573442838337436,0.8147194760187605,False,False,hybrid,0.31291349572755384,zipfian_smallints,0.8103240869318744,0.0,0.24939894670753246,0.0,0.7506010532924675,0.0,0.31291349572755384,zipfian_smallints,0.8103240869318744,0.0,0.24939894670753246,0.0,0.7506010532924675,0.0,0.0,0.0,0.0,-1.598618184741739,-1.518676185252418,-0.886393261406556,0.0,0.0,False,False,False,hybrid,False
61,0.825682897724972,0.04464908897427888,0.23285228494370624,0.29205933031452835,0.39215803392126913,0.5691561384118368,0.49463198068053327,0.023201513373437475,0.6283829621914745,False,False,hybrid,0.3530715820272843,uniform_32bit,1.3889372385217407,0.21235238704799073,0.19944314350038292,0.5882044694516263,0.0,0.0,0.3530715820272843,uniform_32bit,1.3889372385217407,0.21235238704799073,0.19944314350038292,0.5882044694516263,0.0,0.0,0.0,0.0,0.0,-1.4874806595532364,-1.3948578147721655,0.35261872976232983,0.0,0.022038670610145614,False,False,False,simd,True
62,0.774870707810033,0.6375887004784591,0.6491490501342744,0.6702032553513549,0.6103224152316233,0.14648678537715787,0.3932867079460899,0.04560274461348576,1.215666492596371,False,False,hybrid,0.5706815163211789,uniform_32bit,1.1425086144519647,0.45114998349798474,0.0,0.5232180992123636,0.0,0.025631917289651748,0.5706815163211789,uniform_32bit,1.1425086144519647,0.45114998349798474,0.0,0.5232180992123636,0.0,0.025631917289651748,0.0,0.0,0.0,0.28604752070709055,0.3720954460664567,-0.20590027731828758,0.06305741149975612,0.051163123834137805,False,False,False,simd,True
63,0.7755830986297493,0.48257250858729395,0.7686275894593791,0.852015516881169,0.40383318632279847,0.8276417950970799,0.5696991524295845,0.019516059941332452,0.7388820530997312,False,False,hybrid,0.5879976146615472,low_entropy_repeating,1.3209541054843068,0.5002542068682155,0.08162736472446033,0.41811842840732405,0.0,0.0,0.5879976146615472,low_entropy_repeating,1.3209541054843068,0.5002542068682155,0.08162736472446033,0.41811842840732405,0.0,0.0,0.0,0.0,0.0,0.4119841120733902,0.4992514361089088,0.16594602927401675,0.05664781541009116,0.07901869929460101,False,False,False,coherent_local,True
64,0.4990535668251882,0.5314110410045777,0.10497971589607058,0.39855250670154063,0.7338701380413409,0.604665792291794,0.242005265949574,0.04850276846029945,1.234853168075237,False,False,hybrid,0.511768634118379,zipfian_smallints,1.5669017342501899,0.2631466790966406,0.0,0.3494597685367027,0.38739355236665673,0.0,0.511768634118379,zipfian_smallints,1.5669017342501899,0.2631466790966406,0.0,0.3494597685367027,0.38739355236665673,0.0,0.0,0.0,0.0,-0.15754966085445238,-0.10356775163605085,0.6942472272173618,0.026623850001858667,0.04339045170108511,False,False,False,hybrid,False
65,0.11985850543885804,0.9274604585040267,0.4482073282568715,0.30753507242078615,0.4787817532461893,0.10585156503441251,0.32241768528065107,0.021504578202683696,1.0974608482093609,False,False,hybrid,0.5275584994698432,clustered_ranges,1.5047080642694475,0.3641839012653763,0.0,0.0,0.18933646546840963,0.4464796332662141,0.5275584994698433,clustered_ranges,1.5047080642694475,0.3641839012653763,0.0,0.0,0.18933646546840963,0.4464796332662141,0.0,-1.1102230246251565e-16,-2.104454815420181e-14,-0.07476451083901399,-0.019315345168651327,0.5047698534177723,0.004350127265111796,0.031548115838610766,False,False,False,guarded_fallback,True
66,0.8854447580340284,0.620357709658044,0.4775058736277328,0.7614325631840076,0.7226622975712425,0.6765567573746812,0.8705689788395037,0.030593316197718056,0.7819667446432852,False,False,hybrid,0.7099725624458808,uniform_32bit,1.3635426331250664,0.36045235700990447,0.0,0.5308896400756595,0.10865800291443597,0.0,0.6940931691223493,uniform_32bit,1.683879054901496,0.32694050643326883,0.0,0.47350714581523723,0.06516724053735565,0.0,0.13438510721413846,0.0158793933235315,2.236620703879939,1.3050266512281925,1.2342676402577426,0.8789232762086404,0.17944116454387649,0.22464450529847965,False,False,False,simd,True
67,0.19128325694690976,0.7324135029937877,0.4400886995273686,0.5531038024112752,0.5232819275858854,0.8758520933644556,0.8876624651452997,0.038735541834604134,1.5053247127032772,False,False,hybrid,0.5024851759578662,zipfian_smallints,1.3051418321932047,0.2585566156417595,0.0,0.12298343460590727,0.6184599497523332,0.0,0.47757547408848927,zipfian_smallints,1.4677743082823365,0.18717175843302625,0.0,0.0,0.5127000614609456,0.0,0.30012818010602815,0.024909701869376966,4.95730084412792,-0.2997611634328944,-0.4605860232285343,0.3214888733014564,0.09118478432064463,0.020093054581341026,False,False,False,hybrid,False
68,0.6999868303482149,0.3464928613130488,0.12386977486422102,0.04094696028571976,0.6218745020233429,0.4917597934535247,0.8884321355959409,0.038624895797312576,0.606259485089468,False,False,hybrid,0.2931494325576665,uniform_32bit,1.762850482708748,0.0,0.12487968779597297,0.45202927817346544,0.3160795092251944,0.10701152480536714,0.2931494325576665,uniform_32bit,1.762850482708748,0.0,0.12487968779597297,0.45202927817346544,0.3160795092251944,0.10701152480536714,0.0,0.0,0.0,-1.7321952901946989,-1.7140419826957927,0.9735095455233737,0.0,0.06084434659521085,False,False,False,simd,True
69,0.42926080175524794,0.7936821505599726,0.08481927231183206,0.5554617101377639,0.6416478295885795,0.839761333775911,0.7580664724939453,0.041721490459043054,0.628600670653798,False,False,hybrid,0.544842224114226,zipfian_smallints,1.3551886831841216,0.1865419175647995,0.0,0.20403897126794573,0.6094191111672549,0.0,0.544842224114226,zipfian_smallints,1.3551886831841216,0.1865419175647995,0.0,0.20403897126794573,0.6094191111672549,0.0,0.0,0.0,0.0,0.10983148475089936,0.16060251503804546,-0.1466558787688104,0.015101829153248664,0.02208284581773125,False,False,False,hybrid,False
70,0.13895877785108102,0.109282291114558,0.6753056286674841,0.7132581963116982,0.618976546201301,0.7923652384445303,0.6915451747812079,0.045707302047236,1.110411130419188,False,False,hybrid,0.7493274850204165,low_entropy_repeating,1.9187975808510347,0.3294409437814817,0.13588053142800355,0.21005433259280673,0.32462419219770805,0.0,0.6546488719615996,learned_drift_prototype,0.8142362150710207,0.2049310750238607,0.010815980823467393,0.0,0.0,0.0,0.784252944152672,0.09467861305881686,12.63514484007446,1.4292930402918533,0.8366229247339999,-1.6886349213707967,0.22784866739673318,0.115035652150925,False,False,False,prototype_recovery,True
71,0.28762812035303886,0.6218977733752458,0.8581253046248232,0.0045001249396591225,0.41170347369307986,0.6418299194915178,0.12368583130289057,0.02699821479252914,0.9470904194459477,False,False,hybrid,0.4813433165691871,sequential_ids,1.5534046195445301,0.27464043482553424,0.4333596495653387,0.0,0.29199991560912697,0.0,0.4813433165691871,sequential_ids,1.5534046195445301,0.27464043482553424,0.4333596495653387,0.0,0.29199991560912697,0.0,0.0,0.0,0.0,-0.46845495284186994,-0.4301847863472969,0.6686098717033415,0.0,0.041788116981458845,False,False,False,hybrid,False
72,0.637290247084687,0.2376583633605973,0.8527811296319127,0.3480314234095143,0.6826757369152476,0.33915492089512445,0.5722562007065192,0.030342740357060846,0.9784442625398327,False,False,hybrid,0.4215491240940573,sequential_ids,1.4570938737826666,0.010887219423595424,0.48791048009713683,0.11053492155063166,0.39066737892863607,0.0,0.34308235938835335,learned_drift_prototype,0.9344416911334699,0.0,0.35041898853080217,0.0,0.0,0.0,0.649581011469198,0.07846676470570396,18.613907661256633,-0.8008960329038476,-1.4028534272610063,-1.2341406270497435,0.00815000369780776,0.0,False,False,False,prototype_recovery,True
73,0.8092460497374954,0.18759368193949133,0.0848115912357631,0.34192693854566036,0.5741113181132541,0.7459452847810254,0.8989946960534119,0.0375794049865559,0.9656687094828735,False,False,hybrid,0.5483410563969433,uniform_32bit,1.0429975659350066,0.2543805617505479,0.0,0.7056426643716149,0.03997677387783721,0.0,0.5416095192809987,uniform_32bit,1.2555503574638878,0.22387864981968375,0.0,0.6574895442611254,0.0011810116300522738,0.0,0.11745079428913884,0.006731537115944652,1.227618657661064,0.28896463004110623,0.36712950790409127,-0.14373060974845306,0.03973263663065211,0.05048030733681255,False,False,False,simd,True
74,0.20945702242370104,0.5748719296230336,0.9975800372629172,0.7008810101206585,0.4761702723306974,0.4138952743374352,0.8322390082284439,0.06271737519434069,1.0064568165487606,False,False,hybrid,0.6605727533471653,zipfian_smallints,1.4552134117676108,0.21984040205260091,0.24057309648807612,0.0,0.539586501459323,0.0,0.5959202027468061,learned_drift_prototype,0.8573878248253672,0.27101678437337134,0.0013796364705358985,0.0,0.0,0.0,0.7276035791560929,0.06465255060035913,9.787347460633281,1.1660192737069637,0.8223108128523116,-1.2711737722273972,0.16714406896906553,0.11306773676719285,False,False,False,prototype_recovery,True
75,0.39230277055930685,0.0671666688477669,0.20197903768878156,0.017668780999912204,0.36262393320013075,0.6076322119614377,0.37463396990312625,0.030143124435700993,0.6270093377075592,False,False,hybrid,0.5741078779588761,sequential_ids,1.5353144043375575,0.0,0.42722070052126265,0.22041164205228672,0.35236765742645065,0.0,0.5808207778531086,sequential_ids,1.8233025323584622,0.0,0.408089185188382,0.20889119863091352,0.2975139203651459,0.0,0.08550569581555852,-0.006712899894232516,-1.169275000736598,0.41638967886136813,0.6604816786686701,1.6658828205722012,0.05725358084343812,0.19493390710270472,False,False,False,hybrid,False
76,0.7015704972599325,0.5408566369449512,0.28454087511182524,0.8969967987729952,0.1880776935045276,0.3602741844133417,0.8272518515383588,0.027159219557454796,0.40881391454485827,False,False,hybrid,0.6658712927461586,uniform_32bit,1.1090272869004096,0.4419693249090375,0.0,0.5392008409347038,0.0,0.018829834156258766,0.6658712927461586,uniform_32bit,1.1090272869004096,0.4419693249090375,0.0,0.5392008409347038,0.0,0.018829834156258766,0.0,0.0,0.0,1.0693339120481944,1.310673187545517,-0.8042230566014745,0.14703341290662675,0.18021756328750863,False,False,False,simd,True
77,0.5725958353310129,0.6534392090094951,0.29938329151482557,0.24137206162666291,0.2579938777349322,0.224353251266738,0.799451492232646,0.040776546790966116,1.1550471496812345,False,False,hybrid,0.3479355811883968,clustered_ranges,1.7581297319178695,0.2275836769039353,0.06896986415963603,0.23760439795249208,0.0,0.46584206098393655,0.34793558118839674,clustered_ranges,1.7581297319178695,0.2275836769039353,0.06896986415963603,0.23760439795249208,0.0,0.46584206098393655,0.0,5.551115123125783e-17,1.5954433588440667e-14,-1.8194528495632252,-1.7318086254555956,1.290751195085468,0.04957365792243424,0.08067194969284175,False,False,False,guarded_fallback,True
78,0.7335795401130992,0.7838241093757136,0.4383862585841929,0.47625730858672566,0.7957613991480199,0.6396779815832192,0.7517107544943061,0.02748732545846083,0.9411481317640095,False,False,hybrid,0.5194914232315302,uniform_32bit,1.837001170368008,0.2854896130843063,0.0,0.3895665394414899,0.2435377099754755,0.0814061374987284,0.5194914232315302,uniform_32bit,1.837001170368008,0.2854896130843063,0.0,0.3895665394414899,0.2435377099754755,0.0814061374987284,0.0,0.0,0.0,-0.17617045032126497,-0.031108839701733563,1.3593963346759421,0.004701838456047386,0.08496227091724638,False,False,False,simd,True
79,0.24814347596285408,0.5621707337375722,0.10189415731454488,0.6529221265639984,0.7642795425502489,0.5101856514400891,0.44637799429421376,0.04928080479709835,0.48705567734523836,False,False,hybrid,0.46293834489934876,zipfian_smallints,1.1289372404456457,0.15080276829271166,0.0,0.1270669380714451,0.7221302936358431,0.0,0.46553136987081023,zipfian_smallints,1.2233371543128548,0.07552082465740666,0.0,0.0,0.6276689819159597,0.0,0.2968101934266338,-0.002593024971461466,-0.5601231783954378,-0.5894906116787748,-0.44888545051733786,-0.5557242389452309,0.0,0.0,False,False,False,hybrid,False
80,0.18240214730412704,0.041079093304846936,0.24606661150493847,0.06553043391838242,0.3640942739294099,0.5128702410056899,0.35005595922286714,0.031324090232139466,0.7922965699322115,False,False,hybrid,0.654332242957218,zipfian_smallints,1.3049776253320917,0.0,0.4125553326685793,0.07625509316060324,0.5111895741708173,0.0,0.7045361012768508,learned_drift_prototype,1.4110132884816047,0.0,0.2852586536845121,0.0,0.16010211782844752,0.0,0.5546392284870404,-0.05020385831963281,-7.672533160331406,0.9452371954732122,1.5863901909480638,0.04251322873984968,0.12997011437756667,0.2207857280515994,False,False,False,prototype_recovery,True
81,0.40760350239194254,0.06052845082653613,0.6981897256099134,0.20702054152481197,0.24165725502691082,0.41530062174247806,0.43328770645531833,0.03479529812307055,1.2254159120223918,False,False,hybrid,0.38646963052565353,sequential_ids,1.1461268234408428,0.05248583860129546,0.6729064914132395,0.0033908953901264573,0.2712167745953385,0.0,0.39170523259677037,sequential_ids,1.25826700371553,0.0651142187755023,0.5554343241860534,0.0,0.0,0.0,0.37945145703844435,-0.0052356020711168405,-1.3547253542265867,-1.1900980814749063,-1.0535168120373566,-0.37404478947578973,0.07899746644213036,0.0,False,False,False,hybrid,False
82,0.7902116509927025,0.001233062511908134,0.5081673558128751,0.4895020065072081,0.26647532880851027,0.4450616161171598,0.7244649100212674,0.01966579577529006,1.025955265769167,False,False,hybrid,0.4412418450361957,uniform_32bit,1.477576575624093,0.24264929230353263,0.2362710666262757,0.5210796410701917,0.0,0.0,0.4412418450361957,uniform_32bit,1.4775765756240933,0.24264929230353255,0.23627106662627606,0.5210796410701914,0.0,0.0,0.0,0.0,0.0,-0.6215573610592671,-0.5302606638711491,0.3385181224464282,0.027789753873533263,0.021157382652901763,False,False,False,simd,True
83,0.35799235277418384,0.24248285302833272,0.47986340055106513,0.6832583576588129,0.18260230037073644,0.3645885936438934,0.8443076940713204,0.017897586213106546,0.7701160311823685,False,False,hybrid,0.5894858602981884,uniform_32bit,1.1968997316865368,0.4464007157797928,0.0,0.5141399123855809,0.03945937183462639,0.0,0.5827790071150414,learned_drift_prototype,1.221515087437898,0.2007378748906658,0.0,0.12421400961839832,0.0,0.0,0.6750481154909359,0.00670685318314701,1.1377462352963619,0.5607829482001899,0.6221633961057278,-0.4091967833511926,0.07710765537752612,0.08554746696453758,False,False,False,prototype_recovery,True
84,0.6692464332774223,0.15045401155747407,0.047374020005481854,0.13820537163853075,0.7350585548245463,0.10740782545689874,0.25065757984908144,0.04710512422916706,0.6450320014020576,False,False,hybrid,0.5722547454405672,uniform_32bit,0.9097841324177383,0.10036688911053293,0.0,0.8039964134116014,0.09563669747786559,0.0,0.5722547454405672,uniform_32bit,0.9097841324177383,0.10036688911053293,0.0,0.8039964134116014,0.09563669747786559,0.0,0.0,0.0,0.0,0.3109692215615231,0.4298980066261411,-1.2753349142262458,0.04275826796470943,0.059110975911094404,False,False,False,simd,True
85,0.5961194293026371,0.24163890873908578,0.5692120504306768,0.5901953827661262,0.6795482664718233,0.10379311432949914,0.7826955674738935,0.061963917836514726,1.1790743930253629,False,False,hybrid,0.5339820917540516,uniform_32bit,1.3233691029158,0.27880924441866833,0.0,0.6006665065162966,0.12052424906503506,0.0,0.4534810056091219,learned_drift_prototype,0.7882822356102721,0.0,0.022894552821084296,0.16102556613110452,0.0,0.0,0.8160798810478112,0.08050108614492973,15.07561534142384,-0.03790256968662903,-0.6431940677520379,-1.4797092655748736,0.07895108461116215,0.0,False,False,False,prototype_recovery,True
86,0.7183499105082273,0.8554915417905857,0.2542634837541573,0.9187936809026809,0.3635659442389263,0.5827395634666572,0.8877196268941149,0.05204073025333143,0.8197874005477181,False,False,hybrid,0.727049031002952,low_entropy_repeating,1.533594142616093,0.4250007176746641,0.0,0.3578838662764482,0.0,0.2171154160488876,0.727049031002952,low_entropy_repeating,1.533594142616093,0.4250007176746641,0.0,0.3578838662764482,0.0,0.2171154160488876,0.0,0.0,0.0,2.042155018216604,1.984980882925155,0.6910087873959964,0.2807963150047831,0.3161229206144586,False,False,False,coherent_local,True
87,0.3547192942627677,0.799213522241491,0.6007339188626425,0.21635569522540143,0.33122087503138914,0.3541085074908493,0.1624867144642911,0.04011187112003159,0.6040972175714542,False,False,hybrid,0.40857617312798994,low_entropy_repeating,1.5041480551200122,0.4412292018532206,0.18728344073841674,0.0,0.0,0.37148735740836264,0.40857617312798994,low_entropy_repeating,1.5041480551200122,0.4412292018532206,0.18728344073841674,0.0,0.0,0.37148735740836264,0.0,0.0,0.0,-1.1829058726704713,-0.9952672304289777,0.6115189018235497,0.0,0.03821993136397186,False,False,False,coherent_local,True
88,0.11522731825398927,0.16548775758177503,0.7251833208508688,0.7080912356835879,0.5908643091659062,0.35372253690398303,0.8120155656941564,0.05525937681428986,1.0530132951504565,False,False,hybrid,0.7381252288401815,zipfian_smallints,1.835224668090568,0.23390033352665923,0.11371076786644566,0.20540860310567127,0.4469802955012239,0.0,0.6405692479372699,learned_drift_prototype,0.4956764573246144,0.10859928135291357,0.0,0.0,0.0,0.0,0.8914007186470864,0.09755598090291162,13.216724898592295,1.7662033223346512,0.9354717102053272,-2.503096015990073,0.29426340785684796,0.1286273601532325,False,False,False,prototype_recovery,True
89,0.21497492916442731,0.6930954269297015,0.17294393644207806,0.5072927015820433,0.7934195807429686,0.1032060837866716,0.11326384151804554,0.061963417499669604,1.2735533321283525,False,False,hybrid,0.7081577728004237,zipfian_smallints,0.42437504272047577,0.08641090522691498,0.0,0.0,0.913589094773085,0.0,0.7081577728004237,zipfian_smallints,0.42437504272047577,0.08641090522691498,0.0,0.0,0.913589094773085,0.0,0.0,0.0,0.0,1.2617116201990377,1.4259570388040987,-2.153064922632461,0.2759971234420149,0.1960690928355636,False,False,False,hybrid,False
90,0.20152798041481051,0.8973021997540936,0.8803803001276922,0.5362004131113752,0.49743362388860524,0.3185497532007011,0.14041575709760412,0.016245266916152808,1.1778054536368838,False,False,hybrid,0.4971718387088267,low_entropy_repeating,1.6371309517303483,0.4899229552296469,0.1079704832616388,0.0,0.33670827288128935,0.06539828862742496,0.4971718387088267,low_entropy_repeating,1.6371309517303483,0.4899229552296469,0.1079704832616388,0.0,0.33670827288128935,0.06539828862742496,0.0,0.0,0.0,-0.45733322408844573,-0.4007142708352713,0.8689009798421058,0.06967927231534385,0.05430631124013161,False,False,False,coherent_local,True
91,0.6308968373282815,0.8362451768426012,0.018160543914364058,0.5957137746857274,0.1850244317494818,0.7991107983230411,0.30293160524946283,0.022324320080462735,0.779075293160485,False,False,hybrid,0.6574471641047752,low_entropy_repeating,1.478182508497595,0.5192574619788465,0.0,0.22462235824714727,0.0,0.2561201797740063,0.6574471641047752,low_entropy_repeating,1.478182508497595,0.5192574619788465,0.0,0.22462235824714727,0.0,0.2561201797740063,0.0,0.0,0.0,0.8383742934021802,0.922240855389544,0.5571387647399355,0.11527646534279978,0.16162929041230828,False,False,False,coherent_local,True
92,0.4169332000473992,0.6776207635997941,0.7257696347154339,0.5669377953193868,0.6067377897478033,0.8867336607943501,0.43541791032064414,0.038258467922157875,0.9994791886526491,False,False,hybrid,0.40640792201379466,zipfian_smallints,1.810225673527309,0.3213455367712388,0.20415562499716342,0.0778746919928935,0.39662414623870446,0.0,0.3685563299212113,learned_drift_prototype,1.9530530385876133,0.29261020507168256,0.15551074856702496,0.0,0.23588014599781565,0.0,0.3159989003634769,0.037851592092583375,9.313694453844475,-1.1243943704064532,-1.3825811564618982,1.5974788142210143,0.017811276251488584,0.0998424258888134,False,False,False,prototype_recovery,True
93,0.7368228450483028,0.5202300670459938,0.4079614303605652,0.0940719630893958,0.7117251373403178,0.41600579203244514,0.6460652785673763,0.03909806034278184,0.7651427497271064,False,False,hybrid,0.19906563289796403,sequential_ids,1.9642062531421893,0.0,0.318172038390433,0.16880064566891345,0.2739688699785784,0.23905844596207512,0.1990656328979641,sequential_ids,1.9642062531421896,0.0,0.3181720383904329,0.16880064566891353,0.2739688699785786,0.23905844596207493,0.0,-8.326672684688674e-17,-4.182878060602612e-14,-2.9166271208813055,-2.799961238374705,1.527731839406533,0.0,0.0954832399629083,False,False,False,hybrid,False
94,0.24275340945746474,0.19954199289949037,0.8589828605577138,0.9125827441419312,0.16971792601864114,0.4758407105398623,0.6867959236502639,0.03543664919865004,1.0577293195081747,False,False,hybrid,0.721033159251427,low_entropy_repeating,1.1821134404378797,0.5974917431884118,0.04714091090490695,0.3553673459066811,0.0,0.0,0.6938461924611377,learned_drift_prototype,1.3600725037316663,0.3619858679583202,0.10677986495635404,0.0,0.0,0.0,0.5312342670853257,0.027186966790289313,3.7705570737571468,1.2405579780038003,1.1395289857901747,0.16166408599996318,0.20917738539785483,0.16678924092114672,False,False,False,prototype_recovery,True
95,0.5136155894795434,0.7417164105197349,0.7311359766527954,0.7829601300260849,0.45594705491322113,0.18369207744382018,0.8231786327024321,0.02370662124157069,0.8264134884806178,False,False,hybrid,0.6454746978181344,low_entropy_repeating,1.6744639153098884,0.3769712985092865,0.0,0.3544745054655886,0.24815631256140444,0.020397883463720554,0.58678215164831,learned_drift_prototype,1.2754369878269793,0.21018410057332823,0.0,0.01853795753242068,0.0,0.09204782268483974,0.6792301192094115,0.05869254616982433,9.092927479298536,0.6069558928845216,0.3209653603208374,-0.04114614485867349,0.08345643527162172,0.04413273704411515,False,False,False,prototype_recovery,True
96,0.17988998172858361,0.2043973670814292,0.7436003651076519,0.023140094581946435,0.7833797069658237,0.4017157442845446,0.6754500269526589,0.03360052025519763,1.0827644565115362,False,False,hybrid,0.5690913610828173,zipfian_smallints,1.1755027792002053,0.0,0.37809509229143917,0.04121408769723119,0.5806908200113297,0.0,0.5690913610828173,zipfian_smallints,1.1755027792002057,0.0,0.3780950922914393,0.041214087697231304,0.5806908200113294,0.0,0.0,0.0,0.0,0.1285253521186428,0.26884456547255187,-0.2383425678433238,0.05694064708213177,0.03696612775247588,False,False,False,hybrid,False
97,0.3553059908797328,0.6087411288982467,0.5809893737480507,0.40913997762479715,0.4814198046941668,0.8483050956531958,0.4741122053012772,0.04862902039838167,1.0577713969427882,False,False,hybrid,0.2866710054592657,zipfian_smallints,1.654682925663431,0.25298415920071715,0.23762894125449255,0.030029623835681453,0.479357275709109,0.0,0.2808529203189674,zipfian_smallints,1.83244787477213,0.23983413633731498,0.22622703956187376,0.0,0.4346428075222342,0.0,0.0992960165785771,0.005818085140298301,2.0295338661743445,-1.8117000890576587,-1.7768757146276646,1.195944477109636,0.036522876617545705,0.07474652981935224,False,False,False,hybrid,False
98,0.41528558607449495,0.13110869302621986,0.1628715005545549,0.6845620733936773,0.2715822033671222,0.8639187134846461,0.2948773962868859,0.013365512966608834,1.0353971890353295,False,False,hybrid,0.6815064828956668,low_entropy_repeating,0.9906575992017976,0.5568404284161194,0.0,0.44315957158388064,0.0,0.0,0.6815064828956668,low_entropy_repeating,0.9906575992017976,0.5568404284161194,0.0,0.44315957158388064,0.0,0.0,0.0,0.0,0.0,0.7939193541132304,0.9538697056865165,-0.6498036274220415,0.1381028500461857,0.13115708453189603,False,False,False,coherent_local,True
99,0.804828841534296,0.27811335687148786,0.20208810164547797,0.18576613487108717,0.41760984109320987,0.47473331299741683,0.3075518718836274,0.03918296426970858,0.7980267625941139,False,False,hybrid,0.35495020059067434,uniform_32bit,1.3673392350199691,0.2631450937802419,0.1493466848594544,0.5875082213603037,0.0,0.0,0.35495020059067434,uniform_32bit,1.3673392350199691,0.2631450937802419,0.1493466848594544,0.5875082213603037,0.0,0.0,0.0,0.0,0.0,-1.2012618939454054,-1.1093412725698488,0.16223522401604426,0.0,0.010139701501002766,False,False,False,simd,True
100,0.8674658781084867,0.6525192007526632,0.4955065566286184,0.11069207402961612,0.20194903243966983,0.33581915965963416,0.7118428420857875,0.034580263152046736,1.1063899598775453,False,False,hybrid,0.38032333336923535,clustered_ranges,1.421820900305815,0.07320979464319026,0.43777581274955124,0.01973561970249845,0.0,0.46927877290476006,0.38032333336923535,clustered_ranges,1.421820900305815,0.07320979464319026,0.43777581274955124,0.01973561970249845,0.0,0.46927877290476006,0.0,0.0,0.0,-0.9214851174957996,-0.8343654854751917,0.21632263183171352,0.04581848028319431,0.013520164489482095,False,False,False,guarded_fallback,True
101,0.8876548866006033,0.9823666831045325,0.9529991327679814,0.07182214050288438,0.11023482874224416,0.34357322118082634,0.5423186032515692,0.002525497662394814,0.6240017843474062,False,False,hybrid,0.6888096389975126,sequential_ids,1.5158976762078584,0.2035299943487663,0.44938509453791176,0.0,0.0,0.3470849111133219,0.6888096389975126,sequential_ids,1.5158976762078584,0.2035299943487663,0.44938509453791176,0.0,0.0,0.3470849111133219,0.0,0.0,0.0,0.8673004634130332,0.9952569995496213,0.3413858144566713,0.11925381371929208,0.1581844508416149,False,False,False,hybrid,False
102,0.5934049432618472,0.542364402302205,0.16531132336729115,0.25325547440019736,0.12824961998580645,0.7815465262358389,0.5673822880489746,0.02206523060786686,1.1697188846301154,False,False,hybrid,0.5351448091776603,low_entropy_repeating,1.5289890539423108,0.4273103343142976,0.009464333858671946,0.41059998373777773,0.0,0.15262534808925274,0.5351448091776603,low_entropy_repeating,1.5289890539423108,0.4273103343142976,0.009464333858671946,0.41059998373777773,0.0,0.15262534808925274,0.0,0.0,0.0,0.03159146185832352,0.12240926316641647,0.3731967863856091,0.07259901833953425,0.04015607283448283,False,False,False,coherent_local,True
103,0.3970021096706218,0.4048549644265338,0.7600149717440349,0.7723529876745681,0.16545082201122538,0.8532310853904792,0.19652426995494912,0.031618528261578516,0.730745888757443,False,False,hybrid,0.3162213001484926,low_entropy_repeating,1.294022232335486,0.6440117511739237,0.1904999607149365,0.1654882881111399,0.0,0.0,0.3162213001484926,low_entropy_repeating,1.294022232335486,0.6440117511739237,0.1904999607149365,0.1654882881111399,0.0,0.0,0.0,0.0,0.0,-1.2681342908224973,-1.2362105712820632,-0.14832960202750298,0.0,0.0,False,False,False,coherent_local,True
104,0.3116318489210489,0.846478536067957,0.17949207234608744,0.4135679313099698,0.359887439955301,0.2962071784185677,0.6681961610687892,0.052362616370317014,1.409075439140823,False,False,hybrid,0.32691261377497605,clustered_ranges,1.0819276030123806,0.31023527958311864,0.0,0.0,0.03237808075100476,0.6573866396658767,0.32691261377497605,clustered_ranges,1.0819276030123806,0.31023527958311864,0.0,0.0,0.03237808075100476,0.6573866396658767,0.0,0.0,0.0,-1.0495262202520534,-1.0149373321781727,-0.8589573568089875,0.14213828879047255,0.0,False,False,False,guarded_fallback,True
105,0.5324364165456246,0.4573136027154179,0.4369126169395381,0.3263509665784135,0.5751327705737073,0.5404499431691367,0.6964061519172702,0.1629478799520666,1.8119240163818333,False,True,hybrid,0.17407213133211163,zipfian_smallints,1.8787713307522198,0.16215748570583585,0.1428739149536304,0.3044652852655423,0.39050331407499145,0.0,0.12751083294678628,learned_drift_prototype,2.0750155054696013,0.07493862289204693,0.11957369043667508,0.1487107249566838,0.2390752876224389,0.0,0.4177016740921554,0.046561298385325356,26.74827844584221,-1.8141475594937768,-2.0848450063158177,2.1047612488073706,0.24610942697737317,0.13154757805046066,False,False,False,prototype_recovery,True
106,0.5001128113113196,0.4563772182692136,0.3874477889230683,0.4977207797039153,0.7136615737407725,0.49832292654630306,0.6937518594027905,0.1390353720188197,1.845505867453359,True,True,hybrid,0.2627589226355662,uniform_32bit,1.5538205879507978,0.2455111788546393,0.0,0.4124760790431628,0.34201274210219795,0.0,0.13153438118745334,learned_drift_prototype,0.2687293623778081,0.0,0.0,0.0,0.0459025323769776,0.0,0.9540974676230223,0.13122454144811288,49.94104106223441,-1.060092130540943,-1.6871374616583295,-3.6789193373388493,0.17221898712188113,0.0,False,False,False,prototype_recovery,True
107,0.5094974007300932,0.47780272985283295,0.3504617545173484,0.4986736996822356,0.606179277192831,0.36241262130803104,0.6916524083073028,0.13069223748370512,1.693440850170486,True,True,hybrid,0.18721584667950317,uniform_32bit,1.547223994405106,0.2403816824856465,0.0,0.4258416519881261,0.3337766655262274,0.0,0.14137880451716006,learned_drift_prototype,1.4885184075840925,0.07294798630875815,0.0,0.14542307535440185,0.14027411211864055,0.0,0.6413548262181996,0.045837042162343106,24.48352688905231,-1.3318713143534724,-1.394127858353748,0.17832674937046988,0.1049449420297063,0.011145421835654368,False,False,False,prototype_recovery,True
108,0.6375152736561093,0.41854272855099117,0.3854471002498545,0.43561881217596565,0.7192015122615818,0.35805074798798475,0.6899265376845362,0.13662080309992392,1.6894760481059108,True,True,hybrid,0.23660611336593926,uniform_32bit,1.4769288720415041,0.2377969153157126,0.0,0.5217008548439337,0.24050222984035372,0.0,0.13780161393303023,learned_drift_prototype,0.8909963134682668,0.03263359319596662,0.0,0.18619558124405,0.0,0.0,0.7811708255599834,0.09880449943290903,41.759064475268325,-0.9361651084035109,-1.2571775041751625,-1.1214258531298662,0.08861548319344398,0.0,False,False,False,prototype_recovery,True
109,0.6267715817273771,0.43386019758556205,0.4794143596286651,0.3684724866600108,0.6316313336462026,0.4380100216467105,0.625161403662457,0.13680419953736675,1.884015848440438,False,True,hybrid,0.17783103479792073,uniform_32bit,1.8854337985527163,0.20750577249038424,0.1238350312278815,0.3940040861796425,0.2746551101020918,0.0,0.10265798182120205,learned_drift_prototype,1.8823816594011762,0.09911625321337919,0.09320306317728996,0.2009035147684252,0.07600236199210253,0.0,0.5307748068488031,0.07517305297671868,42.27217879159394,-1.2635550127949873,-1.3742925769455425,1.3866360076647841,0.10700064713607019,0.08666475047904901,False,False,False,prototype_recovery,True
110,0.43234070086456866,0.40503050512034267,0.3777308992466839,0.35670415331984584,0.6849473094698556,0.5320653820370506,0.6405044815848372,0.14232269336004477,1.3284093316445114,False,True,hybrid,0.2154804014663089,zipfian_smallints,1.7594918885681183,0.13064083673947158,0.11320728494696057,0.2750877315726487,0.4810641467409193,0.0,0.15821431848314763,learned_drift_prototype,0.5357374162451805,0.0,0.008707525007086417,0.0031691445798574876,0.0893869610335795,0.0,0.8987363693794765,0.05726608298316127,26.57600533202785,-0.9267232769722006,-0.9492992160348848,-1.8149950746488523,0.011080280702136097,0.0,False,False,False,prototype_recovery,True
111,0.5000153615336889,0.5250215226645023,0.4720454888866492,0.38878857727919525,0.7371874998871452,0.5207968752294458,0.6644431347645876,0.14947788256434802,1.889713269074301,False,True,hybrid,0.24529499985646894,zipfian_smallints,1.763636677030402,0.12528988742699237,0.1405864068885767,0.23398775404544428,0.5001359516389867,0.0,0.1468653399375386,learned_drift_prototype,1.1892606384281634,0.0,0.08736052790698914,0.0,0.242081192906654,0.0,0.6705582791863568,0.09842965991893032,40.12705516888853,-0.6461747861555798,-0.8854871395264812,-0.20595429907431556,0.08988764361343048,0.0,False,False,False,prototype_recovery,True
112,0.5906475229906603,0.44612152618846135,0.44129043890285435,0.3480452552298006,0.6789638388718581,0.4078640272204669,0.6515616819404709,0.13889453636390467,1.7192629791275964,False,True,hybrid,0.17432528507756695,zipfian_smallints,1.8436793592254206,0.15175312422268386,0.12153376021688139,0.35991845732698535,0.3667946582334495,0.0,0.09261774638224751,learned_drift_prototype,1.685135399392221,0.0255541137685367,0.08668878116707206,0.13906613522620787,0.14734583972665863,0.0,0.6013451301115247,0.08170753869531944,46.870732871002176,-0.9681726053173583,-1.0452145870589944,0.8063194509491348,0.053615646330111434,0.050394965684320926,False,False,False,prototype_recovery,True
113,0.5935839752957628,0.37314083346188587,0.42801251803130586,0.49972190300238317,0.588518164646182,0.38079271651552526,0.6845600665093587,0.18618421722459005,1.6326829829858198,False,True,hybrid,0.2226991265033213,uniform_32bit,1.4148370727765966,0.31295240675422176,0.0,0.538064463456833,0.14898312978894535,0.0,0.14059621785324494,learned_drift_prototype,1.3106719766064114,0.13259761661384403,0.0,0.24593386653670155,0.0,0.0,0.6214685168494544,0.08210290865007636,36.867189350584134,-0.6198955945991313,-0.7155185624109359,0.061794690932386195,0.034991286177630296,0.003862168183274137,False,False,False,prototype_recovery,True
114,0.444089095002019,0.43469907893593074,0.46043698571186603,0.40015322981605567,0.6872325831230301,0.4805373469738511,0.798408401105611,0.154525859112979,2.0658371005963265,False,True,hybrid,0.2759183200495997,zipfian_smallints,1.7202610452280842,0.10797058596665664,0.12066229249310988,0.26559584887330634,0.505771272666927,0.0,0.13748675707039987,learned_drift_prototype,0.518542504614265,0.0,0.0,0.01596112674900773,0.08005162327929305,0.0,0.9039872499716992,0.13843156297919984,50.17121115927173,-0.16451342780656056,-0.6443067993747491,-1.6613335982745563,0.09130785270664038,0.0,False,False,False,prototype_recovery,True
115,0.6080300188204966,0.5142461573195691,0.433333199607976,0.3643091364481799,0.699764155933411,0.5102778867685447,0.6982514892782732,0.12519125605859316,1.770406259448115,False,True,hybrid,0.24379786564729922,zipfian_smallints,1.8271794493381863,0.16956923007960484,0.1000711694089891,0.3518659526298711,0.378493647881535,0.0,0.19943720173677498,learned_drift_prototype,2.1495792192958314,0.10181269364056818,0.08049195165812963,0.23199480569161696,0.26003458654393335,0.0,0.3256659624657518,0.044360663910524234,18.195673613771714,-0.3503329515732696,-0.21470233393567828,1.7629233521372913,0.03799064323676766,0.11018270950858071,False,False,False,prototype_recovery,True
116,0.40870958756997894,0.4804515212931711,0.5146254634832373,0.3336001697155742,0.5793727469642809,0.5221601947241072,0.764624921990019,0.12473853151087294,1.6128294647646715,False,True,hybrid,0.22505192015460482,zipfian_smallints,1.5669472556834487,0.062490811941852915,0.22370010744313398,0.1289722225747363,0.5848368580402769,0.0,0.16406377634030048,learned_drift_prototype,1.4350167836267387,0.00048255338186122985,0.1482723888154629,0.0,0.3356796351168532,0.0,0.5155654226858227,0.06098814381430434,27.099588296072778,-0.42109196132030285,-0.354401760066357,0.25005877668799426,0.009124558208485444,0.01562867354299964,False,False,False,prototype_recovery,True
117,0.45479730411965813,0.391675868287003,0.5002981621142792,0.32378206960679207,0.5671964700221891,0.385258273004426,0.6350693022907844,0.15060390806305463,1.7868115662543131,False,True,hybrid,0.14842765505828154,zipfian_smallints,1.7907860720797115,0.09415884000743387,0.22018181126577305,0.21553999575440314,0.47011935297239,0.0,0.11656314339854579,learned_drift_prototype,1.0639934070381418,0.0,0.12419148950479202,0.0026919677788148477,0.11705721587531129,0.0,0.7560593268410819,0.03186451165973575,21.46804222381863,-1.1688393154344332,-0.631643568578095,-0.40130891955336895,0.0314705169126546,0.0,False,False,False,prototype_recovery,True
118,0.45519948030223356,0.4812147758190127,0.40781671632763833,0.446945026156116,0.663284130161929,0.4601817536980806,0.7657093849677572,0.16603483895494292,1.6676501164630702,False,True,hybrid,0.22653546963157747,zipfian_smallints,1.6012637446335183,0.20461217298685014,0.01178709787518465,0.3691182120988297,0.41448251703913547,0.0,0.08802597278169708,learned_drift_prototype,0.648055546887011,0.0,0.0,0.010619070262066167,0.1329166755542239,0.0,0.85646425418371,0.1385094968498804,61.14252089314897,-0.04414791264349377,-1.077129161328632,-1.0906163328467904,0.0019066537474525297,0.0,False,False,False,prototype_recovery,True
119,0.4676741903737768,0.4543836941538507,0.4129499237128762,0.4128190274094446,0.6853304765019276,0.3632158421838789,0.6002134930045494,0.10247225001844104,1.6867604590837624,False,True,hybrid,0.1842214856963604,zipfian_smallints,1.726418412369843,0.18913797448833086,0.04940258377532763,0.35172847938849555,0.4097309623478458,0.0,0.13520185493714776,learned_drift_prototype,0.46245562554243946,0.0,0.0,0.008870981185109553,0.0766514603243535,0.0,0.914477558490537,0.049019630759212646,26.609073623479688,-0.8345645388413155,-0.21421577562215516,-1.2957137360568864,0.0,0.0,False,False,False,prototype_recovery,True
120,0.448871627395501,0.4859054018417916,0.39281845786734404,0.31983139411976286,0.591397031928168,0.43454680685441244,0.6352276598346159,0.12795206586777808,1.6198872759188816,False,True,hybrid,0.060804945488779856,zipfian_smallints,1.755084081700175,0.1298823882448739,0.11789929410426529,0.2603543431866472,0.49186397446421354,0.0,0.04536798490247666,learned_drift_prototype,1.8692850100092142,0.037294416752993866,0.09244109952010852,0.09561022018273825,0.338079307723988,0.0,0.43657495582017136,0.015436960586303193,25.387672766110324,-4.1062628132064285,-3.154579960640849,1.1366635400370186,0.0,0.07104147125231366,False,False,False,prototype_recovery,True
121,0.42495776429419757,0.37148059125771543,0.3730652876221976,0.4239138512620624,0.5743937928419246,0.5204764635860533,0.7508543029875785,0.1558112752464235,1.8321965153801751,False,True,hybrid,0.2533843261466976,uniform_32bit,1.6125630755213571,0.2411384426365007,0.00916788984611566,0.41300865309860135,0.33668501441878224,0.0,0.17869527274077415,learned_drift_prototype,0.035175366544543084,0.0,0.0,0.0,0.003694763891194947,0.0,0.9963052361088051,0.07468905340592344,29.47658781493927,0.8881241335245126,1.3549601984906672,-1.898629463663286,0.16205051948794275,0.18630702729246676,False,False,False,prototype_recovery,True
122,0.5246598867190788,0.44873441525412916,0.5441769457091477,0.376146472243429,0.6295050049109986,0.46695054056098734,0.6256105221095574,0.1414107407227697,1.8736381429330602,False,True,hybrid,0.188081110414713,zipfian_smallints,1.8964409996089944,0.1488518778989571,0.19710516551571822,0.24623332652926042,0.40780963005606413,0.0,0.0664315106978111,learned_drift_prototype,1.183752103028724,0.016677139209777835,0.13905282718703846,0.0,0.11442814013300528,0.0,0.7298418934701785,0.12164959971690191,64.67932874740495,-0.3229788116663514,-1.7020300080863202,0.06360892997366158,0.05609699665327713,0.0039755581233538485,False,False,False,prototype_recovery,True
123,0.4978729948826659,0.4158524919195539,0.440209300037051,0.4135868460856985,0.6423635822899497,0.4817506819633402,0.7108798046759528,0.1174303053972642,1.9048989407730743,False,True,hybrid,0.2152536627375351,uniform_32bit,1.8056678109348185,0.1981480858563395,0.07555409509564437,0.36431561353083197,0.361982205517184,0.0,0.05648261481130288,learned_drift_prototype,0.11250134451506316,0.0,0.008881371655420016,0.00420833940529869,0.0,0.0,0.9869102889392813,0.15877104792623223,73.75997504852045,0.18947416219094262,-1.680909505435308,-1.650688421598483,0.0879235313006102,0.0,False,False,False,prototype_recovery,True
124,0.6066974704809361,0.5355009719250099,0.46947890581476814,0.4337895317983159,0.5605151980646111,0.5391039782043814,0.6784969468529888,0.13746104636868356,1.6252798621483575,False,True,hybrid,0.21607016561553496,uniform_32bit,1.7074495359902058,0.30492203860568506,0.03684968522470931,0.43058681548499467,0.22764146068461083,0.0,0.19136645936942198,uniform_32bit,2.0419087091942774,0.2689673799399694,0.024540977829933423,0.3639634351648857,0.1575150372925549,0.0,0.1850131697726564,0.024703706246112983,11.43318707408666,0.2345725693042495,1.5170280653866213,1.4590380378877998,0.03225372827933431,0.29978123635864795,False,False,False,simd,True
125,0.40136827720865687,0.5073299424987199,0.4161432133492211,0.4757527239565079,0.6246121175116106,0.46301558212614113,0.6540683576398655,0.12121892179790125,1.6710854296261213,False,True,hybrid,0.16773769788609388,zipfian_smallints,1.5584766839461772,0.25344745251094614,0.0,0.3381623700219208,0.408390177467133,0.0,0.07048004775387115,learned_drift_prototype,0.9391875250510093,0.05480904150388061,0.0,0.0,0.1655673570751221,0.0,0.7796236014209973,0.09725765013222273,57.98198697007739,-0.7447958582700489,-1.1763577200542916,-0.2112012177548571,0.0,0.0,False,False,False,prototype_recovery,True
126,0.6027407255599805,0.44635271027243434,0.4628785360718357,0.4964288592635689,0.6714422860988144,0.4349958771332203,0.6739968735694396,0.12304953175612962,1.513999844306548,False,True,hybrid,0.2598617484024447,uniform_32bit,1.4922080206546524,0.3016743919715307,0.0,0.49407339830718194,0.2042522097212874,0.0,0.14523431066135534,learned_drift_prototype,1.0989656781576027,0.10368956455325133,0.0,0.1654097590135471,0.0,0.0,0.7309006764332017,0.11462743774108936,44.11093146482153,1.075480357910013,0.4642857396909805,-0.016060550734586714,0.1478785492126268,0.06383928920750982,False,False,False,prototype_recovery,True
127,0.44084792503736364,0.48366614815903075,0.4253468015749753,0.4237429556339284,0.5580190019745552,0.44234543943690185,0.7044501787964744,0.09822204871642551,1.725238141134068,False,True,hybrid,0.15397691908215963,zipfian_smallints,1.6968104112330296,0.23709734792630094,0.027705900954391478,0.3584791185275356,0.3767176325917718,0.0,0.08783550916816203,learned_drift_prototype,0.6946312278138029,0.037882326712032136,0.0,0.0,0.06683740066012937,0.01534725556489538,0.8799330170629431,0.0661414099139976,42.95540546483177,-0.9348052518315912,-0.6802466589402134,-0.6159965489543942,0.0,0.0,False,False,False,prototype_recovery,True
128,0.6178522716853035,0.4768468867933457,0.43580522427148255,0.38621527152758767,0.5571797772014718,0.4569201502578551,0.7987085993573695,0.17619688844180156,1.8153686940776046,False,True,hybrid,0.23922031675803251,uniform_32bit,1.7086396387730751,0.2392591129803269,0.04234177213069506,0.4575716252347028,0.2608274896542754,0.0,0.1681536302670908,learned_drift_prototype,1.7396196452849164,0.14170409421783797,0.015946185358886793,0.24638679137433453,0.0,0.06690656209742309,0.5290563669515177,0.07106668649094172,29.707629959718066,0.6657801501486618,0.9274633072572627,1.0782285910003246,0.12802617938782407,0.1949154916853939,False,False,False,prototype_recovery,True
129,0.43893941774364487,0.4569796305951741,0.5331489715757419,0.41348962270986467,0.6294466602945649,0.4390032109707984,0.6126234341407741,0.09533581793582034,1.9224000100824268,False,True,hybrid,0.19175392390922943,zipfian_smallints,1.8474440464511788,0.158294078940197,0.16561730252965196,0.21973405261178308,0.4563545659183681,0.0,0.09164847766521955,learned_drift_prototype,1.078603274473997,0.049878604801273534,0.06744592388453279,0.0,0.09719335390854193,0.0,0.7854821174056518,0.10010544624400988,52.205161804874884,-0.21939781419653615,-0.6165267032065984,0.01846239704947365,0.07905247212898758,0.001153899815592103,False,False,False,prototype_recovery,True
130,0.6358455878194632,0.37538705135818395,0.5091577130333941,0.40913513881620955,0.6586991190159721,0.5297843152641027,0.7943607637293423,0.1545206781982136,1.1765890092434512,False,True,hybrid,0.33399791648315824,uniform_32bit,1.8697568047413198,0.19597707304088993,0.12184874316506801,0.4090314693476184,0.2731427144464236,0.0,0.19730522938419928,learned_drift_prototype,0.8174124431509024,0.0,0.09291124395751883,0.07441856222837148,0.0,0.0,0.8326701938141097,0.13669268709895896,40.92620952198414,2.628627956869755,1.481852359093611,-0.4362866254469237,0.3614363440695913,0.20375469937537152,False,False,False,prototype_recovery,True
131,0.5530552521484882,0.3570351964368839,0.3815046682634959,0.3411639586026015,0.7451472048779322,0.393740845230327,0.7031511352576103,0.1415109301999979,1.468036114210438,False,True,hybrid,0.21342256475879165,zipfian_smallints,1.7371785455479938,0.1032725707187231,0.1048380893278233,0.38239850918214924,0.40949083077130427,0.0,0.10340966919818746,learned_drift_prototype,0.8329650357051419,0.0,0.0,0.16239132841076237,0.03135066019132422,0.0,0.8062580113979135,0.11001289556060419,51.54698411807571,0.148220815374263,-0.3244903330992123,-0.3075173844334292,0.020380362113961163,0.0,False,False,False,prototype_recovery,True
132,0.4504668129023853,0.51011672413477,0.4735577817011167,0.47282736583854496,0.7397686214011568,0.41958015515131847,0.6181158117070878,0.17458547221111947,1.9490980565890637,False,True,hybrid,0.2532669610317828,zipfian_smallints,1.7418555253688672,0.19444827520645494,0.06010432888952432,0.29636842443602246,0.4490789714679983,0.0,0.14404000635256492,learned_drift_prototype,0.7200023821242956,0.030974611669774887,0.0,0.0,0.11900845130502204,0.0,0.850016937025203,0.10922695467921789,43.12720231420586,0.8103404203631147,0.5535144623618922,-0.43833123334721924,0.19561865494019837,0.07610823857476018,False,False,False,prototype_recovery,True
133,0.4571614006655287,0.4943813559025353,0.38377460832254295,0.4873339383730253,0.5875807158072954,0.37146247256650405,0.6995295404730758,0.134738972230919,1.7333102433546812,False,True,hybrid,0.17775629615572075,uniform_32bit,1.554759470408789,0.2398836730024606,0.0,0.38738219562303794,0.3727341313745013,0.0,0.1279160585506094,learned_drift_prototype,0.970250638955219,0.031014168717557564,0.0,0.03463631176352158,0.13442339306256132,0.0,0.7999261264563595,0.04984023760511136,28.038521663080534,-0.5400862943813547,0.19521271206284302,0.031889659756996876,0.011100457998471756,0.028834851643453223,False,False,False,prototype_recovery,True
134,0.4127083654871193,0.5462774202506004,0.44380101580253445,0.47935107431813967,0.645112234646587,0.36206616371484435,0.7644427092187615,0.12789551731498258,1.6709511709993057,False,True,hybrid,0.23492583926934166,zipfian_smallints,1.506074949953729,0.20144183890250894,0.0,0.330286459364539,0.4682717017329521,0.0,0.140801720944503,learned_drift_prototype,0.814209461789666,0.0037785427590248653,0.0,0.0,0.23102514684737907,0.0,0.765196310393596,0.09412411832483866,40.065460069262826,0.4534617904166052,0.40113113974681613,-0.27507053012911875,0.06235099618228322,0.05515553171518722,False,False,False,prototype_recovery,True
135,0.5062704418785329,0.5124245922374119,0.45115246294854827,0.4473146186231466,0.6419418928907185,0.39309902836254007,0.7490407685562022,0.13218970718894174,1.975008784341605,False,True,hybrid,0.22183126268115141,uniform_32bit,1.6661941730338659,0.21625446236596732,0.023606860237608832,0.3833519133341197,0.3767867640623041,0.0,0.09143065601395539,learned_drift_prototype,0.48679323877648323,0.009407375969675592,0.0,0.0,0.0196425697307651,0.04684437711291804,0.9241056771866412,0.13040060666719602,58.78369220420793,0.1833738844966191,-0.5868710491757374,-0.9063963995130719,0.10874352637483917,0.0,False,False,False,prototype_recovery,True
136,0.6014599862273668,0.7472698001920698,0.894687886867815,0.2725864974158917,0.08857940688044348,0.8648373276181033,0.22353847041771396,0.060587790208168464,1.162494585336637,False,False,hybrid,0.3389658175174391,low_entropy_repeating,1.4424078080214109,0.43466413852395824,0.42642734605479765,0.0,0.0,0.13890851542124405,0.3389658175174391,low_entropy_repeating,1.4424078080214109,0.43466413852395824,0.42642734605479765,0.0,0.0,0.13890851542124405,0.0,0.0,0.0,2.622710546100194,4.597833971108548,1.0327845390541255,0.3606227000887767,0.6145490336908829,False,True,False,coherent_local,True
137,0.52351308322103,0.882825566034078,0.7605460227298669,0.7081575538426351,0.14014445428480293,0.3861461052207794,0.48272394086934234,0.03992551959247308,1.094685240821582,False,False,hybrid,0.42058813557156166,low_entropy_repeating,1.4940606636185207,0.5887981177138328,0.025158227374262473,0.22053853858485598,0.0,0.16550511632704876,0.42058813557156166,low_entropy_repeating,1.4940606636185207,0.5887981177138328,0.025158227374262473,0.22053853858485598,0.0,0.16550511632704876,0.0,0.0,0.0,3.5995918760535415,3.9839466923999254,1.0369676302640356,0.49494388295736197,0.612603147096492,False,True,False,coherent_local,True
138,0.3466665631622754,0.12727619832903925,0.5502396919082576,0.7050281965241929,0.05594530518148897,0.48489848141051983,0.7257689562142361,0.01774871758771455,1.2279942557477628,False,False,hybrid,0.6378923178230419,low_entropy_repeating,1.0941933562799973,0.520620939193962,0.014828734007125905,0.46455032679891195,0.0,0.0,0.6429384320791725,low_entropy_repeating,1.7655320557253091,0.4100778208289424,0.052083952938561315,0.2923433448264783,0.0,0.0,0.24549488140601794,-0.005046114256130552,-0.7910605152530458,5.482642827647171,4.8331707031564495,1.5137116843753413,0.55,0.6446069802734589,True,True,False,coherent_local,True
139,0.45859250653648564,0.8205570826398607,0.24075307121426948,0.36081056141751533,0.14108446113424106,0.4739876315428575,0.4136480179323546,0.003392114790054683,1.039216602589773,False,False,hybrid,0.411845154744359,low_entropy_repeating,1.30184817239998,0.4650040410594382,0.0,0.07218935330984536,0.0,0.4628066056307164,0.411845154744359,low_entropy_repeating,1.30184817239998,0.4650040410594382,0.0,0.07218935330984536,0.0,0.4628066056307164,0.0,0.0,0.0,1.134849820069569,1.3711451128540737,0.37569727449096335,0.15604185025956574,0.21201353267312037,False,False,False,coherent_local,True
140,0.35107741768931733,0.2728043301458357,0.13089033085049506,0.4388217018019487,0.24237170306984163,0.3954182730727749,0.2887978100964421,0.0381543693662922,0.8712808595256226,False,False,hybrid,0.5236912928838792,uniform_32bit,1.1520274826778754,0.47603257137674304,0.0,0.49691122033701174,0.027056208286245238,0.0,0.5236912928838792,uniform_32bit,1.1520274826778754,0.47603257137674304,0.0,0.49691122033701174,0.027056208286245238,0.0,0.0,0.0,0.0,1.8684686177927377,1.8788028347990469,0.18570010395467337,0.25691443494650146,0.26994164628203604,False,False,False,simd,True
141,0.4983454822311101,0.6429984233408326,0.867172276606706,0.9988296373336586,0.49081318778386573,0.811823573231895,0.8268865972445136,0.028633059353271536,1.3197197597574348,False,False,hybrid,0.7600112668131304,low_entropy_repeating,1.3471447964717926,0.5233449914402242,0.0,0.37899489105729484,0.09766011750248094,0.0,0.655785211536443,learned_drift_prototype,1.067824220968001,0.3189136816954413,0.0,0.0271575887639499,0.0,0.0,0.6539287295406088,0.10422605527668738,13.71375133867775,3.280179776051537,2.3105529436932506,-0.0674323449875866,0.4510247192070864,0.317701029757822,False,False,False,prototype_recovery,True
142,0.16492320033911945,0.015805555440133845,0.4772006332829246,0.49431453353461774,0.32588991029037784,0.5545338810330916,0.5417301626435417,0.017527578553084403,1.5521888465462848,False,False,hybrid,0.6191727558608191,low_entropy_repeating,1.7219612846003163,0.4228976853031507,0.10149137312075374,0.3760867164263436,0.09952422514975193,0.0,0.6104227029667921,learned_drift_prototype,1.1263685219926671,0.1683020550533266,0.11141146472426947,0.0,0.0,0.0,0.720286480222404,0.008750052894026972,1.4131844160135907,1.5485106245765592,1.6239007010252327,0.08898869925976988,0.2256193521584114,0.2288481400947051,False,False,False,prototype_recovery,True
143,0.28014213288443635,0.7930049789596304,0.8478368672236546,0.9948242136208678,0.6983296131096673,0.8119192056578649,0.3514783541039239,0.03855433083078869,1.0237604609999569,False,False,hybrid,0.5950790317710634,low_entropy_repeating,1.426696005224254,0.5488317961408721,0.0,0.1733906376498756,0.27777756620925215,0.0,0.5355551550432335,learned_drift_prototype,1.303724516059004,0.4509377010895173,0.0,0.0,0.07307216298951388,0.0,0.4759901359209689,0.05952387672782988,10.002684273830992,1.2050178599583248,1.0409099576334946,0.4925461314867388,0.16568995574426967,0.1739092523925267,False,False,False,prototype_recovery,True
144,0.5850395185541725,0.9388053542070384,0.34464088651161773,0.5570017818814502,0.23703970436278807,0.235839979018166,0.25614842385492453,0.02413486220887699,0.9045696626994384,False,False,hybrid,0.5117176117066771,low_entropy_repeating,1.3669099125543094,0.4947728998627202,0.0,0.10217667019581134,0.0,0.40305042994146845,0.5117176117066771,low_entropy_repeating,1.3669099125543094,0.4947728998627202,0.0,0.10217667019581134,0.0,0.40305042994146845,0.0,0.0,0.0,0.6118964298229854,0.8038359530227158,0.8216868699107719,0.0841357591006605,0.1618828729100467,False,False,False,coherent_local,True
145,0.42230368680610375,0.8341208920021081,0.6813294726896911,0.1919211614110854,0.14036979726327026,0.7495905612084359,0.31176936849562986,0.029119403061939032,1.0849810780097784,False,False,hybrid,0.32885187690528667,low_entropy_repeating,1.539623662655996,0.4540754989128065,0.2667074606781067,0.0,0.0,0.2792170404090866,0.32885187690528667,low_entropy_repeating,1.539623662655996,0.4540754989128065,0.2667074606781067,0.0,0.0,0.2792170404090866,0.0,0.0,0.0,-0.4812282386216402,-0.16450199151497055,1.2521896383581739,0.0,0.07826185239738587,False,False,False,coherent_local,True
146,0.6421668915635756,0.8144738760309339,0.235256388415645,0.27620736345656605,0.7716151089113614,0.31167808427692667,0.44396563992003824,0.011193525488026379,1.0562821778040083,False,False,hybrid,0.35591897194311717,clustered_ranges,1.5078157662388358,0.26648154283362474,0.0,0.2423844847966157,0.0,0.49113397236975953,0.35591897194311717,clustered_ranges,1.5078157662388358,0.26648154283362474,0.0,0.2423844847966157,0.0,0.49113397236975953,0.0,0.0,0.0,-0.33118300631451925,-0.08005396549119188,0.9996999753115278,0.0,0.062481248456970485,False,False,False,guarded_fallback,True
147,0.7206328691496724,0.7718493432291552,0.37831801422378564,0.8351257910807337,0.1704599475192019,0.10344462053414293,0.5569338896445929,0.0017871894343549632,1.136431644950395,False,False,hybrid,0.6720346972703027,low_entropy_repeating,1.4614714569997709,0.4635814994484735,0.0,0.38139476962766566,0.0,0.1550237309238607,0.6720346972703027,low_entropy_repeating,1.4614714569997709,0.4635814994484735,0.0,0.38139476962766566,0.0,0.1550237309238607,0.0,0.0,0.0,1.4015555412231284,1.457731712048395,0.7412165823115652,0.19271388691818017,0.24676414680112715,False,False,False,coherent_local,True
148,0.2663984589667685,0.5189146424870842,0.8099407364448706,0.08904200507505322,0.3161877230071155,0.6976606405039091,0.3972345667250893,0.04914148701837913,0.8037512680688896,False,False,hybrid,0.3427812929079717,sequential_ids,1.537884457153528,0.22162029646494386,0.4203812597979111,0.0,0.3579984437371451,0.0,0.3427812929079717,sequential_ids,1.537884457153528,0.22162029646494386,0.4203812597979111,0.0,0.3579984437371451,0.0,0.0,0.0,0.0,-0.6204625848001677,-0.42130204660192805,0.8734523638710815,0.0,0.05459077274194259,False,False,False,hybrid,False
149,0.42803902953199546,0.47941707480589113,0.861814417816014,0.6422524185679935,0.5523215636124011,0.8863897372287256,0.429474752240779,0.03981274469486911,1.109650197732111,False,False,hybrid,0.45754808675072417,low_entropy_repeating,1.9036459361154363,0.3750109140266137,0.2572872477099148,0.12327253118670167,0.24442930707676977,0.0,0.38255328123530163,learned_drift_prototype,1.4737227534914226,0.32187808038193233,0.18080935954050642,0.0,0.0,0.0,0.49731256007756125,0.07499480551542254,16.390584440642694,-0.04510577050209127,-0.31663760943579394,0.5642275318454069,0.0,0.03526422074033793,False,False,False,prototype_recovery,True
150,0.29670046960404695,0.7298152463028666,0.7545731382181347,0.09778799744544309,0.37458512455486725,0.26044997705724326,0.24830021824198856,0.05537181643800891,1.1770197762997663,False,False,hybrid,0.48032350579681554,clustered_ranges,1.5778046004944186,0.3494475640635052,0.28756572717072715,0.0,0.0,0.36298670876576766,0.4803235057968156,clustered_ranges,1.5778046004944186,0.3494475640635052,0.28756572717072715,0.0,0.0,0.36298670876576766,0.0,-5.551115123125783e-17,-1.1557034074184977e-14,0.0030151563426139734,0.15931213532206479,0.8147570149306828,0.004622852384388232,0.07282773203995158,False,False,False,guarded_fallback,True
151,0.7368483581006967,0.9076048913904824,0.8027206052883656,0.26603087262166525,0.2193075149508867,0.3037826800939739,0.20803047684498888,0.024828927072597515,1.1830323434703596,False,False,hybrid,0.5046443051864943,sequential_ids,1.5809169651085022,0.3290057390977876,0.3659166081984572,0.0,0.0,0.3050776527037552,0.5046443051864944,sequential_ids,1.5809169651085022,0.3290057390977876,0.3659166081984572,0.0,0.0,0.3050776527037552,0.0,-1.1102230246251565e-16,-2.2000110042158645e-14,0.05572094529906835,0.1927178357460966,0.9144407789776414,0.03452712348986695,0.08365125110119087,False,False,False,hybrid,False
152,0.279751579636699,0.8466710505082435,0.39919530265779046,0.03511681110966658,0.12955325619970495,0.611400272284936,0.7263242193373792,0.0526325986476317,1.0981052794420454,False,False,hybrid,0.5128138906551417,clustered_ranges,1.3415950127646454,0.33089069924202774,0.10761815765548834,0.0,0.0,0.5614911431024839,0.5128138906551416,clustered_ranges,1.3415950127646454,0.33089069924202774,0.10761815765548834,0.0,0.0,0.5614911431024839,0.0,1.1102230246251565e-16,2.164962854666045e-14,0.03644761039027544,0.17861327496275622,-0.38899278197731924,0.005011546428662874,0.024559325307378983,False,False,False,guarded_fallback,True
153,0.7807976960417315,0.8483807540610809,0.22766114679921412,0.050535988650057706,0.693938831586067,0.3446401829908539,0.5951331049388208,0.03718907441217162,1.0457405276656342,False,False,hybrid,0.28101261756028023,clustered_ranges,1.1438487079104283,0.0537836747706821,0.24529516369181634,0.0075830791198843814,0.0,0.6933380824176172,0.28101261756028023,clustered_ranges,1.1438487079104283,0.0537836747706821,0.24529516369181634,0.0075830791198843814,0.0,0.6933380824176172,0.0,0.0,0.0,-1.852455674504816,-1.8871390351571278,-1.3567594511120857,0.0,0.0,False,False,False,guarded_fallback,True
154,0.7246706836152383,0.9385114589610658,0.728374965746409,0.4412227484805581,0.7013425110013624,0.5219661040580472,0.6958167422534033,0.04254573002565298,0.44647303724224074,False,False,hybrid,0.5384264115597673,clustered_ranges,2.196510493540898,0.26045848059171495,0.19469790023347477,0.11062951810147031,0.11185495439586694,0.3223591466774731,0.5062843760697733,clustered_ranges,2.0141275058290264,0.22210938091129395,0.19309140124863358,0.012073700257322052,0.0,0.37063222217096053,0.20209329541178989,0.03214203548999406,5.96962459491573,0.3567832783437741,0.2683054878769664,3.651681026605661,0.049057700772268946,0.2651220687459367,False,False,False,guarded_fallback,True
155,0.19427512072466488,0.23833852936206013,0.5028749369803532,0.5052769222930958,0.46611547945163007,0.41608147003831275,0.7295131051600222,0.02740095956043196,1.368220692188666,False,False,hybrid,0.47325189651612887,zipfian_smallints,1.8034847917315542,0.23618586405232267,0.07352265730211548,0.26886650446734406,0.4214249741782177,0.0,0.42380129565158736,learned_drift_prototype,0.4023862338673633,0.08005876936772903,0.0,0.0,0.0,0.0,0.919941230632271,0.049450600864541505,10.44910780676738,-0.19308573998726491,-0.47344003733995643,-4.164888664542664,0.07956751017565664,0.0,False,False,False,prototype_recovery,True
156,0.6892185741615104,0.6779718525450447,0.523090499279315,0.18853023387416024,0.6361858068661677,0.8685010285030662,0.6774690657868907,0.03692932388736899,1.6467379498934807,False,False,hybrid,0.5090256349544059,zipfian_smallints,2.089111369683173,0.104784167373397,0.32171215007070053,0.07011691666084881,0.3430845587427797,0.1603022071522739,0.5090256349544059,zipfian_smallints,2.089111369683173,0.104784167373397,0.32171215007070053,0.07011691666084881,0.3430845587427797,0.1603022071522739,0.0,0.0,0.0,0.10116479807472488,0.29613629885440707,2.0593221232863215,0.15176947838968302,0.16942637379787606,False,False,False,hybrid,False
157,0.38164053939139053,0.6382235529263369,0.47393273763807797,0.9866287468632301,0.07504625920617994,0.4298999314377797,0.800431235621789,0.039229338010912364,0.8753298910037925,False,False,hybrid,0.6805557836759696,low_entropy_repeating,1.4247291027187514,0.5189248863942112,0.0,0.3352708270515348,0.145804286554254,0.0,0.6762882581786464,low_entropy_repeating,1.7663343069917097,0.4769504881534314,0.0,0.2552400869246633,0.08838718139858497,0.0,0.17942224352332034,0.004267525497323232,0.6270647608448087,1.8112918904981758,1.9473904326265303,0.8632444424578689,0.2490526349434992,0.3217189621397647,False,False,False,coherent_local,True
158,0.40622653022420463,0.9799785398901583,0.8835298364237075,0.30132035766261533,0.6161544908302842,0.369485235066615,0.5850902721724281,0.04046787556989204,0.8684962255747558,False,False,hybrid,0.4923459188636772,clustered_ranges,1.9945711425969535,0.24360293423307128,0.21901902113881633,0.0,0.25952452414473964,0.2778535204833727,0.4923459188636772,clustered_ranges,1.9945711425969535,0.24360293423307128,0.21901902113881633,0.0,0.25952452414473964,0.2778535204833727,0.0,0.0,0.0,0.07989044616828442,0.20694029290827923,1.3436813001310017,0.010984936348139109,0.112434371533076,False,False,False,guarded_fallback,True
159,0.11956067270561191,0.22015789115229967,0.7119178105885787,0.5635232369695373,0.3964840625609145,0.14416796536638438,0.37862070676916504,0.02692525695707631,1.1119868902129688,False,False,hybrid,0.6686262572210371,zipfian_smallints,1.7981773854800644,0.3087940730370703,0.2455654883292788,0.06133160783564536,0.38430883079800554,0.0,0.6629371062157301,learned_drift_prototype,1.1652830566933186,0.2848851633903511,0.06173026890397446,0.0,0.0,0.0,0.6533845677056744,0.0056891510053069805,0.850871610838675,1.6925052046063793,1.7146477901551196,-0.8723340456657036,0.24625878354615963,0.23576407114632897,False,False,False,prototype_recovery,True
160,0.41714898829184965,0.9451482876707726,0.05088073454501463,0.7497057510446368,0.2060900929456292,0.793287065722938,0.696854383167492,0.037676377962861544,0.7377350073304869,False,False,hybrid,0.6450528914001357,low_entropy_repeating,1.3182529625251092,0.47506109339483965,0.0,0.07870862078393262,0.0,0.44623028582122765,0.6450528914001356,low_entropy_repeating,1.3182529625251092,0.47506109339483965,0.0,0.07870862078393262,0.0,0.44623028582122765,0.0,1.1102230246251565e-16,1.7211348703752558e-14,1.2780516304415537,1.3492013652465558,-0.4532852227391104,0.17573209918571364,0.18551518772140144,False,False,False,coherent_local,True
161,0.525034203854884,0.7792699435748007,0.24569974299498099,0.23074630526721696,0.02174570679806802,0.8668122351803619,0.6680135040436987,0.037121292100108165,0.46865715628142834,False,False,hybrid,0.6291747348541966,clustered_ranges,1.692265787982127,0.3860484083943575,0.12651727433023088,0.0662376255712997,0.0,0.4211966917041119,0.6291747348541966,clustered_ranges,1.692265787982127,0.3860484083943575,0.12651727433023088,0.0662376255712997,0.0,0.4211966917041119,0.0,0.0,0.0,0.9949723679457791,1.0537501984612954,0.48010095303274986,0.13680870059254463,0.17489696185297499,False,False,False,guarded_fallback,True
162,0.5252903349563515,0.47613382109041036,0.44953224112352086,0.6404392121036413,0.16122798031390656,0.8104469560118958,0.7494018969754122,0.000863953944173719,1.2102476798487434,False,False,hybrid,0.49306773583937574,low_entropy_repeating,0.9981236101226436,0.5254955916715378,0.0,0.47450440832846225,0.0,0.0,0.49306773583937574,low_entropy_repeating,0.9981236101226436,0.5254955916715378,0.0,0.47450440832846225,0.0,0.0,0.0,0.0,0.0,-0.27718329867044283,-0.17498517834072932,-1.2014814417370625,0.04050495510585725,0.0,False,False,False,coherent_local,True
163,0.2128218399600117,0.972346247933598,0.9028926876302835,0.9218975064992004,0.2657304381627613,0.2353077659062846,0.2694177307730483,0.050709729291106384,0.7005784592203992,False,False,hybrid,0.5833913585693375,low_entropy_repeating,1.1879518928467037,0.7138045850974141,0.0,0.017776805869229615,0.0740523385697366,0.19436627046361987,0.5811653148017506,low_entropy_repeating,1.209977916943565,0.6962098041539301,0.0,0.0,0.006476006938479164,0.19189391189759195,0.10542027700999874,0.0022260437675869493,0.3815695475925323,0.6245223380642129,0.6756379457501777,-0.5967563649169337,0.08587182148382927,0.09290021754064944,False,False,False,coherent_local,True
164,0.15704362734787633,0.9898230692048735,0.07405768336907359,0.13254208095141362,0.6618036764725892,0.5641921733943546,0.719533763655466,0.03556284848509398,1.0272822675935094,False,False,hybrid,0.3415406801159422,zipfian_smallints,1.1856172398797484,0.0566086308580081,0.0,0.0,0.6233485988159612,0.3200427703260307,0.3415406801159422,zipfian_smallints,1.1856172398797484,0.0566086308580081,0.0,0.0,0.6233485988159612,0.3200427703260307,0.0,0.0,0.0,-1.8515174964365817,-1.631612709028479,-0.596123824797866,0.004630649225791508,0.0,False,False,False,hybrid,False
165,0.6107740222117924,0.5221250929031509,0.7127496937612997,0.44739275179210947,0.27685105832378776,0.47412196196017,0.23577128407884854,0.022703691068437344,1.077837607349528,False,False,hybrid,0.17555417811635587,low_entropy_repeating,1.7215061479908698,0.4471260208227665,0.27042399349373364,0.23819490646021582,0.0,0.04425507922328401,0.17555417811635587,low_entropy_repeating,1.7215061479908698,0.4471260208227665,0.27042399349373364,0.23819490646021582,0.0,0.04425507922328401,0.0,0.0,0.0,-3.106599864607874,-3.0207564329402867,0.6423256885984362,0.01546655914915503,0.04014535553740226,False,False,False,coherent_local,True
166,0.22282523706963797,0.2463522417832268,0.8420701517722398,0.33020129559773137,0.5488398956047201,0.7851277045245915,0.1621957335400337,0.03970728530160683,0.9270631450674663,False,False,hybrid,0.49450510909139733,sequential_ids,1.5398842327189395,0.3013496076939467,0.4491103633322266,0.0,0.2495400289738267,0.0,0.49450510909139733,sequential_ids,1.5398842327189395,0.3013496076939467,0.4491103633322266,0.0,0.2495400289738267,0.0,0.0,0.0,0.0,-0.051680699423853886,-0.007988208339884883,0.2157771550169811,0.0,0.01348607218856132,False,False,False,hybrid,False
167,0.27329789134723415,0.6889014524529722,0.9097966227332338,0.2950192087123954,0.45506704430745526,0.33186729107959323,0.5434284685811424,0.06064915931018107,1.6169110509748137,False,False,hybrid,0.4079413978404353,zipfian_smallints,1.4482742750030133,0.17062852489843686,0.30774823413904606,0.0,0.5216232409625172,0.0,0.4079413978404353,zipfian_smallints,1.4482742750030133,0.17062852489843686,0.30774823413904606,0.0,0.5216232409625172,0.0,0.0,0.0,0.0,-0.6519639941673409,-0.6087782524914879,0.020704664580433074,0.12686456218958114,0.0012940415362770671,False,False,False,hybrid,False
168,0.5988370957141967,0.1350797922175241,0.6935404695867196,0.6747503563802233,0.5460704977735066,0.15925644219096508,0.45747107393132214,0.03283573432219618,0.7458203954033983,False,False,hybrid,0.5613622295755392,uniform_32bit,1.4141622828521923,0.36496074130313344,0.13157396778945352,0.503465290907413,0.0,0.0,0.5478182153163076,learned_drift_prototype,1.4119446908750044,0.06908490514450973,0.23499578026660903,0.058764277732793836,0.0,0.0,0.6371550368560874,0.013544014259231574,2.412704942666442,0.46290625918540934,0.41388130759685227,-0.0749568794583903,0.06364961063799379,0.056908679794567193,False,False,False,prototype_recovery,True
169,0.2778943423174486,0.44096263179803674,0.7429063098580823,0.2370620769846632,0.6637999280999293,0.5366386285915707,0.708337348147694,0.015569882233009476,1.47652293953191,False,False,hybrid,0.3491230901182001,zipfian_smallints,0.938815070067982,0.0,0.3554193263313493,0.0,0.6445806736686507,0.0,0.3491230901182001,zipfian_smallints,0.938815070067982,0.0,0.3554193263313493,0.0,0.6445806736686507,0.0,0.0,0.0,0.0,-1.2301018698862558,-1.1754129946708947,-1.1761006427162217,0.08397727700788887,0.0,False,False,False,hybrid,False
170,0.5957755115037122,0.9279706081658242,0.49181258141290995,0.528657538108291,0.48159757082202365,0.6900121098381806,0.15748026838898746,0.036431585577316045,0.44090608418816946,False,False,hybrid,0.409043023055432,low_entropy_repeating,1.5803106511338532,0.5439121045047911,0.03300141185815964,0.17719240572525483,0.0,0.24589407791179446,0.409043023055432,low_entropy_repeating,1.5803106511338532,0.5439121045047911,0.03300141185815964,0.17719240572525483,0.0,0.24589407791179446,0.0,0.0,0.0,-0.6546820331228669,-0.6192910724930751,0.42957961010848716,0.0,0.026848725631780448,False,False,False,coherent_local,True
171,0.8373479873900563,0.4935065804363411,0.468320534694331,0.962199988534702,0.3604611708807053,0.24470754425767227,0.2735328982446307,0.010124966516266327,1.048023871156691,False,False,hybrid,0.6551781937865873,low_entropy_repeating,0.9999222631570402,0.5051904771322613,0.0,0.4948095228677387,0.0,0.0,0.6551781937865873,low_entropy_repeating,0.9999222631570402,0.5051904771322613,0.0,0.4948095228677387,0.0,0.0,0.0,0.0,0.0,1.126726003675431,1.1502540452476717,-1.3716796156552065,0.16373579539108077,0.15815993122155486,False,False,False,coherent_local,True
172,0.44555652880038554,0.7692425812982214,0.7334664427998359,0.032149087802850196,0.45598632287522634,0.22342650033078082,0.8528610278117579,0.028354817701377995,1.0400734294132556,False,False,hybrid,0.4602003516617527,clustered_ranges,1.7240531396709222,0.09012284029112029,0.315874126546954,0.0,0.12430883086591221,0.46969420229601355,0.46020035166175277,clustered_ranges,1.7240531396709222,0.09012284029112029,0.315874126546954,0.0,0.12430883086591221,0.46969420229601355,0.0,-5.551115123125783e-17,-1.2062387834083736e-14,-0.3096714437254318,-0.3005046629649114,1.0275083995474432,0.016137096812211416,0.0642192749717152,False,False,False,guarded_fallback,True
173,0.3609906897312455,0.6415613259643522,0.41225859646407514,0.7596430523063947,0.18454330026228627,0.8246334823314081,0.5001677194506817,0.03559540289896343,1.290183576898616,False,False,hybrid,0.38090716964561977,low_entropy_repeating,1.3373140322014656,0.5867768308907043,0.0,0.2932518363786203,0.11997133273067545,0.0,0.38090716964561977,low_entropy_repeating,1.3373140322014656,0.5867768308907043,0.0,0.2932518363786203,0.11997133273067545,0.0,0.0,0.0,0.0,-0.7912812297639231,-0.787039787536007,-0.18456848691186922,0.06181904254437154,0.0,False,False,False,coherent_local,True
174,0.899062888763844,0.22394566559395823,0.28689241356345485,0.25043308673188824,0.21029706572782614,0.5659557932315019,0.8948180185166744,0.0489895826448668,1.1709955734878819,False,False,hybrid,0.4870749789569175,uniform_32bit,1.2644518160078015,0.24474292188445035,0.11369928943068117,0.6415577886848685,0.0,0.0,0.4870749789569175,uniform_32bit,1.2644518160078015,0.24474292188445035,0.11369928943068117,0.6415577886848685,0.0,0.0,0.0,0.0,0.0,0.02414146174157143,0.0344827157386335,-0.32628252027224425,0.036104020489966804,0.004741373414062107,False,False,False,simd,True
175,0.611221768211739,0.859970543701606,0.9329334584535052,0.2038606273295439,0.42283338315396235,0.7662696437292098,0.3425616613076733,0.04790794561942169,1.4397040619497714,False,False,hybrid,0.4232649471651425,sequential_ids,1.5736236605118035,0.33845893150366585,0.3814659569524553,0.0,0.0,0.28007511154387876,0.4232649471651424,sequential_ids,1.5736236605118035,0.33845893150366585,0.3814659569524553,0.0,0.0,0.28007511154387876,0.0,1.1102230246251565e-16,2.622997798567969e-14,-0.3639869290996545,-0.35807171599943405,0.8201491077214518,0.08157098960689972,0.051259319232590736,False,False,False,hybrid,False
176,0.8880373573766968,0.9061068107651816,0.7984483448280576,0.26913050072280575,0.25668005925375,0.5378262729638997,0.5486218996496097,0.03631944344496503,1.104896231794986,False,False,hybrid,0.4921868175346645,sequential_ids,1.5562802839539194,0.24351700736617102,0.3947743543811224,0.0,0.0,0.3617086382527066,0.4921868175346645,sequential_ids,1.5562802839539194,0.24351700736617102,0.3947743543811224,0.0,0.0,0.3617086382527066,0.0,0.0,0.0,0.2857666434724159,0.29647608155867006,0.675388463134061,0.049988514740918935,0.08297724016019595,False,False,False,hybrid,False
177,0.42665841810639105,0.7491741573155329,0.33354992647835535,0.33067699694635255,0.1017807695134624,0.2509697680231354,0.7804167031370861,0.015345548753518415,0.5405678730663206,False,False,hybrid,0.4842985025870955,clustered_ranges,1.421048268851674,0.34707223526610903,0.0005808736118191807,0.13657164554016157,0.0,0.5157752455819102,0.4842985025870955,clustered_ranges,1.421048268851674,0.34707223526610903,0.0005808736118191807,0.13657164554016157,0.0,0.5157752455819102,0.0,0.0,0.0,0.3186211007226518,0.3309035153387815,0.21255453804034974,0.043810401349364626,0.05878389198660432,False,False,False,guarded_fallback,True
178,0.70747288001791,0.5539811258168594,0.021156011423293486,0.31636145733671517,0.14160112889707285,0.6246982887862724,0.32002483250420233,0.04508171472644656,1.1687820168370022,False,False,hybrid,0.5862737630816924,uniform_32bit,1.3955676600048488,0.4279467508589271,0.0,0.4588277372456024,0.0,0.11322551189547055,0.5862737630816924,uniform_32bit,1.3955676600048488,0.4279467508589271,0.0,0.4588277372456024,0.0,0.11322551189547055,0.0,0.0,0.0,1.2119830866066466,1.232976006003207,0.005734249692036559,0.1899349812537903,0.16989259143119326,False,False,False,simd,True
179,0.565381838366972,0.021723455704089623,0.8487921131360887,0.15539711925727562,0.48525306815634384,0.45575042240859653,0.45428121698552204,0.05618769604941509,1.3060247099602562,False,False,hybrid,0.2986824133951253,sequential_ids,1.094247027744069,0.0,0.6885767391467138,0.05062597269180401,0.26079728816148223,0.0,0.2802391714406797,sequential_ids,0.973056481603807,0.0,0.5963308593043508,0.0,0.0,0.0,0.40366914069564924,0.018443241954445577,6.174867058559325,-1.2902734179177793,-1.4541146126232847,-1.8626965206313977,0.04460124718225577,0.0,False,False,False,hybrid,False
