window_id,truth_regime,predicted_regime,policy,throughput,latency,pressure,coherence,regime_confidence,pareto_efficient,throughput_score,latency_score,pressure_score,coherence_score_obj,objective_throughput_first,objective_latency_first,objective_balanced_constraint
0,low_entropy_repeating,low_entropy_repeating,scalar,1657.541747723922,0.6171661311582838,0.07999999999999999,0.9395,0.95,False,0.7970986798324425,0.868999639548661,0.8000000000000002,0.800000000000001,0.8086091538317648,0.8373695377182522,0.8163795138368983
0,low_entropy_repeating,low_entropy_repeating,simd,1378.1603337689496,0.7616998211952055,0.17600000000000002,0.9058999999999999,0.95,False,0.2916772045197579,0.43567909983452524,0.0,0.0,0.24035818768703354,0.29795894581294047,0.1964229363145587
0,low_entropy_repeating,low_entropy_repeating,coherent_local,1769.6993438899196,0.5734710745964838,0.056,0.9479,0.95,True,1.0,1.0,1.0,1.0,1.0,1.0,1.0
0,low_entropy_repeating,low_entropy_repeating,guarded_fallback,1216.930164895042,0.9070202069138014,0.11599999999999999,0.9269,0.95,False,0.0,0.0,0.5000000000000002,0.5,0.12500000000000003,0.12500000000000003,0.22500000000000003
0,low_entropy_repeating,low_entropy_repeating,hybrid,1456.1017082552887,0.7204858694808652,0.128,0.9226999999999999,0.95,False,0.43267886931601707,0.5592409614049878,0.4,0.3999999999999979,0.44349346580035814,0.4941183026359466,0.4496139011460516
1,sequential_ids,sequential_ids,scalar,1323.630864986038,0.7544541925261716,0.264,0.6151,0.95,True,0.6341967721630546,0.7485215792151272,0.7142857142857141,0.7142857142857154,0.6713677287515305,0.7170976515723595,0.6988179978812697
1,sequential_ids,sequential_ids,simd,1452.7805287688884,0.6886768518272186,0.3,0.6025,0.95,True,1.0,1.0,0.2857142857142859,0.2857142857142884,0.8214285714285718,0.8214285714285717,0.6785714285714293
1,sequential_ids,sequential_ids,coherent_local,1293.8332694493001,0.78370003833042,0.24,0.6234999999999999,0.95,True,0.5497981271348679,0.6367095320995262,1.0,1.0,0.6753853060958497,0.710149868081713,0.774116821165342
1,sequential_ids,sequential_ids,guarded_fallback,1099.7227809011792,0.9502394164944361,0.324,0.5941,0.95,False,0.0,0.0,0.0,0.0,0.0,0.0,0.0
1,sequential_ids,sequential_ids,hybrid,1382.0860775209549,0.7190849178286587,0.27,0.613,0.95,True,0.7997651894770972,0.8837445792744545,0.6428571428571426,0.6428571428571442,0.7731350862917123,0.8067268422106553,0.7501514159474574
2,uniform_32bit,uniform_32bit,scalar,1114.5100665852367,0.9374685788582047,0.724,0.1486,0.95,False,0.12323327028379874,0.16463159836808683,0.28571428571428614,0.28571428571428653,0.17006327335406388,0.1866226045877791,0.2066993092485902
2,uniform_32bit,uniform_32bit,simd,1922.1670701597252,0.5238165541133398,0.6040000000000001,0.19059999999999994,0.95,True,1.0,1.0,1.0,1.0,1.0,1.0,1.0
2,uniform_32bit,uniform_32bit,coherent_local,1000.9904604634183,1.0189897303273134,0.772,0.13179999999999997,0.95,False,0.0,0.0,0.0,0.0,0.0,0.0,0.0
2,uniform_32bit,uniform_32bit,guarded_fallback,1220.2903417254247,0.8847822437059316,0.652,0.17379999999999998,0.95,False,0.23806496925090734,0.2710314150041687,0.7142857142857146,0.7142857142857149,0.36206512237259836,0.37525170067390295,0.460605915954886
2,uniform_32bit,uniform_32bit,hybrid,1661.570856220738,0.615652163117056,0.64,0.178,0.95,False,0.7171050467457045,0.8145384010784296,0.785714285714286,0.7857142857142865,0.7488723596377588,0.7878457013708487,0.7723375428647477
3,zipfian_smallints,zipfian_smallints,scalar,1184.5327356681016,0.8305692972934637,0.6359999999999999,0.4004000000000001,0.95,False,0.05050867180430218,0.1659981615073377,0.0,0.0,0.055204927308681956,0.10140072318989618,0.05665214191812508
3,zipfian_smallints,zipfian_smallints,simd,1508.2968926418564,0.6662940546199709,0.6,0.41300000000000003,0.95,False,0.8943345999171737,0.886740169228005,0.4285714285714284,0.42857142857142855,0.776754642477362,0.7737168702016947,0.6828425651392961
3,zipfian_smallints,zipfian_smallints,coherent_local,1232.0209512344563,0.8115065912099481,0.558,0.42769999999999997,0.95,False,0.17427712087926173,0.24963397194123105,0.9285714285714284,0.9285714285714286,0.3741542254615988,0.40429696588638653,0.5325487721062292
3,zipfian_smallints,zipfian_smallints,guarded_fallback,1165.1532676975505,0.868404456022744,0.576,0.4214,0.95,False,0.0,0.0,0.7142857142857149,0.7142857142857143,0.17857142857142863,0.17857142857142866,0.32142857142857156
3,zipfian_smallints,zipfian_smallints,hybrid,1548.8392225695695,0.640479288745468,0.552,0.42979999999999996,0.95,True,1.0,1.0,1.0,1.0,1.0,1.0,1.0
4,clustered_ranges,clustered_ranges,scalar,897.504358092139,1.1231056877075605,0.932,0.14079999999999998,0.95,False,0.096242358378129,0.17369754681704586,0.06666666666666676,0.06666666666666679,0.10046671371610098,0.1314487890916677,0.10229709421770022
4,clustered_ranges,clustered_ranges,simd,940.2967539922438,1.060724640324362,0.9440000000000001,0.13659999999999997,0.95,False,0.22527850765796545,0.371105408861961,0.0,0.0,0.19083291592407342,0.24916367640567166,0.16035990451287988
4,clustered_ranges,clustered_ranges,coherent_local,865.5874020680939,1.1779942559038674,0.92,0.14499999999999996,0.95,False,0.0,0.0,0.13333333333333341,0.13333333333333314,0.03333333333333331,0.033333333333333326,0.05999999999999997
4,clustered_ranges,clustered_ranges,guarded_fallback,1197.2184693227616,0.8619934303186875,0.764,0.1996,0.95,True,1.0,1.0,1.0,1.0,1.0,1.0,1.0
4,clustered_ranges,clustered_ranges,hybrid,1043.253836800931,0.9862964189857977,0.842,0.1723,0.95,False,0.5357351957511344,0.6066371395172081,0.5666666666666671,0.566666666666667,0.5541033550449286,0.5824641325513582,0.5673798436046424
5,low_entropy_repeating,low_entropy_repeating,scalar,1641.2846946254163,0.6232748420195405,0.07999999999999999,0.9395,0.95,False,0.785737077886017,0.8623512430231153,0.8000000000000002,0.800000000000001,0.8007949331850777,0.8314405992399169,0.8113089341215842
5,low_entropy_repeating,low_entropy_repeating,simd,1411.1784928966201,0.7440115216625248,0.17600000000000002,0.9058999999999999,0.95,False,0.3690016178637506,0.5045956052159031,0.0,0.0,0.2970903115006358,0.35132790644149686,0.23684938666310096
5,low_entropy_repeating,low_entropy_repeating,coherent_local,1759.592906689557,0.5768206366400325,0.056,0.9479,0.95,True,1.0,1.0,1.0,1.0,1.0,1.0,1.0
5,low_entropy_repeating,low_entropy_repeating,guarded_fallback,1207.4291870087277,0.9143042899599755,0.11599999999999999,0.9269,0.95,False,0.0,0.0,0.5000000000000002,0.5,0.12500000000000003,0.12500000000000003,0.22500000000000003
5,low_entropy_repeating,low_entropy_repeating,hybrid,1509.6934725676772,0.6954763794684171,0.128,0.9226999999999999,0.95,False,0.5474178668125267,0.6484103995523125,0.4,0.3999999999999979,0.5257122800203626,0.566109293116277,0.5063279599318357
6,sequential_ids,sequential_ids,scalar,1393.3683639176268,0.7162277116303378,0.264,0.6151,0.95,True,0.865217811219075,0.9176434150491699,0.7142857142857141,0.7142857142857154,0.8353486275602492,0.856318869092287,0.8104047685565866
6,sequential_ids,sequential_ids,simd,1441.1604733936347,0.6942063954195807,0.3,0.6025,0.95,True,1.0,1.0,0.2857142857142859,0.2857142857142884,0.8214285714285718,0.8214285714285717,0.6785714285714293
6,sequential_ids,sequential_ids,coherent_local,1290.011266783105,0.7859932399301369,0.24,0.6234999999999999,0.95,True,0.5737325444968169,0.656730279654689,1.0,1.0,0.6927490686462935,0.7259481627094423,0.7863023332627173
6,sequential_ids,sequential_ids,guarded_fallback,1086.5727499839102,0.9615962613775322,0.324,0.5941,0.95,False,0.0,0.0,0.0,0.0,0.0,0.0,0.0
6,sequential_ids,sequential_ids,hybrid,1412.9355678740853,0.7034398191495709,0.27,0.613,0.95,True,0.9204007819330632,0.9654683108617058,0.6428571428571426,0.6428571428571442,0.8577750015033797,0.8758020130748367,0.80677302658106
7,uniform_32bit,uniform_32bit,scalar,1118.6280428298946,0.9339121448287272,0.724,0.1486,0.95,False,0.14431153114979023,0.19711633153803432,0.28571428571428614,0.28571428571428653,0.18758293984915086,0.20870486000444852,0.2211439708008745
7,uniform_32bit,uniform_32bit,simd,1896.7524974568362,0.5309058822883563,0.6040000000000001,0.19059999999999994,0.95,True,1.0,1.0,1.0,1.0,1.0,1.0,1.0
7,uniform_32bit,uniform_32bit,coherent_local,987.3976528455621,1.0328543940975266,0.772,0.13179999999999997,0.95,False,0.0,0.0,0.0,0.0,0.0,0.0,0.0
7,uniform_32bit,uniform_32bit,guarded_fallback,1185.1593381175578,0.9111304964118319,0.652,0.17379999999999998,0.95,False,0.21747471456704426,0.24250275640217744,0.7142857142857146,0.7142857142857149,0.34543167077198184,0.35544288750603514,0.4472966748992293
7,uniform_32bit,uniform_32bit,hybrid,1666.1021714986614,0.6139494870732303,0.64,0.178,0.95,False,0.7463582810110041,0.8345575236679947,0.785714285714286,0.7857142857142865,0.7694271685853733,0.8047068656481695,0.7861182937917288
8,zipfian_smallints,zipfian_smallints,scalar,1213.378575081662,0.8108579736941975,0.6359999999999999,0.4004000000000001,0.95,False,0.14891541704400235,0.27757163355230574,0.0,0.0,0.13098499525924726,0.18244748186256865,0.11406753350127713
8,zipfian_smallints,zipfian_smallints,simd,1512.220971036867,0.6645412996035328,0.6,0.41300000000000003,0.95,False,0.8984420740267679,0.8922038485227809,0.4285714285714284,0.42857142857142855,0.7800386788373349,0.7775433886357402,0.6854407271958683
8,zipfian_smallints,zipfian_smallints,coherent_local,1237.521692988337,0.8079861164874643,0.558,0.42769999999999997,0.95,False,0.20946877459519608,0.289635439451554,0.9285714285714284,0.9285714285714286,0.40126943781770785,0.43333610376025106,0.5531066350985903
8,zipfian_smallints,zipfian_smallints,guarded_fallback,1154.004782822901,0.8769354705355192,0.576,0.4214,0.95,False,0.0,0.0,0.7142857142857149,0.7142857142857143,0.17857142857142863,0.17857142857142866,0.32142857142857156
8,zipfian_smallints,zipfian_smallints,hybrid,1552.7129450625218,0.638879816232249,0.552,0.42979999999999996,0.95,True,1.0,1.0,1.0,1.0,1.0,1.0,1.0
9,clustered_ranges,clustered_ranges,scalar,902.9522960558415,1.1163260315749526,0.932,0.14079999999999998,0.95,False,0.13941483276578182,0.23104601909335976,0.06666666666666676,0.06666666666666679,0.13497246919013975,0.17162494372117093,0.12958595460307454
9,clustered_ranges,clustered_ranges,simd,962.4178600857617,1.036274996747316,0.9440000000000001,0.13659999999999997,0.95,False,0.3048867143131141,0.4632575372006711,0.0,0.0,0.2524206591679691,0.31576898832299194,0.207280398594102
9,clustered_ranges,clustered_ranges,coherent_local,852.8508432468772,1.1959752801220556,0.92,0.14499999999999996,0.95,False,0.0,0.0,0.13333333333333341,0.13333333333333314,0.03333333333333331,0.033333333333333326,0.05999999999999997
9,clustered_ranges,clustered_ranges,guarded_fallback,1212.220444135294,0.8512420150363725,0.764,0.1996,0.95,True,1.0,1.0,1.0,1.0,1.0,1.0,1.0
9,clustered_ranges,clustered_ranges,hybrid,1051.06437034445,0.9790065876785133,0.842,0.1723,0.95,False,0.5515589705071287,0.6293813635583294,0.5666666666666671,0.566666666666667,0.5670092535046933,0.5981382107251736,0.5778130320417211
10,low_entropy_repeating,low_entropy_repeating,scalar,1657.155705117577,0.6173111895921831,0.07999999999999999,0.9395,0.95,False,0.8945051982813298,0.9257419541661004,0.8000000000000002,0.800000000000001,0.8755644120937129,0.8880591144476212,0.8597870480259243
10,low_entropy_repeating,low_entropy_repeating,simd,1413.2570527426092,0.7428980074593164,0.17600000000000002,0.9058999999999999,0.95,False,0.4232068621380065,0.5471653251686084,0.0,0.0,0.3359989160580952,0.385582301270336,0.263753389933554
10,low_entropy_repeating,low_entropy_repeating,coherent_local,1711.7496597287886,0.5926772556327443,0.056,0.9479,0.95,True,1.0,1.0,1.0,1.0,1.0,1.0,1.0
10,low_entropy_repeating,low_entropy_repeating,guarded_fallback,1194.2459181055685,0.9244114627857307,0.11599999999999999,0.9269,0.95,False,0.0,0.0,0.5000000000000002,0.5,0.12500000000000003,0.12500000000000003,0.22500000000000003
10,low_entropy_repeating,low_entropy_repeating,hybrid,1489.416615278412,0.7049389128700744,0.128,0.9226999999999999,0.95,False,0.5703740348755759,0.6615915548752614,0.4,0.3999999999999979,0.5414631541566345,0.5779501621565089,0.5165100991814876
11,sequential_ids,sequential_ids,scalar,1337.0627235730724,0.7470915441155012,0.264,0.6151,0.95,True,0.7015004899960845,0.7987170317284094,0.7142857142857141,0.7142857142857154,0.7192792773283407,0.7581658940212707,0.7315579763594993
11,sequential_ids,sequential_ids,simd,1444.0156560358196,0.6928477223001962,0.3,0.6025,0.95,True,1.0,1.0,0.2857142857142859,0.2857142857142884,0.8214285714285718,0.8214285714285717,0.6785714285714293
11,sequential_ids,sequential_ids,coherent_local,1329.1513555690708,0.7625091866585576,0.24,0.6234999999999999,0.95,True,0.6794203149295647,0.7415066665483299,1.0,1.0,0.7688781889399883,0.7937127295874944,0.8392027611159518
11,sequential_ids,sequential_ids,guarded_fallback,1085.7137865910615,0.9623380933986286,0.324,0.5941,0.95,False,0.0,0.0,0.0,0.0,0.0,0.0,0.0
11,sequential_ids,sequential_ids,hybrid,1420.3338454464213,0.6996878355236007,0.27,0.613,0.95,True,0.9339054227484306,0.9746183390689453,0.6428571428571426,0.6428571428571442,0.867250290223686,0.8835354567518919,0.8131119258774802
12,uniform_32bit,uniform_32bit,scalar,1072.2326487683392,0.9739808942455251,0.724,0.1486,0.95,False,0.07859258414254573,0.08977870377240815,0.28571428571428614,0.28571428571428653,0.13205092747996025,0.13652537533190523,0.17459387975729462
12,uniform_32bit,uniform_32bit,simd,1890.4557766454054,0.5326623359883869,0.6040000000000001,0.19059999999999994,0.95,True,1.0,1.0,1.0,1.0,1.0,1.0,1.0
12,uniform_32bit,uniform_32bit,coherent_local,1002.4412959765751,1.0175098781038934,0.772,0.13179999999999997,0.95,False,0.0,0.0,0.0,0.0,0.0,0.0,0.0
12,uniform_32bit,uniform_32bit,guarded_fallback,1210.552001964467,0.8920859985266498,0.652,0.17379999999999998,0.95,False,0.23435508149726136,0.25868725461613973,0.7142857142857146,0.7142857142857149,0.35798756566220646,0.36772043490975787,0.456406909531785
12,uniform_32bit,uniform_32bit,hybrid,1667.602857849873,0.6133855928079265,0.64,0.178,0.95,False,0.7490435982218611,0.8335079590847783,0.785714285714286,0.7857142857142865,0.770880924224405,0.8046666685695718,0.7866614978091817
13,zipfian_smallints,zipfian_smallints,scalar,1214.2802502335987,0.8102418290070409,0.6359999999999999,0.4004000000000001,0.95,False,0.12995376129809152,0.2575972220383138,0.0,0.0,0.11661184008460199,0.1676692243806909,0.10338543389900591
13,zipfian_smallints,zipfian_smallints,simd,1492.1536858744103,0.6735046869760968,0.6,0.41300000000000003,0.95,False,0.8597552320653137,0.8603931529292757,0.4285714285714284,0.42857142857142855,0.7520549693214366,0.7523101376670215,0.6658820007090558
13,zipfian_smallints,zipfian_smallints,coherent_local,1241.3309038875393,0.8055482215119748,0.558,0.42769999999999997,0.95,False,0.2009990801006388,0.2782886556693084,0.9285714285714284,0.9285714285714286,0.39448560355363665,0.4254014337811045,0.5477290308046616
13,zipfian_smallints,zipfian_smallints,guarded_fallback,1164.800083951686,0.8686747183674055,0.576,0.4214,0.95,False,0.0,0.0,0.7142857142857149,0.7142857142857143,0.17857142857142863,0.17857142857142866,0.32142857142857156
13,zipfian_smallints,zipfian_smallints,hybrid,1545.5521744465025,0.6418365215188635,0.552,0.42979999999999996,0.95,True,1.0,1.0,1.0,1.0,1.0,1.0,1.0
14,clustered_ranges,clustered_ranges,scalar,882.778234634938,1.1414315302320772,0.932,0.14079999999999998,0.95,False,0.1200556343120732,0.20695912361453883,0.06666666666666676,0.06666666666666679,0.11974391579609144,0.1545053115170777,0.11775647119725671
14,clustered_ranges,clustered_ranges,simd,933.8506572004503,1.0678492736205547,0.9440000000000001,0.13659999999999997,0.95,False,0.25783899793428955,0.4096854407843228,0.0,0.0,0.21615621487822215,0.27689479201823547,0.17977305957636758
14,clustered_ranges,clustered_ranges,coherent_local,838.2769833534795,1.2165501411480288,0.92,0.14499999999999996,0.95,False,0.0,0.0,0.13333333333333341,0.13333333333333314,0.03333333333333331,0.033333333333333326,0.05999999999999997
14,clustered_ranges,clustered_ranges,guarded_fallback,1208.9488933929679,0.8535866264017065,0.764,0.1996,0.95,True,1.0,1.0,1.0,1.0,1.0,1.0,1.0
14,clustered_ranges,clustered_ranges,hybrid,1052.2432053431112,0.9779063416797626,0.842,0.1723,0.95,False,0.5772388362712391,0.657487019418621,0.5666666666666671,0.566666666666667,0.5866330213422034,0.6187322946011562,0.592543405736027
15,low_entropy_repeating,low_entropy_repeating,scalar,1667.0895125131774,0.6135784862071697,0.07999999999999999,0.9395,0.95,False,0.8396168951716007,0.8949415891281646,0.8000000000000002,0.800000000000001,0.8380113754721852,0.8601412530548108,0.8356204658335217
15,low_entropy_repeating,low_entropy_repeating,simd,1391.0276944269328,0.754806592271286,0.17600000000000002,0.9058999999999999,0.95,False,0.33112308534527773,0.4705096100781536,0.0,0.0,0.26925029271888967,0.32500490261204007,0.21696432812312172
15,low_entropy_repeating,low_entropy_repeating,coherent_local,1754.1616668907639,0.5786207046876325,0.056,0.9479,0.95,True,1.0,1.0,1.0,1.0,1.0,1.0,1.0
15,low_entropy_repeating,low_entropy_repeating,guarded_fallback,1211.260627091412,0.9113668525632508,0.11599999999999999,0.9269,0.95,False,0.0,0.0,0.5000000000000002,0.5,0.12500000000000003,0.12500000000000003,0.22500000000000003
15,low_entropy_repeating,low_entropy_repeating,hybrid,1493.0397028562945,0.7032481386670624,0.128,0.9226999999999999,0.95,False,0.5190247487258891,0.62545792107557,0.4,0.3999999999999979,0.5052335373968687,0.5478068063367412,0.49207190488665875
16,sequential_ids,sequential_ids,scalar,1359.2496985605374,0.7349297948631127,0.264,0.6151,0.95,True,0.7766802767916978,0.8527435962633374,0.7142857142857141,0.7142857142857154,0.7724911340859479,0.8029164618746037,0.7676185535319153
16,sequential_ids,sequential_ids,simd,1435.6031107818003,0.6968509334900399,0.3,0.6025,0.95,True,1.0,1.0,0.2857142857142859,0.2857142857142884,0.8214285714285718,0.8214285714285717,0.6785714285714293
16,sequential_ids,sequential_ids,coherent_local,1292.920449991981,0.7842477300048113,0.24,0.6234999999999999,0.95,True,0.5826793932683857,0.6620240866243214,1.0,1.0,0.6989112489546796,0.7306491262970539,0.7903098396365961
16,sequential_ids,sequential_ids,guarded_fallback,1093.7013247490277,0.9554397649894761,0.324,0.5941,0.95,False,0.0,0.0,0.0,0.0,0.0,0.0,0.0
16,sequential_ids,sequential_ids,hybrid,1374.8873674426302,0.7227356922255233,0.27,0.613,0.95,True,0.8224175894379497,0.8998999354094696,0.6428571428571426,0.6428571428571442,0.7891498296884761,0.8201427680770841,0.7609859749694668
17,uniform_32bit,uniform_32bit,scalar,1108.035045932962,0.9430606421488054,0.724,0.1486,0.95,False,0.12166451031291434,0.15789305687488675,0.28571428571428614,0.28571428571428653,0.16811123614755322,0.18260265477234217,0.20454404588402486
17,uniform_32bit,uniform_32bit,simd,1886.6220333042222,0.5337317486046116,0.6040000000000001,0.19059999999999994,0.95,True,1.0,1.0,1.0,1.0,1.0,1.0,1.0
17,uniform_32bit,uniform_32bit,coherent_local,1000.1874117809153,1.0198088399834664,0.772,0.13179999999999997,0.95,False,0.0,0.0,0.0,0.0,0.0,0.0,0.0
17,uniform_32bit,uniform_32bit,guarded_fallback,1208.6534398603064,0.8935099201047703,0.652,0.17379999999999998,0.95,False,0.23517360786422073,0.25983310491021905,0.7142857142857146,0.7142857142857149,0.35865055902649395,0.36851435784489334,0.45693893001539265
17,uniform_32bit,uniform_32bit,hybrid,1661.0516466067409,0.6158472600629216,0.64,0.178,0.95,False,0.7455307123385518,0.8310648394776785,0.785714285714286,0.7857142857142865,0.7684067247533545,0.802620375609005,0.784996852142414
18,zipfian_smallints,zipfian_smallints,scalar,1211.9769319615102,0.8118157631596347,0.6359999999999999,0.4004000000000001,0.95,False,0.17493583703721657,0.30791783695064256,0.0,0.0,0.1511491777649263,0.20434197773029675,0.1294602103488256
18,zipfian_smallints,zipfian_smallints,simd,1497.784076598538,0.6709897791193198,0.6,0.41300000000000003,0.95,False,0.964143059633842,0.9342178608475935,0.4285714285714284,0.42857142857142855,0.8257613720503012,0.813791292535802,0.7156545259591937
18,zipfian_smallints,zipfian_smallints,coherent_local,1242.0631566491722,0.8050795797445298,0.558,0.42769999999999997,0.95,False,0.25801376657716124,0.3378758866856023,0.9285714285714284,0.9285714285714286,0.4376325000919942,0.46957734813537066,0.5797302445016919
18,zipfian_smallints,zipfian_smallints,guarded_fallback,1148.6248608618646,0.8810522803839645,0.576,0.4214,0.95,False,0.0,0.0,0.7142857142857149,0.7142857142857143,0.17857142857142863,0.17857142857142866,0.32142857142857156
18,zipfian_smallints,zipfian_smallints,hybrid,1510.7694744104758,0.6561984105659971,0.552,0.42979999999999996,0.95,True,1.0,1.0,1.0,1.0,1.0,1.0,1.0
19,clustered_ranges,clustered_ranges,scalar,880.4639816222883,1.144311489536708,0.932,0.14079999999999998,0.95,False,0.11672780250447364,0.20280205501281034,0.06666666666666676,0.06666666666666679,0.11712365642127243,0.1515533574246071,0.11571885450454472
19,clustered_ranges,clustered_ranges,simd,931.1515305239498,1.070832518894582,0.9440000000000001,0.13659999999999997,0.95,False,0.2537542001159354,0.4051635168002281,0.0,0.0,0.21302704758959545,0.2735907742633126,0.17741713923483765
19,clustered_ranges,clustered_ranges,coherent_local,837.2851029480811,1.2179504428968266,0.92,0.14499999999999996,0.95,False,0.0,0.0,0.13333333333333341,0.13333333333333314,0.03333333333333331,0.033333333333333326,0.05999999999999997
19,clustered_ranges,clustered_ranges,guarded_fallback,1207.195936081022,0.8548429124752677,0.764,0.1996,0.95,True,1.0,1.0,1.0,1.0,1.0,1.0,1.0
19,clustered_ranges,clustered_ranges,hybrid,1035.738704878079,0.9933105421137928,0.842,0.1723,0.95,False,0.5364903759352093,0.6186594382171926,0.5666666666666671,0.566666666666667,0.5563598079603712,0.5892274328731646,0.570611972334861
20,low_entropy_repeating,low_entropy_repeating,scalar,1640.6404767875251,0.6235169117525663,0.07999999999999999,0.9395,0.95,False,0.8103664129654243,0.876294471601863,0.8000000000000002,0.800000000000001,0.8176640185195341,0.8440352419741096,0.8221835417900933
20,low_entropy_repeating,low_entropy_repeating,simd,1427.2837942535075,0.7353836816499068,0.17600000000000002,0.9058999999999999,0.95,False,0.4058012052672443,0.5339039993170314,0.0,0.0,0.32356632305790123,0.37480744067781613,0.2552163614094311
20,low_entropy_repeating,low_entropy_repeating,coherent_local,1740.6480707596377,0.5830994965482345,0.056,0.9479,0.95,True,1.0,1.0,1.0,1.0,1.0,1.0,1.0
20,low_entropy_repeating,low_entropy_repeating,guarded_fallback,1213.2752802324076,0.9098222851551543,0.11599999999999999,0.9269,0.95,False,0.0,0.0,0.5000000000000002,0.5,0.12500000000000003,0.12500000000000003,0.22500000000000003
20,low_entropy_repeating,low_entropy_repeating,hybrid,1478.9936021997778,0.7098029856401037,0.128,0.9226999999999999,0.95,False,0.5038529229043535,0.6121988012158337,0.4,0.3999999999999979,0.49414157392498675,0.537479925249579,0.4842055771752639
21,sequential_ids,sequential_ids,scalar,1345.8398894531804,0.7422803568923306,0.264,0.6151,0.95,True,0.7353262800449224,0.8217930423181894,0.7142857142857141,0.7142857142857154,0.7430361529461106,0.7776228578554173,0.7474747160215957
21,sequential_ids,sequential_ids,simd,1429.337020305695,0.6998327282683245,0.3,0.6025,0.95,True,1.0,1.0,0.2857142857142859,0.2857142857142884,0.8214285714285718,0.8214285714285717,0.6785714285714293
21,sequential_ids,sequential_ids,coherent_local,1293.388855019939,0.7839666869880366,0.24,0.6234999999999999,0.95,True,0.5690641551407853,0.64678222771937,1.0,1.0,0.6884558272423767,0.7195430562738105,0.7824148034720781
21,sequential_ids,sequential_ids,guarded_fallback,1113.865084268047,0.938025609041232,0.324,0.5941,0.95,False,0.0,0.0,0.0,0.0,0.0,0.0,0.0
21,sequential_ids,sequential_ids,hybrid,1363.7262711129608,0.7283959625069986,0.27,0.613,0.95,True,0.7920234997229539,0.8800835938253497,0.6428571428571426,0.6428571428571442,0.7679409246218607,0.803164962262819,0.7469136626589382
22,uniform_32bit,uniform_32bit,scalar,1107.1679901185066,0.9438094630794714,0.724,0.1486,0.95,False,0.12676837056887155,0.17022824749289367,0.28571428571428614,0.28571428571428653,0.17302383089382858,0.19040778166343741,0.20915900161531376
22,uniform_32bit,uniform_32bit,simd,1906.7754646664698,0.5281100019614584,0.6040000000000001,0.19059999999999994,0.95,True,1.0,1.0,1.0,1.0,1.0,1.0,1.0
22,uniform_32bit,uniform_32bit,coherent_local,991.0877506645481,1.0290904943221608,0.772,0.13179999999999997,0.95,False,0.0,0.0,0.0,0.0,0.0,0.0,0.0
22,uniform_32bit,uniform_32bit,guarded_fallback,1173.9709586210079,0.9195217810342441,0.652,0.17379999999999998,0.95,False,0.19972224718095968,0.21870854246561766,0.7142857142857146,0.7142857142857149,0.33121105824984715,0.3388055763637104,0.43602238119926395
22,uniform_32bit,uniform_32bit,hybrid,1651.7852053159183,0.619329195578261,0.64,0.178,0.95,False,0.7215314179152388,0.8179186714696958,0.785714285714286,0.7857142857142865,0.7520352228981693,0.7905901243199519,0.7745105218134244
23,zipfian_smallints,zipfian_smallints,scalar,1190.4691312368516,0.8265127603214847,0.6359999999999999,0.4004000000000001,0.95,False,0.03500080426827168,0.1493533052444329,0.0,0.0,0.04340347834762794,0.08914447873809243,0.047838567591589734
23,zipfian_smallints,zipfian_smallints,simd,1505.2352147554807,0.6676616040758853,0.6,0.41300000000000003,0.95,False,0.8931316580636639,0.8828779933010521,0.4285714285714284,0.42857142857142855,0.7754535509762133,0.7713520850711686,0.6815161386015051
23,zipfian_smallints,zipfian_smallints,coherent_local,1250.4097277285643,0.7997377742537187,0.558,0.42769999999999997,0.95,False,0.19841382091049936,0.2729917713863653,0.9285714285714284,0.9285714285714286,0.39213991539711157,0.42197109558745793,0.5456292319768841
23,zipfian_smallints,zipfian_smallints,guarded_fallback,1177.6306858752857,0.8588565186345639,0.576,0.4214,0.95,False,0.0,0.0,0.7142857142857149,0.7142857142857143,0.17857142857142863,0.17857142857142866,0.32142857142857156
23,zipfian_smallints,zipfian_smallints,hybrid,1544.4349816612523,0.642297814023741,0.552,0.42979999999999996,0.95,True,1.0,1.0,1.0,1.0,1.0,1.0,1.0
24,clustered_ranges,clustered_ranges,scalar,886.1827838496048,1.1371947578760475,0.932,0.14079999999999998,0.95,False,0.08980731994994144,0.1664301442172308,0.06666666666666676,0.06666666666666679,0.09551558026921618,0.1261647099761319,0.09854973203929018
24,clustered_ranges,clustered_ranges,simd,952.5546777981275,1.0471764087494382,0.9440000000000001,0.13659999999999997,0.95,False,0.26838940892385366,0.42102594653098824,0.0,0.0,0.2241875373339604,0.2852421523768143,0.18577330930990316
24,clustered_ranges,clustered_ranges,coherent_local,852.80495772064,1.1960400596885081,0.92,0.14499999999999996,0.95,False,0.0,0.0,0.13333333333333341,0.13333333333333314,0.03333333333333331,0.033333333333333326,0.05999999999999997
24,clustered_ranges,clustered_ranges,guarded_fallback,1224.4653763543279,0.8424664802793984,0.764,0.1996,0.95,True,1.0,1.0,1.0,1.0,1.0,1.0,1.0
24,clustered_ranges,clustered_ranges,hybrid,1063.1530021231547,0.9677238646850557,0.842,0.1723,0.95,False,0.5659683782733823,0.6457388456032639,0.5666666666666671,0.566666666666667,0.5781085204711857,0.6100167074031384,0.5862252248828308
25,low_entropy_repeating,low_entropy_repeating,scalar,1658.8325587139504,0.6166810991499095,0.07999999999999999,0.9395,0.95,False,0.8869296168894846,0.922186339470214,0.8000000000000002,0.800000000000001,0.870485721054223,0.8845884100865148,0.8566254699343991
25,low_entropy_repeating,low_entropy_repeating,simd,1430.729360715611,0.73353784247378,0.17600000000000002,0.9058999999999999,0.95,False,0.4567982144170359,0.5769530698330112,0.0,0.0,0.36062188912517323,0.4086838312915634,0.28127773178336357
25,low_entropy_repeating,low_entropy_repeating,coherent_local,1718.7949698240252,0.5903422385726087,0.056,0.9479,0.95,True,1.0,1.0,1.0,1.0,1.0,1.0,1.0
25,low_entropy_repeating,low_entropy_repeating,guarded_fallback,1188.4844724105046,0.9288285711519465,0.11599999999999999,0.9269,0.95,False,0.0,0.0,0.5000000000000002,0.5,0.12500000000000003,0.12500000000000003,0.22500000000000003
25,low_entropy_repeating,low_entropy_repeating,hybrid,1479.1520413183757,0.709729047384758,0.128,0.9226999999999999,0.95,False,0.5481082692602577,0.6472920844324899,0.4,0.3999999999999979,0.5259587742210278,0.5656323002899208,0.5062555018861993
26,sequential_ids,sequential_ids,scalar,1342.1063514860957,0.744326888815029,0.264,0.6151,0.95,True,0.7592060372040728,0.8389903834706454,0.7142857142857141,0.7142857142857154,0.7599436084144692,0.7918573469210981,0.7589379784574548
26,sequential_ids,sequential_ids,simd,1420.0570762906505,0.7042487016272078,0.3,0.6025,0.95,True,1.0,1.0,0.2857142857142859,0.2857142857142884,0.8214285714285718,0.8214285714285717,0.6785714285714293
26,sequential_ids,sequential_ids,coherent_local,1312.385443462881,0.7725687339222715,0.24,0.6234999999999999,0.95,True,0.6673965609131615,0.725531942112291,1.0,1.0,0.7592677278647405,0.7825218803443924,0.8316019538020212
26,sequential_ids,sequential_ids,guarded_fallback,1096.3333254978702,0.9531666734336576,0.324,0.5941,0.95,False,0.0,0.0,0.0,0.0,0.0,0.0,0.0
26,sequential_ids,sequential_ids,hybrid,1369.1130678154443,0.7256640870364532,0.27,0.613,0.95,True,0.8426312300211297,0.9139660939150775,0.6428571428571426,0.6428571428571442,0.8033879378142254,0.8319218833718044,0.7705666067708229
27,uniform_32bit,uniform_32bit,scalar,1083.2429451600756,0.9644720019072074,0.724,0.1486,0.95,False,0.07884197276770283,0.0890294199246695,0.28571428571428614,0.28571428571428653,0.13208816807789373,0.13616314694068038,0.1744813753829071
27,uniform_32bit,uniform_32bit,simd,1908.9351446523306,0.527507564912771,0.6040000000000001,0.19059999999999994,0.95,True,1.0,1.0,1.0,1.0,1.0,1.0,1.0
27,uniform_32bit,uniform_32bit,coherent_local,1012.5718985184158,1.007176663511216,0.772,0.13179999999999997,0.95,False,0.0,0.0,0.0,0.0,0.0,0.0,0.0
27,uniform_32bit,uniform_32bit,guarded_fallback,1235.941156050452,0.8730441329621609,0.652,0.17379999999999998,0.95,False,0.24919502054043988,0.2796355465486098,0.7142857142857146,0.7142857142857149,0.37003377287798406,0.38220998328125205,0.46609596422785604
27,uniform_32bit,uniform_32bit,hybrid,1722.1180960336812,0.5929010790661319,0.64,0.178,0.95,False,0.7915833235862738,0.8636695289639554,0.785714285714286,0.7857142857142865,0.8009289949249292,0.8297634770760018,0.8069638078882998
28,zipfian_smallints,zipfian_smallints,scalar,1207.459369798968,0.8149027639707052,0.6359999999999999,0.4004000000000001,0.95,False,0.14035591035371525,0.269233417347012,0.0,0.0,0.12459855881428095,0.17614956161159967,0.10941512744286758
28,zipfian_smallints,zipfian_smallints,simd,1477.7353922992831,0.6799448581063202,0.6,0.41300000000000003,0.95,False,0.8582565560738338,0.8594404526318501,0.4285714285714284,0.42857142857142855,0.7510128586819348,0.7514864173051414,0.6651942228372555
28,zipfian_smallints,zipfian_smallints,coherent_local,1210.024132236288,0.8255845553687758,0.558,0.42769999999999997,0.95,False,0.14716837041893846,0.2225190852580008,0.9285714285714284,0.9285714285714286,0.35382174218292034,0.3839620281185453,0.5176374252973246
28,zipfian_smallints,zipfian_smallints,guarded_fallback,1154.6180227254313,0.8764662086970614,0.576,0.4214,0.95,False,0.0,0.0,0.7142857142857149,0.7142857142857143,0.17857142857142863,0.17857142857142866,0.32142857142857156
28,zipfian_smallints,zipfian_smallints,hybrid,1531.099119534035,0.6478042345149791,0.552,0.42979999999999996,0.95,True,1.0,1.0,1.0,1.0,1.0,1.0,1.0
29,clustered_ranges,clustered_ranges,scalar,894.3926769875742,1.126978001971019,0.932,0.14079999999999998,0.95,False,0.12450110829651032,0.21206661296820795,0.06666666666666676,0.06666666666666679,0.12317732358980409,0.15820352545848312,0.12036698573100513
29,clustered_ranges,clustered_ranges,simd,941.2776206133977,1.0596405245851919,0.9440000000000001,0.13659999999999997,0.95,False,0.2508815031039634,0.4010653229617428,0.0,0.0,0.21068870030663944,0.27076222824975127,0.17553078167162472
29,clustered_ranges,clustered_ranges,coherent_local,848.2049161981911,1.202534235955495,0.92,0.14499999999999996,0.95,False,0.0,0.0,0.13333333333333341,0.13333333333333314,0.03333333333333331,0.033333333333333326,0.05999999999999997
29,clustered_ranges,clustered_ranges,guarded_fallback,1219.1876441541776,0.8462488550228394,0.764,0.1996,0.95,True,1.0,1.0,1.0,1.0,1.0,1.0,1.0
29,clustered_ranges,clustered_ranges,hybrid,1052.473514937264,0.9776913860585534,0.842,0.1723,0.95,False,0.5506148490107267,0.6310751491076221,0.5666666666666671,0.566666666666667,0.5666968484392461,0.5988809684780043,0.5779532419801237
30,low_entropy_repeating,low_entropy_repeating,scalar,1646.0737877832926,0.6214753039844597,0.07999999999999999,0.9395,0.95,False,0.8835147884394952,0.9189936278449717,0.8000000000000002,0.800000000000001,0.867957917240443,0.8821494530026336,0.8548028434930918
30,low_entropy_repeating,low_entropy_repeating,simd,1378.251271190658,0.7616511047192904,0.17600000000000002,0.9058999999999999,0.95,False,0.36326207185274284,0.4969569899488022,0.0,0.0,0.292500791603966,0.3459787588423898,0.23321786904302338
30,low_entropy_repeating,low_entropy_repeating,coherent_local,1706.0395727015107,0.5945697416189278,0.056,0.9479,0.95,True,1.0,1.0,1.0,1.0,1.0,1.0,1.0
30,low_entropy_repeating,low_entropy_repeating,guarded_fallback,1191.2464576366801,0.9267110491452121,0.11599999999999999,0.9269,0.95,False,0.0,0.0,0.5000000000000002,0.5,0.12500000000000003,0.12500000000000003,0.22500000000000003
30,low_entropy_repeating,low_entropy_repeating,hybrid,1498.7898926065877,0.7005647167835922,0.128,0.9226999999999999,0.95,False,0.5974117096169343,0.6808738547033135,0.4,0.3999999999999979,0.5605781039756573,0.5939629620102092,0.5294419765609082
31,sequential_ids,sequential_ids,scalar,1385.8005807499926,0.7203759779592633,0.264,0.6151,0.95,True,0.814350272880915,0.881829960244543,0.7142857142857141,0.7142857142857154,0.7994560863366591,0.8264479612821103,0.7861911433539819
31,sequential_ids,sequential_ids,simd,1452.8334708420352,0.6886516587027556,0.3,0.6025,0.95,True,1.0,1.0,0.2857142857142859,0.2857142857142884,0.8214285714285718,0.8214285714285717,0.6785714285714293
31,sequential_ids,sequential_ids,coherent_local,1319.1634204649497,0.7685019477210303,0.24,0.6234999999999999,0.95,True,0.6297965320840893,0.7025653489526452,1.0,1.0,0.7332627215933504,0.7623702483407728,0.8145802968633882
31,sequential_ids,sequential_ids,guarded_fallback,1091.761622624104,0.9571149622791829,0.324,0.5941,0.95,False,0.0,0.0,0.0,0.0,0.0,0.0,0.0
31,sequential_ids,sequential_ids,hybrid,1375.1161809052426,0.7226196511123414,0.27,0.613,0.95,False,0.7847594867327208,0.87347249342063,0.6428571428571426,0.6428571428571442,0.7625908517670129,0.7980760544421766,0.7430816836606883
32,uniform_32bit,uniform_32bit,scalar,1084.075573423166,0.9637529138618113,0.724,0.1486,0.95,False,0.06153915576158173,0.05243110832037423,0.28571428571428614,0.28571428571428653,0.11621673113357678,0.11257351215709376,0.16014095237999693
32,uniform_32bit,uniform_32bit,simd,1879.331057160731,0.5357655472130592,0.6040000000000001,0.19059999999999994,0.95,True,1.0,1.0,1.0,1.0,1.0,1.0,1.0
32,uniform_32bit,uniform_32bit,coherent_local,1031.9270459865274,0.9874344130937419,0.772,0.13179999999999997,0.95,False,0.0,0.0,0.0,0.0,0.0,0.0,0.0
32,uniform_32bit,uniform_32bit,guarded_fallback,1185.215039773961,0.9110887201695294,0.652,0.17379999999999998,0.95,False,0.18089127708403271,0.16903023141821072,0.7142857142857146,0.7142857142857149,0.3124607295345799,0.30771631126825116,0.4179535124083341
32,uniform_32bit,uniform_32bit,hybrid,1670.7526077924747,0.612202050405252,0.64,0.178,0.95,False,0.7538618573692611,0.8307687136168802,0.785714285714286,0.7857142857142865,0.7733609928926602,0.8041237353917079,0.7874221641864272
33,zipfian_smallints,zipfian_smallints,scalar,1183.7473107944336,0.8311060042904703,0.6359999999999999,0.4004000000000001,0.95,False,0.09072539309969592,0.21086724663940515,0.0,0.0,0.08606532285572832,0.13412206427161202,0.07993442958976006
33,zipfian_smallints,zipfian_smallints,simd,1520.9603927896705,0.6606376912206139,0.6,0.41300000000000003,0.95,False,0.9300769643893798,0.9162252526628981,0.4285714285714284,0.42857142857142855,0.8026228236759196,0.7970821389853271,0.7009365453396813
33,zipfian_smallints,zipfian_smallints,coherent_local,1257.217830614485,0.7953805884067298,0.558,0.42769999999999997,0.95,False,0.2735996632482692,0.3586906611985018,0.9285714285714284,0.9285714285714286,0.4501062542715939,0.48414265345168694,0.5896097071312489
33,zipfian_smallints,zipfian_smallints,guarded_fallback,1147.297996265398,0.8820676202490868,0.576,0.4214,0.95,False,0.0,0.0,0.7142857142857149,0.7142857142857143,0.17857142857142863,0.17857142857142866,0.32142857142857156
33,zipfian_smallints,zipfian_smallints,hybrid,1549.052271267351,0.6403913202509002,0.552,0.42979999999999996,0.95,True,1.0,1.0,1.0,1.0,1.0,1.0,1.0
34,clustered_ranges,clustered_ranges,scalar,891.1603661117032,1.131000433283214,0.932,0.14079999999999998,0.95,False,0.14071248996734198,0.23223241898126146,0.06666666666666676,0.06666666666666679,0.1359290234942611,0.17253699509982892,0.130271851735518
34,clustered_ranges,clustered_ranges,simd,956.3565288711197,1.0429743628266572,0.9440000000000001,0.13659999999999997,0.95,False,0.33606257166196046,0.49706854768493947,0.0,0.0,0.2761978251499172,0.34060021555910885,0.225085908419823
34,clustered_ranges,clustered_ranges,coherent_local,844.1989606256551,1.208189702646134,0.92,0.14499999999999996,0.95,False,0.0,0.0,0.13333333333333341,0.13333333333333314,0.03333333333333331,0.033333333333333326,0.05999999999999997
34,clustered_ranges,clustered_ranges,guarded_fallback,1177.9390962521895,0.8758103143525976,0.764,0.1996,0.95,True,1.0,1.0,1.0,1.0,1.0,1.0,1.0
34,clustered_ranges,clustered_ranges,hybrid,1029.8724832044659,0.9987856823424984,0.842,0.1723,0.95,False,0.5563416046147509,0.6300150601357482,0.5666666666666671,0.566666666666667,0.5699738884558795,0.5994432706642785,0.5794062464183625
35,low_entropy_repeating,low_entropy_repeating,scalar,1654.2715509636225,0.6183949323651843,0.07999999999999999,0.9395,0.95,False,0.820381280263167,0.8840131777890221,0.8000000000000002,0.800000000000001,0.8248307448262535,0.8502835038365957,0.8271176785262059
35,low_entropy_repeating,low_entropy_repeating,simd,1433.1609163846192,0.7322352233653826,0.17600000000000002,0.9058999999999999,0.95,False,0.42293994118036765,0.5521454759718808,0.0,0.0,0.3365857861040027,0.388268000020608,0.2649183513470805
35,low_entropy_repeating,low_entropy_repeating,coherent_local,1754.1997798563027,0.5786080729619111,0.056,0.9479,0.95,True,1.0,1.0,1.0,1.0,1.0,1.0,1.0
35,low_entropy_repeating,low_entropy_repeating,guarded_fallback,1197.8645101300222,0.9216372089003164,0.11599999999999999,0.9269,0.95,False,0.0,0.0,0.5000000000000002,0.5,0.12500000000000003,0.12500000000000003,0.22500000000000003
35,low_entropy_repeating,low_entropy_repeating,hybrid,1506.431088141057,0.6969988255341732,0.128,0.9226999999999999,0.95,False,0.5546414092402427,0.6548667732016777,0.4,0.3999999999999979,0.531014861524397,0.5711050071089712,0.5101091160724918
36,sequential_ids,sequential_ids,scalar,1376.4465352695631,0.7255033806670542,0.264,0.6151,0.95,True,0.7672484700332265,0.846762389728907,0.7142857142857141,0.7142857142857154,0.7659348690507006,0.7977404369289729,0.7632937098707663
36,sequential_ids,sequential_ids,simd,1454.7715694046638,0.687729391110884,0.3,0.6025,0.95,True,1.0,1.0,0.2857142857142859,0.2857142857142884,0.8214285714285718,0.8214285714285717,0.6785714285714293
36,sequential_ids,sequential_ids,coherent_local,1291.986918998742,0.7848078486007547,0.24,0.6234999999999999,0.95,True,0.5162673485499918,0.6061821637232455,1.0,1.0,0.650687733688482,0.6866536597577834,0.756425745495809
36,sequential_ids,sequential_ids,guarded_fallback,1118.2537637159883,0.9342353858816466,0.324,0.5941,0.95,False,0.0,0.0,0.0,0.0,0.0,0.0,0.0
36,sequential_ids,sequential_ids,hybrid,1409.0038852076939,0.7054337439303837,0.27,0.613,0.95,True,0.8639962479747322,0.9281788143287802,0.6428571428571426,0.6428571428571442,0.8183388566484422,0.8440118831900614,0.7805292922603293
37,uniform_32bit,uniform_32bit,scalar,1125.3399738679338,0.9281154771140571,0.724,0.1486,0.95,False,0.15559623987424834,0.2168185631773203,0.28571428571428614,0.28571428571428653,0.19730909982971864,0.22179802915094743,0.2294549413280334
37,uniform_32bit,uniform_32bit,simd,1905.2221814608242,0.5285432862240859,0.6040000000000001,0.19059999999999994,0.95,True,1.0,1.0,1.0,1.0,1.0,1.0,1.0
37,uniform_32bit,uniform_32bit,coherent_local,981.6329645241925,1.0387343761853236,0.772,0.13179999999999997,0.95,False,0.0,0.0,0.0,0.0,0.0,0.0,0.0
37,uniform_32bit,uniform_32bit,guarded_fallback,1175.373134413578,0.9184701491898164,0.652,0.17379999999999998,0.95,False,0.20976876552541893,0.23572388730787985,0.7142857142857146,0.7142857142857149,0.339791270982862,0.3501733196958464,0.4432901729131673
37,uniform_32bit,uniform_32bit,hybrid,1690.8604663227234,0.6046463702302494,0.64,0.178,0.95,False,0.7679036186140225,0.850834157037228,0.785714285714286,0.7857142857142865,0.7847958661525692,0.8179680815218514,0.7966510534149426
38,zipfian_smallints,zipfian_smallints,scalar,1231.0259829740992,0.7987989116343653,0.6359999999999999,0.4004000000000001,0.95,False,0.15990793649616558,0.2946955519248978,0.0,0.0,0.14014909468643402,0.19406414085792692,0.12164626893007413
38,zipfian_smallints,zipfian_smallints,simd,1495.9608177011414,0.6718041680934901,0.6,0.41300000000000003,0.95,False,0.9189220257554401,0.899198406193396,0.4285714285714284,0.42857142857142855,0.7933758335251305,0.7854863857003129,0.6933333521321238
38,zipfian_smallints,zipfian_smallints,coherent_local,1242.8152377287001,0.8045982478536319,0.558,0.42769999999999997,0.95,False,0.19368307395526269,0.2670903519011588,0.9285714285714284,0.9285714285714286,0.3884162543011886,0.417779165479547,0.5427346530190114
38,zipfian_smallints,zipfian_smallints,guarded_fallback,1175.209914041178,0.8607089353424029,0.576,0.4214,0.95,False,0.0,0.0,0.7142857142857149,0.7142857142857143,0.17857142857142863,0.17857142857142866,0.32142857142857156
38,zipfian_smallints,zipfian_smallints,hybrid,1524.2611878924888,0.6506276385476175,0.552,0.42979999999999996,0.95,True,1.0,1.0,1.0,1.0,1.0,1.0,1.0
39,clustered_ranges,clustered_ranges,scalar,887.9211852440964,1.135031413918458,0.932,0.14079999999999998,0.95,False,0.12101346409576987,0.20767674814981818,0.06666666666666676,0.06666666666666679,0.12042625734660135,0.15509157096822068,0.11822322626618556
39,clustered_ranges,clustered_ranges,simd,959.167406824319,1.0398676029836476,0.9440000000000001,0.13659999999999997,0.95,False,0.3217415250338823,0.48189494464823945,0.0,0.0,0.2653291567175653,0.3293905245633082,0.21699619367222456
39,clustered_ranges,clustered_ranges,coherent_local,844.9687846835402,1.2071028922114726,0.92,0.14499999999999996,0.95,False,0.0,0.0,0.13333333333333341,0.13333333333333314,0.03333333333333331,0.033333333333333326,0.05999999999999997
39,clustered_ranges,clustered_ranges,guarded_fallback,1199.9078063990387,0.8600660720806889,0.764,0.1996,0.95,True,1.0,1.0,1.0,1.0,1.0,1.0,1.0
39,clustered_ranges,clustered_ranges,hybrid,1047.425774348239,0.9824026106083102,0.842,0.1723,0.95,False,0.5703993567294448,0.6474825395140555,0.5666666666666671,0.566666666666667,0.581028661631442,0.6118619347452863,0.5879904418973474
40,low_entropy_repeating,low_entropy_repeating,scalar,1658.3549700827737,0.6168605566961699,0.07999999999999999,0.9395,0.95,False,0.8261369236768321,0.8865668913294662,0.8000000000000002,0.800000000000001,0.8286671879055192,0.8528391749665729,0.8294827999354165
40,low_entropy_repeating,low_entropy_repeating,simd,1429.557119087588,0.7341658290602207,0.17600000000000002,0.9058999999999999,0.95,False,0.4030537692909396,0.5331331470022411,0.0,0.0,0.3218022336248999,0.3738339847094206,0.25419941753784214
40,low_entropy_repeating,low_entropy_repeating,coherent_local,1752.3778538061706,0.5792119113099548,0.056,0.9479,0.95,True,1.0,1.0,1.0,1.0,1.0,1.0,1.0
40,low_entropy_repeating,low_entropy_repeating,guarded_fallback,1211.5908982789836,0.9111136446527794,0.11599999999999999,0.9269,0.95,False,0.0,0.0,0.5000000000000002,0.5,0.12500000000000003,0.12500000000000003,0.22500000000000003
40,low_entropy_repeating,low_entropy_repeating,hybrid,1453.871127726802,0.7215268070608256,0.128,0.9226999999999999,0.95,False,0.44801418926910147,0.5712137616230153,0.4,0.3999999999999979,0.4544905778049128,0.5037704067464785,0.45720769718648374
41,sequential_ids,sequential_ids,scalar,1349.0134523609152,0.7405407742614242,0.264,0.6151,0.95,True,0.7612408869724594,0.8414877846099077,0.7142857142857141,0.7142857142857154,0.7615391284463905,0.7936378875013698,0.7601727836727864
41,sequential_ids,sequential_ids,simd,1431.65974162113,0.6987274332975311,0.3,0.6025,0.95,True,1.0,1.0,0.2857142857142859,0.2857142857142884,0.8214285714285718,0.8214285714285717,0.6785714285714293
41,sequential_ids,sequential_ids,coherent_local,1276.2331453217394,0.7942601128069564,0.24,0.6234999999999999,0.95,True,0.5509838783385487,0.6378405474877709,1.0,1.0,0.6762664091262949,0.7110090767859837,0.7747553003735073
41,sequential_ids,sequential_ids,guarded_fallback,1085.5104859456756,0.9625136712287348,0.324,0.5941,0.95,False,0.0,0.0,0.0,0.0,0.0,0.0,0.0
41,sequential_ids,sequential_ids,hybrid,1392.9834077452829,0.7135584146434636,0.27,0.613,0.95,True,0.8882668870676133,0.9437765159310529,0.6428571428571426,0.6428571428571442,0.8352408953445117,0.8574447468898876,0.7917099093887618
42,uniform_32bit,uniform_32bit,scalar,1115.1123919488741,0.9369483887714267,0.724,0.1486,0.95,False,0.13304841491038932,0.17241184589422465,0.28571428571428614,0.28571428571428653,0.17711939725893888,0.192864769652473,0.2115889145181018
42,uniform_32bit,uniform_32bit,simd,1862.1978075444224,0.5405448221060296,0.6040000000000001,0.19059999999999994,0.95,True,1.0,1.0,1.0,1.0,1.0,1.0,1.0
42,uniform_32bit,uniform_32bit,coherent_local,1000.4594723889162,1.0195313381633053,0.772,0.13179999999999997,0.95,False,0.0,0.0,0.0,0.0,0.0,0.0,0.0
42,uniform_32bit,uniform_32bit,guarded_fallback,1191.2849501999956,0.9065362873500032,0.652,0.17379999999999998,0.95,False,0.22144248436695543,0.23590445038705532,0.7142857142857146,0.7142857142857149,0.3468225867496602,0.35260737315770024,0.44683742933542214
42,uniform_32bit,uniform_32bit,hybrid,1641.8900909145414,0.6230473597775662,0.64,0.178,0.95,False,0.7443449970342504,0.8277560329868008,0.785714285714286,0.7857142857142865,0.7671989745971419,0.800563388978162,0.7838139359284042
43,zipfian_smallints,zipfian_smallints,scalar,1218.049640855483,0.8076660787487533,0.6359999999999999,0.4004000000000001,0.95,False,0.18296944210783841,0.31600056779281194,0.0,0.0,0.15718175043362484,0.21039420070761428,0.13389097458055452
43,zipfian_smallints,zipfian_smallints,simd,1512.1075973325883,0.6645919398581106,0.6,0.41300000000000003,0.95,False,0.9438224981075661,0.9238995131870317,0.4285714285714284,0.42857142857142855,0.8120212829854515,0.8040520890172378,0.7069787705861704
43,zipfian_smallints,zipfian_smallints,coherent_local,1275.0762145145513,0.7839512227106872,0.558,0.42769999999999997,0.95,False,0.33052145315187187,0.41676116707019106,0.9285714285714284,0.9285714285714286,0.4929699040945089,0.5274657896618365,0.6212038705702522
43,zipfian_smallints,zipfian_smallints,guarded_fallback,1147.3347770329392,0.8820394749660987,0.576,0.4214,0.95,False,0.0,0.0,0.7142857142857149,0.7142857142857143,0.17857142857142863,0.17857142857142866,0.32142857142857156
43,zipfian_smallints,zipfian_smallints,hybrid,1533.819334278656,0.6466810490720387,0.552,0.42979999999999996,0.95,True,1.0,1.0,1.0,1.0,1.0,1.0,1.0
44,clustered_ranges,clustered_ranges,scalar,896.9779059721133,1.1237608281235925,0.932,0.14079999999999998,0.95,False,0.1362661424455158,0.22631154438780143,0.06666666666666676,0.06666666666666679,0.13237308379214638,0.16839124456906066,0.12745772883060516
44,clustered_ranges,clustered_ranges,simd,953.4555792756148,1.0461806755374783,0.9440000000000001,0.13659999999999997,0.95,False,0.3083336687843246,0.46662196786829657,0.0,0.0,0.25499349645083924,0.31830881608442807,0.20915559260237154
44,clustered_ranges,clustered_ranges,coherent_local,852.2513103202848,1.196821679547833,0.92,0.14499999999999996,0.95,False,0.0,0.0,0.13333333333333341,0.13333333333333314,0.03333333333333331,0.033333333333333326,0.05999999999999997
44,clustered_ranges,clustered_ranges,guarded_fallback,1180.4810146997993,0.8739886061318104,0.764,0.1996,0.95,True,1.0,1.0,1.0,1.0,1.0,1.0,1.0
44,clustered_ranges,clustered_ranges,hybrid,1051.425214060639,0.9786698002100702,0.842,0.1723,0.95,False,0.6068125495127648,0.6757420391579236,0.5666666666666671,0.566666666666667,0.6071155022480141,0.6346872981060778,0.6059792746433105
45,low_entropy_repeating,low_entropy_repeating,scalar,1655.6486511709377,0.6178774765297081,0.07999999999999999,0.9395,0.95,False,0.7663316802265955,0.8527423587022734,0.8000000000000002,0.800000000000001,0.7877103619412984,0.8222746333315696,0.8030850937435473
45,low_entropy_repeating,low_entropy_repeating,simd,1452.8669547882123,0.7216784170777434,0.17600000000000002,0.9058999999999999,0.95,False,0.4364044652982912,0.5707537463867782,0.0,0.0,0.3474557411369914,0.4011954535723863,0.2736097761861819
45,low_entropy_repeating,low_entropy_repeating,coherent_local,1799.2671710461439,0.5636714518818494,0.056,0.9479,0.95,True,1.0,1.0,1.0,1.0,1.0,1.0,1.0
45,low_entropy_repeating,low_entropy_repeating,guarded_fallback,1184.6416196899413,0.9317747582377118,0.11599999999999999,0.9269,0.95,False,0.0,0.0,0.5000000000000002,0.5,0.12500000000000003,0.12500000000000003,0.22500000000000003
45,low_entropy_repeating,low_entropy_repeating,hybrid,1493.5338743651437,0.7030175252962663,0.128,0.9226999999999999,0.95,False,0.5025698231933506,0.6214484602327788,0.4,0.3999999999999979,0.49475916295092687,0.5423106177666983,0.4861330620161994
46,sequential_ids,sequential_ids,scalar,1320.3652994628007,0.7562442062203908,0.264,0.6151,0.95,True,0.6318840521128265,0.745966686170429,0.7142857142857141,0.7142857142857154,0.669596862764689,0.7152299163877299,0.6974854586050269
46,sequential_ids,sequential_ids,simd,1437.1521224462942,0.696113817594522,0.3,0.6025,0.95,True,1.0,1.0,0.2857142857142859,0.2857142857142884,0.8214285714285718,0.8214285714285717,0.6785714285714293
46,sequential_ids,sequential_ids,coherent_local,1306.1542975700117,0.776307421457993,0.24,0.6234999999999999,0.95,True,0.5870905017914018,0.6612054669374077,1.0,1.0,0.7014351211154523,0.7310811071738545,0.7914285172717725
46,sequential_ids,sequential_ids,guarded_fallback,1119.896584744656,0.9328165859023426,0.324,0.5941,0.95,False,0.0,0.0,0.0,0.0,0.0,0.0,0.0
46,sequential_ids,sequential_ids,hybrid,1384.6892394073843,0.7177647428719693,0.27,0.613,0.95,True,0.8346352488628632,0.9085311699891427,0.6428571428571426,0.6428571428571442,0.7977751105303752,0.827333478980887,0.7668090814418592
47,uniform_32bit,uniform_32bit,scalar,1089.2065837388814,0.959321586770966,0.724,0.1486,0.95,False,0.10894195148654508,0.132866704596855,0.28571428571428614,0.28571428571428653,0.1567237480100269,0.16629364925415085,0.19447069016660615
47,uniform_32bit,uniform_32bit,simd,1838.8022626524482,0.5470709477864223,0.6040000000000001,0.19059999999999994,0.95,True,1.0,1.0,1.0,1.0,1.0,1.0,1.0
47,uniform_32bit,uniform_32bit,coherent_local,997.5600111918263,1.0224887885843372,0.772,0.13179999999999997,0.95,False,0.0,0.0,0.0,0.0,0.0,0.0,0.0
47,uniform_32bit,uniform_32bit,guarded_fallback,1180.8765405865279,0.9143425945601042,0.652,0.17379999999999998,0.95,False,0.21791170031749468,0.22747609522336476,0.7142857142857146,0.7142857142857149,0.34343986304543017,0.3472656210077783,0.44367110532966125
47,uniform_32bit,uniform_32bit,hybrid,1636.8963741726898,0.6249237866745044,0.64,0.178,0.95,False,0.7599907896575621,0.8362433375293231,0.785714285714286,0.7857142857142865,0.7778595458525073,0.8083605650012117,0.7906294998510283
48,zipfian_smallints,zipfian_smallints,scalar,1184.2165059929835,0.8307853875714613,0.6359999999999999,0.4004000000000001,0.95,False,0.12536139760080356,0.2450971964826244,0.0,0.0,0.11198141803287578,0.15987573758560417,0.09888271840089716
48,zipfian_smallints,zipfian_smallints,simd,1497.8790925293174,0.6709473386702383,0.6,0.41300000000000003,0.95,False,0.7859658047557835,0.8163436335324656,0.4285714285714284,0.42857142857142855,0.701173885026197,0.71332501653687,0.6327327926669942
48,zipfian_smallints,zipfian_smallints,coherent_local,1217.0425926620633,0.8210927406962796,0.558,0.42769999999999997,0.95,False,0.19449638039459466,0.2797378219850759,0.9285714285714284,0.9285714285714286,0.3908013586773753,0.4248979353135678,0.5461405124717902
48,zipfian_smallints,zipfian_smallints,guarded_fallback,1124.6934695170053,0.8993649972391611,0.576,0.4214,0.95,False,0.0,0.0,0.7142857142857149,0.7142857142857143,0.17857142857142863,0.17857142857142866,0.32142857142857156
48,zipfian_smallints,zipfian_smallints,hybrid,1599.504995354658,0.6195592277245284,0.552,0.42979999999999996,0.95,True,1.0,1.0,1.0,1.0,1.0,1.0,1.0
49,clustered_ranges,clustered_ranges,scalar,882.6197951528005,1.1416286993654037,0.932,0.14079999999999998,0.95,False,0.024280449842343996,0.07347867165863886,0.06666666666666676,0.06666666666666679,0.04225673732086892,0.06193602604738687,0.05565380286736297
49,clustered_ranges,clustered_ranges,simd,934.3708055070215,1.0672743728606606,0.9440000000000001,0.13659999999999997,0.95,False,0.16087330134578262,0.2893670815348899,0.0,0.0,0.13992904303770304,0.19132655511334598,0.12060376078745726
49,clustered_ranges,clustered_ranges,coherent_local,873.4206474860966,1.1669355564902162,0.92,0.14499999999999996,0.95,False,0.0,0.0,0.13333333333333341,0.13333333333333314,0.03333333333333331,0.033333333333333326,0.05999999999999997
49,clustered_ranges,clustered_ranges,guarded_fallback,1252.2912090463271,0.8225246335167987,0.764,0.1996,0.95,True,1.0,1.0,1.0,1.0,1.0,1.0,1.0
49,clustered_ranges,clustered_ranges,hybrid,1031.5478255960008,0.9972220294437325,0.842,0.1723,0.95,False,0.41736464680369767,0.4927646474777533,0.5666666666666671,0.566666666666667,0.46600015187054833,0.4961601521401706,0.5034005559105478
50,low_entropy_repeating,low_entropy_repeating,scalar,1640.8858383194963,0.6234247152981286,0.07999999999999999,0.9395,0.95,False,0.7480313855313862,0.8414130775021138,0.8000000000000002,0.800000000000001,0.7750307929441489,0.8123834697324399,0.7947626850349446
50,low_entropy_repeating,low_entropy_repeating,simd,1407.1726665697506,0.7461575000519193,0.17600000000000002,0.9058999999999999,0.95,False,0.36685823047971156,0.5084956152077831,0.0,0.0,0.2963892805689944,0.35304423446022304,0.23718137294585923
50,low_entropy_repeating,low_entropy_repeating,coherent_local,1795.3783131656467,0.5649603304936713,0.056,0.9479,0.95,True,1.0,1.0,1.0,1.0,1.0,1.0,1.0
50,low_entropy_repeating,low_entropy_repeating,guarded_fallback,1182.236572588292,0.9336186276823096,0.11599999999999999,0.9269,0.95,False,0.0,0.0,0.5000000000000002,0.5,0.12500000000000003,0.12500000000000003,0.22500000000000003
50,low_entropy_repeating,low_entropy_repeating,hybrid,1494.4812484663025,0.7025754173823922,0.128,0.9226999999999999,0.95,False,0.5092536606364306,0.6267137131100436,0.4,0.3999999999999979,0.49955925334836465,0.54654327433781,0.48945452646843957
51,sequential_ids,sequential_ids,scalar,1365.7410859152503,0.7313715529057147,0.264,0.6151,0.95,True,0.7408782357458832,0.8278145275439075,0.7142857142857141,0.7142857142857154,0.7472705491505448,0.7820450658697544,0.7506456740383135
51,sequential_ids,sequential_ids,simd,1459.456162119649,0.6855001711292704,0.3,0.6025,0.95,True,1.0,1.0,0.2857142857142859,0.2857142857142884,0.8214285714285718,0.8214285714285717,0.6785714285714293
51,sequential_ids,sequential_ids,coherent_local,1292.664956611013,0.7844010260333921,0.24,0.6234999999999999,0.95,True,0.5388230668542083,0.6287600292711808,1.0,1.0,0.6676078445032021,0.7035826294699912,0.7688369273740576
51,sequential_ids,sequential_ids,guarded_fallback,1097.7919210854852,0.9519069772443536,0.324,0.5941,0.95,False,0.0,0.0,0.0,0.0,0.0,0.0,0.0
51,sequential_ids,sequential_ids,hybrid,1371.1271880242305,0.7246426403591403,0.27,0.613,0.95,True,0.7557707838550874,0.8530725629698778,0.6428571428571426,0.6428571428571442,0.74213764047282,0.7810583521187362,0.7292850901847102
52,uniform_32bit,uniform_32bit,scalar,1096.070133224418,0.9533939758516389,0.724,0.1486,0.95,False,0.10415675379164974,0.1301877278192325,0.28571428571428614,0.28571428571428653,0.1534507828764463,0.16386317248747942,0.1923653866637319
52,uniform_32bit,uniform_32bit,simd,1892.4079565347447,0.5321177805455711,0.6040000000000001,0.19059999999999994,0.95,True,1.0,1.0,1.0,1.0,1.0,1.0,1.0
52,uniform_32bit,uniform_32bit,coherent_local,1003.4825483443939,1.0164478006887183,0.772,0.13179999999999997,0.95,False,0.0,0.0,0.0,0.0,0.0,0.0,0.0
52,uniform_32bit,uniform_32bit,guarded_fallback,1190.0041100612577,0.9074969174540567,0.652,0.17379999999999998,0.95,False,0.2098281363073862,0.22495174509822957,0.7142857142857146,0.7142857142857149,0.3382110721205948,0.3442605156369322,0.4406149485953449
52,uniform_32bit,uniform_32bit,hybrid,1661.6705784329922,0.6156146917403302,0.64,0.178,0.95,False,0.7404311138192337,0.8276032710710747,0.785714285714286,0.7857142857142865,0.764827730380773,0.7996965932815093,0.7826015804849676
53,zipfian_smallints,zipfian_smallints,scalar,1218.228884720757,0.807543595440816,0.6359999999999999,0.4004000000000001,0.95,False,0.16866569655922928,0.2998537650336952,0.0,0.0,0.14617748269059183,0.19865271008037821,0.12556315022619258
53,zipfian_smallints,zipfian_smallints,simd,1503.4971598725404,0.668437935256932,0.6,0.41300000000000003,0.95,False,0.8834714446996276,0.8811581892729934,0.4285714285714284,0.42857142857142855,0.7693994523535826,0.7684741501829291,0.6781881235852795
53,zipfian_smallints,zipfian_smallints,coherent_local,1256.5954326574852,0.7957789230992096,0.558,0.42769999999999997,0.95,False,0.26480197034181374,0.349016797457115,0.9285714285714284,0.9285714285714286,0.4433765589665126,0.4770624898126331,0.5845519333239657
53,zipfian_smallints,zipfian_smallints,guarded_fallback,1150.916929745718,0.8792983494119722,0.576,0.4214,0.95,False,0.0,0.0,0.7142857142857149,0.7142857142857143,0.17857142857142863,0.17857142857142866,0.32142857142857156
53,zipfian_smallints,zipfian_smallints,hybrid,1550.0019621393756,0.6399991898263224,0.552,0.42979999999999996,0.95,True,1.0,1.0,1.0,1.0,1.0,1.0,1.0
54,clustered_ranges,clustered_ranges,scalar,890.2589665471716,1.13212217496352,0.932,0.14079999999999998,0.95,False,0.10670483522208535,0.1888228113437025,0.06666666666666676,0.06666666666666679,0.10901298950147328,0.14186017995012015,0.10921715340255128
54,clustered_ranges,clustered_ranges,simd,954.5100432288446,1.0450152153786454,0.9440000000000001,0.13659999999999997,0.95,False,0.27190976335292405,0.42504313364211277,0.0,0.0,0.22690232805807137,0.2881556761737468,0.1878337124164054
54,clustered_ranges,clustered_ranges,coherent_local,848.759595870228,1.2017511587714427,0.92,0.14499999999999996,0.95,False,0.0,0.0,0.13333333333333341,0.13333333333333314,0.03333333333333331,0.033333333333333326,0.05999999999999997
54,clustered_ranges,clustered_ranges,guarded_fallback,1237.6770295607505,0.8329981288147953,0.764,0.1996,0.95,True,1.0,1.0,1.0,1.0,1.0,1.0,1.0
54,clustered_ranges,clustered_ranges,hybrid,1074.780339713985,0.9568716829336139,0.842,0.1723,0.95,False,0.5811535412516659,0.6640744778873224,0.5666666666666671,0.566666666666667,0.5899699631007647,0.6231383377550272,0.5953646818473305
55,low_entropy_repeating,low_entropy_repeating,scalar,1659.5497021757735,0.6164116270612245,0.07999999999999999,0.9395,0.95,False,0.8773436693954989,0.9148295988954213,0.8000000000000002,0.800000000000001,0.8636306414716126,0.8786250132715816,0.8519105005425053
55,low_entropy_repeating,low_entropy_repeating,simd,1383.9757985964097,0.7585843936090662,0.17600000000000002,0.9058999999999999,0.95,False,0.32548797011645614,0.4618831139829791,0.0,0.0,0.26457524916732056,0.31913330671392975,0.2131171695306816
55,low_entropy_repeating,low_entropy_repeating,coherent_local,1720.7991988604351,0.5896779798062557,0.056,0.9479,0.95,True,1.0,1.0,1.0,1.0,1.0,1.0,1.0
55,low_entropy_repeating,low_entropy_repeating,guarded_fallback,1221.4405731555996,0.9035622272473737,0.11599999999999999,0.9269,0.95,False,0.0,0.0,0.5000000000000002,0.5,0.12500000000000003,0.12500000000000003,0.22500000000000003
55,low_entropy_repeating,low_entropy_repeating,hybrid,1505.9118575658106,0.697241133135955,0.128,0.9226999999999999,0.95,False,0.5696733164640643,0.6573158602045575,0.4,0.3999999999999979,0.5404013689091219,0.5754583864053193,0.5152309599903582
56,sequential_ids,sequential_ids,scalar,1359.7229039186802,0.7346704082223531,0.264,0.6151,0.95,True,0.8281691242830116,0.8869742888771168,0.7142857142857141,0.7142857142857154,0.8085190464728031,0.8320411123104452,0.7916228809327543
56,sequential_ids,sequential_ids,simd,1412.0552547833113,0.7080564649651828,0.3,0.6025,0.95,True,1.0,1.0,0.2857142857142859,0.2857142857142884,0.8214285714285718,0.8214285714285717,0.6785714285714293
56,sequential_ids,sequential_ids,coherent_local,1318.0850503903844,0.7691489697657693,0.24,0.6234999999999999,0.95,True,0.6914531404501837,0.7405486390107145,1.0,1.0,0.7759541801217174,0.7955923795459298,0.8425731018877338
56,sequential_ids,sequential_ids,guarded_fallback,1107.4979355805372,0.9435245101804454,0.324,0.5941,0.95,False,0.0,0.0,0.0,0.0,0.0,0.0,0.0
56,sequential_ids,sequential_ids,hybrid,1376.680955627296,0.7218260867890142,0.27,0.613,0.95,True,0.8838501098951983,0.9415223334816268,0.6428571428571426,0.6428571428571442,0.8322527016736488,0.8553215911082203,0.7898213306246807
57,uniform_32bit,uniform_32bit,scalar,1092.2198406770758,0.9567192285061618,0.724,0.1486,0.95,False,0.1008381169219483,0.1271703983193605,0.28571428571428614,0.28571428571428653,0.15100700132964465,0.16153991388860953,0.1906154632278535
57,uniform_32bit,uniform_32bit,simd,1907.5159403241607,0.5279034482253657,0.6040000000000001,0.19059999999999994,0.95,True,1.0,1.0,1.0,1.0,1.0,1.0,1.0
57,uniform_32bit,uniform_32bit,coherent_local,1000.7870019753437,1.0191972579851496,0.772,0.13179999999999997,0.95,False,0.0,0.0,0.0,0.0,0.0,0.0,0.0
57,uniform_32bit,uniform_32bit,guarded_fallback,1194.740918655536,0.9039443110083479,0.652,0.17379999999999998,0.95,False,0.21390506961583103,0.23459067606236306,0.7142857142857146,0.7142857142857149,0.34210307175028176,0.35037731432889463,0.44424776132891175
57,uniform_32bit,uniform_32bit,hybrid,1647.4386653653676,0.6209624408930134,0.64,0.178,0.95,False,0.7131697644586017,0.8105838282123918,0.785714285714286,0.7857142857142865,0.7459180043355914,0.7848836298371074,0.7701683149621074
58,zipfian_smallints,zipfian_smallints,scalar,1195.464407192276,0.8230993217519447,0.6359999999999999,0.4004000000000001,0.95,False,0.20452550551148513,0.33423608680098116,0.0,0.0,0.17285071632703825,0.22473494884283668,0.14491667335369082
58,zipfian_smallints,zipfian_smallints,simd,1503.4326565223057,0.6684667467533701,0.6,0.41300000000000003,0.95,False,0.9064185025881617,0.9035626172281508,0.4285714285714284,0.42857142857142855,0.7865283512799767,0.7853859971359725,0.690673347940629
58,zipfian_smallints,zipfian_smallints,coherent_local,1277.5904744936217,0.7823420963240821,0.558,0.42769999999999997,0.95,False,0.391699708182259,0.48429612261747645,0.9285714285714284,0.9285714285714286,0.539807100444834,0.576845666218921,0.6564410859661897
58,zipfian_smallints,zipfian_smallints,guarded_fallback,1105.7251418939352,0.9138798914202931,0.576,0.4214,0.95,False,0.0,0.0,0.7142857142857149,0.7142857142857143,0.17857142857142863,0.17857142857142866,0.32142857142857156
58,zipfian_smallints,zipfian_smallints,hybrid,1544.4932313501497,0.6422737625392929,0.552,0.42979999999999996,0.95,True,1.0,1.0,1.0,1.0,1.0,1.0,1.0
59,clustered_ranges,clustered_ranges,scalar,902.382917688528,1.117034591320943,0.932,0.14079999999999998,0.95,False,0.17679087076042327,0.27670002719214004,0.06666666666666676,0.06666666666666679,0.16424619320174164,0.20420985577442838,0.15221226802616203
59,clustered_ranges,clustered_ranges,simd,954.2179143530412,1.0453380946624282,0.9440000000000001,0.13659999999999997,0.95,False,0.3372106815626718,0.4979631443718082,0.0,0.0,0.2770208805933743,0.34132186571702894,0.22565399056175361
59,clustered_ranges,clustered_ranges,coherent_local,845.2580890881536,1.2066944624637832,0.92,0.14499999999999996,0.95,False,0.0,0.0,0.13333333333333341,0.13333333333333314,0.03333333333333331,0.033333333333333326,0.05999999999999997
59,clustered_ranges,clustered_ranges,guarded_fallback,1168.3790079153855,0.8826617109939737,0.764,0.1996,0.95,True,1.0,1.0,1.0,1.0,1.0,1.0,1.0
59,clustered_ranges,clustered_ranges,hybrid,1055.1659288684973,0.9751784663894025,0.842,0.1723,0.95,False,0.6496262778101916,0.7144833200478233,0.5666666666666671,0.566666666666667,0.6386149313599552,0.664557748255008,0.6285087133550135
60,low_entropy_repeating,low_entropy_repeating,scalar,1692.7519178005637,0.6039356430082731,0.07999999999999999,0.9395,0.95,False,0.8618646812619003,0.910663143387317,0.8000000000000002,0.800000000000001,0.8537182802652379,0.8732376651154045,0.8462251902253997
60,low_entropy_repeating,low_entropy_repeating,simd,1367.7889104967612,0.7672559408053066,0.17600000000000002,0.9058999999999999,0.95,False,0.30021722278405805,0.44674954000122136,0.0,0.0,0.24714276467061802,0.3057556915574834,0.20175255183552276
60,low_entropy_repeating,low_entropy_repeating,coherent_local,1772.6754853595774,0.5724846962808257,0.056,0.9479,0.95,True,1.0,1.0,1.0,1.0,1.0,1.0,1.0
60,low_entropy_repeating,low_entropy_repeating,guarded_fallback,1194.086545983788,0.924533648079096,0.11599999999999999,0.9269,0.95,False,0.0,0.0,0.5000000000000002,0.5,0.12500000000000003,0.12500000000000003,0.22500000000000003
60,low_entropy_repeating,low_entropy_repeating,hybrid,1498.6202022188509,0.7006439056312028,0.128,0.9226999999999999,0.95,False,0.5263385376215608,0.6359619629720856,0.4,0.3999999999999979,0.511197417018749,0.555046787158959,0.49689205202948916
61,sequential_ids,sequential_ids,scalar,1328.678805158245,0.7516871734688139,0.264,0.6151,0.95,True,0.6576321088780112,0.7595954985617459,0.7142857142857141,0.7142857142857154,0.6870900186824973,0.7278753745559912,0.7086170787324114
61,sequential_ids,sequential_ids,simd,1442.7255782512595,0.6934616213838832,0.3,0.6025,0.95,True,1.0,0.9923615095502892,0.2857142857142859,0.2857142857142884,0.8202827978611151,0.8172274016812308,0.6766618059590015
61,sequential_ids,sequential_ids,coherent_local,1325.3508695966298,0.7647894782420221,0.24,0.6234999999999999,0.95,True,0.6476416615455748,0.7072169275115772,1.0,1.0,0.7446675360540814,0.7684976424404825,0.8210967303415668
61,sequential_ids,sequential_ids,guarded_fallback,1109.6138114927974,0.9416971628016751,0.324,0.5941,0.95,False,0.0,0.0,0.0,0.0,0.0,0.0,0.0
61,sequential_ids,sequential_ids,hybrid,1436.3785437136087,0.6915508814023841,0.27,0.613,0.95,True,0.9809462313522744,1.0,0.6428571428571426,0.6428571428571442,0.8992820245256505,0.9069035319847407,0.8335695836913969
62,uniform_32bit,uniform_32bit,scalar,1119.427296168132,0.9332218805820678,0.724,0.1486,0.95,False,0.10522678078017775,0.12873783555568252,0.28571428571428614,0.28571428571428653,0.15387531523003062,0.16327973714023253,0.19232392169440282
62,uniform_32bit,uniform_32bit,simd,1912.513970349493,0.5265092609025098,0.6040000000000001,0.19059999999999994,0.95,True,1.0,1.0,1.0,1.0,1.0,1.0,1.0
62,uniform_32bit,uniform_32bit,coherent_local,1026.1590178925169,0.9933178017496328,0.772,0.13179999999999997,0.95,False,0.0,0.0,0.0,0.0,0.0,0.0,0.0
62,uniform_32bit,uniform_32bit,guarded_fallback,1207.9018768572894,0.894073592357033,0.652,0.17379999999999998,0.95,False,0.20504523437363467,0.21260152869632631,0.7142857142857146,0.7142857142857149,0.3334887985000584,0.3365113162291351,0.4360925239147436
62,uniform_32bit,uniform_32bit,hybrid,1670.4927073757272,0.6122997099557874,0.64,0.178,0.95,False,0.7269476948226182,0.8162191957807956,0.785714285714286,0.7857142857142865,0.7550300676892618,0.7907386680725328,0.7757105359634132
63,zipfian_smallints,zipfian_smallints,scalar,1194.6617228363752,0.8236478227284768,0.6359999999999999,0.4004000000000001,0.95,False,0.0776054915019075,0.20076296016485728,0.0,0.0,0.0766777389258731,0.12594072639105303,0.07347238749178657
63,zipfian_smallints,zipfian_smallints,simd,1501.4972808568323,0.6693312145506151,0.6,0.41300000000000003,0.95,False,0.9406325332967648,0.9164316066664308,0.4285714285714284,0.42857142857142855,0.8089871181208805,0.799306747468747,0.7041548045127798
63,zipfian_smallints,zipfian_smallints,coherent_local,1236.9233033131197,0.8083690858796033,0.558,0.42769999999999997,0.95,False,0.1964733535441171,0.2716206147621132,0.9285714285714284,0.9285714285714286,0.3907699614836444,0.4208288659708428,0.5447043026109062
63,zipfian_smallints,zipfian_smallints,guarded_fallback,1167.0703228717612,0.866937492063348,0.576,0.4214,0.95,False,0.0,0.0,0.7142857142857149,0.7142857142857143,0.17857142857142863,0.17857142857142866,0.32142857142857156
63,zipfian_smallints,zipfian_smallints,hybrid,1522.6044407625795,0.6513117147819026,0.552,0.42979999999999996,0.95,True,1.0,1.0,1.0,1.0,1.0,1.0,1.0
64,clustered_ranges,clustered_ranges,scalar,910.5617296226384,1.1068565142473834,0.932,0.14079999999999998,0.95,False,0.13089688391326326,0.21929462271496458,0.06666666666666676,0.06666666666666679,0.12809899042186934,0.16345808594254987,0.12409272085272016
64,clustered_ranges,clustered_ranges,simd,947.2832224305514,1.0530027541557063,0.9440000000000001,0.13659999999999997,0.95,False,0.23624216101379006,0.3831812432432581,0.0,0.0,0.19922248309476276,0.25799811598655,0.16666795911495152
64,clustered_ranges,clustered_ranges,coherent_local,864.9334004417084,1.178917552317588,0.92,0.14499999999999996,0.95,False,0.0,0.0,0.13333333333333341,0.13333333333333314,0.03333333333333331,0.033333333333333326,0.05999999999999997
64,clustered_ranges,clustered_ranges,guarded_fallback,1213.5156417971625,0.8503137900453668,0.764,0.1996,0.95,True,1.0,1.0,1.0,1.0,1.0,1.0,1.0
64,clustered_ranges,clustered_ranges,hybrid,1078.675176982937,0.953236501482592,0.842,0.1723,0.95,False,0.6131746003757925,0.6867877874387751,0.5666666666666671,0.566666666666667,0.6125895950079586,0.6420348698331517,0.6106493269724317
65,low_entropy_repeating,low_entropy_repeating,scalar,1668.0866736056814,0.6132037953724105,0.07999999999999999,0.9395,0.95,False,0.8592124187891563,0.9082617844372767,0.8000000000000002,0.800000000000001,0.8517667189390854,0.8713864651983335,0.8448291717460664
65,low_entropy_repeating,low_entropy_repeating,simd,1366.9871546312818,0.7676854528760989,0.17600000000000002,0.9058999999999999,0.95,False,0.3303539953748682,0.4738256830570209,0.0,0.0,0.26928624968347403,0.32667492475633514,0.21756261937671567
65,low_entropy_repeating,low_entropy_repeating,coherent_local,1748.2424792114223,0.5805824926042142,0.056,0.9479,0.95,True,1.0,1.0,1.0,1.0,1.0,1.0,1.0
65,low_entropy_repeating,low_entropy_repeating,guarded_fallback,1178.9038705332932,0.9361736992578085,0.11599999999999999,0.9269,0.95,False,0.0,0.0,0.5000000000000002,0.5,0.12500000000000003,0.12500000000000003,0.22500000000000003
65,low_entropy_repeating,low_entropy_repeating,hybrid,1488.3387035467588,0.7054419383448458,0.128,0.9226999999999999,0.95,False,0.5434987690926157,0.6488680164066438,0.4,0.3999999999999979,0.5234294639165658,0.5655771628421771,0.5052666348294452
66,sequential_ids,sequential_ids,scalar,1380.6023757738535,0.7232253643906285,0.264,0.6151,0.95,True,0.7812254799314622,0.8583003131724601,0.7142857142857141,0.7142857142857154,0.7760517635061751,0.8068816968025742,0.7703712937011253
66,sequential_ids,sequential_ids,simd,1463.8663603870248,0.6834015250572087,0.3,0.6025,0.95,True,1.0,1.0,0.2857142857142859,0.2857142857142884,0.8214285714285718,0.8214285714285717,0.6785714285714293
66,sequential_ids,sequential_ids,coherent_local,1286.3708566427144,0.7881774860143713,0.24,0.6234999999999999,0.95,True,0.5336339736034899,0.6271901176985395,1.0,1.0,0.6642589018168749,0.7016813594548947,0.7668877215056817
66,sequential_ids,sequential_ids,guarded_fallback,1083.2736634537334,0.9644454724717757,0.324,0.5941,0.95,False,0.0,0.0,0.0,0.0,0.0,0.0,0.0
66,sequential_ids,sequential_ids,hybrid,1400.6884239504013,0.7096508707108677,0.27,0.613,0.95,True,0.8340011856620123,0.906600565871861,0.6428571428571426,0.6428571428571442,0.7971050819922724,0.8261448340762119,0.7661362114522835
67,uniform_32bit,uniform_32bit,scalar,1079.9267575352114,0.9673359821286811,0.724,0.1486,0.95,False,0.08587910474378638,0.0997941280514607,0.28571428571428614,0.28571428571428653,0.13792515348256254,0.14349116280563226,0.17928369200742994
67,uniform_32bit,uniform_32bit,simd,1880.8725020941974,0.5353355652053029,0.6040000000000001,0.19059999999999994,0.95,True,1.0,1.0,1.0,1.0,1.0,1.0,1.0
67,uniform_32bit,uniform_32bit,coherent_local,1004.6801420732687,1.015226255085266,0.772,0.13179999999999997,0.95,False,0.0,0.0,0.0,0.0,0.0,0.0,0.0
67,uniform_32bit,uniform_32bit,guarded_fallback,1220.7956166499205,0.8844032875125596,0.652,0.17379999999999998,0.95,False,0.24665300045698826,0.27260993041025583,0.7142857142857146,0.7142857142857149,0.36745471840716,0.3778374903884671,0.4635769541682321
67,uniform_32bit,uniform_32bit,hybrid,1665.0668464375551,0.6143385183083128,0.64,0.178,0.95,False,0.7537005964632154,0.8353730239634964,0.785714285714286,0.7857142857142865,0.7739548829010253,0.8066238539011377,0.7885248635012676
68,zipfian_smallints,zipfian_smallints,scalar,1158.7567888452343,0.8481828609557566,0.6359999999999999,0.4004000000000001,0.95,False,0.0037570664624090528,0.10539311723590628,0.0,0.0,0.01806320746283137,0.05871762777223027,0.027475399247699286
68,zipfian_smallints,zipfian_smallints,simd,1506.848251403181,0.6669411143732459,0.6,0.41300000000000003,0.95,False,0.8124497348216839,0.8302085847283902,0.4285714285714284,0.42857142857142855,0.719143985745126,0.7262475257078086,0.6441442094857456
68,zipfian_smallints,zipfian_smallints,coherent_local,1251.3506294981107,0.7991355971212091,0.558,0.42769999999999997,0.95,False,0.21887282805263455,0.3015411688619727,0.9285714285714284,0.9285714285714286,0.40869772930373377,0.44176506562746903,0.5589042834884264
68,zipfian_smallints,zipfian_smallints,guarded_fallback,1157.1396074226789,0.8745366482330804,0.576,0.4214,0.95,False,0.0,0.0,0.7142857142857149,0.7142857142857143,0.17857142857142863,0.17857142857142866,0.32142857142857156
68,zipfian_smallints,zipfian_smallints,hybrid,1587.5768750983905,0.6244843870561484,0.552,0.42979999999999996,0.95,True,1.0,1.0,1.0,1.0,1.0,1.0,1.0
69,clustered_ranges,clustered_ranges,scalar,872.146283263136,1.1546624030503199,0.932,0.14079999999999998,0.95,False,0.04653616511343205,0.11231601994120188,0.06666666666666676,0.06666666666666679,0.0614357687259062,0.08774771065701414,0.07203985451933015
69,clustered_ranges,clustered_ranges,simd,941.5767761910267,1.0593098789467599,0.9440000000000001,0.13659999999999997,0.95,False,0.2676543245576227,0.4209390744731468,0.0,0.0,0.22373345590554566,0.28504735587175534,0.1855310659855735
69,clustered_ranges,clustered_ranges,coherent_local,857.5340556156152,1.1893636861897194,0.92,0.14499999999999996,0.95,False,0.0,0.0,0.13333333333333341,0.13333333333333314,0.03333333333333331,0.033333333333333326,0.05999999999999997
69,clustered_ranges,clustered_ranges,guarded_fallback,1171.531300809829,0.8804025677529559,0.764,0.1996,0.95,True,1.0,1.0,1.0,1.0,1.0,1.0,1.0
69,clustered_ranges,clustered_ranges,hybrid,1073.2461975068427,0.9583035489936134,0.842,0.1723,0.95,False,0.686987370726151,0.7478615379345805,0.5666666666666671,0.566666666666667,0.6660383197925445,0.6903879866759164,0.6480615957014906
70,low_entropy_repeating,low_entropy_repeating,scalar,1659.1168261643413,0.6165742835018839,0.07999999999999999,0.9395,0.95,False,0.854148712388194,0.902387908175476,0.8000000000000002,0.800000000000001,0.847847413659238,0.8671430919741507,0.8418415907603275
70,low_entropy_repeating,low_entropy_repeating,simd,1417.7782637027115,0.7404759301592616,0.17600000000000002,0.9058999999999999,0.95,False,0.39036161949411013,0.5197425849817002,0.0,0.0,0.3121783594437211,0.36393074563875716,0.2470441320936581
70,low_entropy_repeating,low_entropy_repeating,coherent_local,1735.0127288850529,0.5849672098552396,0.056,0.9479,0.95,True,1.0,1.0,1.0,1.0,1.0,1.0,1.0
70,low_entropy_repeating,low_entropy_repeating,guarded_fallback,1214.6477464193918,0.9087700610784664,0.11599999999999999,0.9269,0.95,False,0.0,0.0,0.5000000000000002,0.5,0.12500000000000003,0.12500000000000003,0.22500000000000003
70,low_entropy_repeating,low_entropy_repeating,hybrid,1524.0406100097534,0.6887810486621151,0.128,0.9226999999999999,0.95,False,0.5945689545141107,0.6793918323612687,0.4,0.3999999999999979,0.5586501475626565,0.5925792987015197,0.5282186444445499
71,sequential_ids,sequential_ids,scalar,1354.7157799077777,0.7374150539764774,0.264,0.6151,0.95,True,0.7282138110968144,0.8185806589503914,0.7142857142857141,0.7142857142857154,0.7382868140720761,0.7744335532135068,0.7445378794952138
71,sequential_ids,sequential_ids,simd,1455.0982194161966,0.6875739507605684,0.3,0.6025,0.95,True,1.0,1.0,0.2857142857142859,0.2857142857142884,0.8214285714285718,0.8214285714285717,0.6785714285714293
71,sequential_ids,sequential_ids,coherent_local,1305.2716931659938,0.7768369841004039,0.24,0.6234999999999999,0.95,True,0.5943435847389371,0.6750866324436989,1.0,1.0,0.7078691457099171,0.7401663647918219,0.7970747335326058
71,sequential_ids,sequential_ids,guarded_fallback,1085.7548031318001,0.962302670022536,0.324,0.5941,0.95,False,0.0,0.0,0.0,0.0,0.0,0.0,0.0
71,sequential_ids,sequential_ids,hybrid,1396.9018977149526,0.7115711804445598,0.27,0.613,0.95,True,0.8424330334984705,0.9126511791397067,0.6428571428571426,0.6428571428571442,0.8030717826843242,0.8311590409408187,0.7701784191201824
72,uniform_32bit,uniform_32bit,scalar,1097.483378214536,0.9521734460874461,0.724,0.1486,0.95,False,0.09206754244462576,0.10995116533904847,0.28571428571428614,0.28571428571428653,0.1431617716962043,0.15031522085397342,0.18367948263957873
72,uniform_32bit,uniform_32bit,simd,1910.9267251340746,0.5269520187783897,0.6040000000000001,0.19059999999999994,0.95,True,1.0,1.0,1.0,1.0,1.0,1.0,1.0
72,uniform_32bit,uniform_32bit,coherent_local,1014.9973637036544,1.0047026890222726,0.772,0.13179999999999997,0.95,False,0.0,0.0,0.0,0.0,0.0,0.0,0.0
72,uniform_32bit,uniform_32bit,guarded_fallback,1180.9463505243887,0.9142902371067085,0.652,0.17379999999999998,0.95,False,0.18522552554342447,0.18924610167351552,0.7142857142857146,0.7142857142857149,0.3180936591485107,0.31970188960054713,0.4243077545099779
72,uniform_32bit,uniform_32bit,hybrid,1646.9060264995903,0.6211625839819721,0.64,0.178,0.95,False,0.7053108090877221,0.8028039078302294,0.785714285714286,0.7857142857142865,0.7400356430557393,0.7790328825527421,0.7658656482553028
73,zipfian_smallints,zipfian_smallints,scalar,1226.6661998578616,0.8017780967637946,0.6359999999999999,0.4004000000000001,0.95,False,0.17584475365307875,0.3078259398232356,0.0,0.0,0.1516807431653326,0.20447321763339532,0.12970991105173252
73,zipfian_smallints,zipfian_smallints,simd,1483.2692648517173,0.6774730616995662,0.6,0.41300000000000003,0.95,False,0.792468304704659,0.8142928364479083,0.4285714285714284,0.42857142857142855,0.7047677654328387,0.7134975781301385,0.6341708433805175
73,zipfian_smallints,zipfian_smallints,coherent_local,1234.5828121758066,0.8098670002074839,0.558,0.42769999999999997,0.95,False,0.1948685700673793,0.27486861173024935,0.9285714285714284,0.9285714285714286,0.3902942909428221,0.42229430760797015,0.545034866809919
73,zipfian_smallints,zipfian_smallints,guarded_fallback,1153.4897818090883,0.8773295582678283,0.576,0.4214,0.95,False,0.0,0.0,0.7142857142857149,0.7142857142857143,0.17857142857142863,0.17857142857142866,0.32142857142857156
73,zipfian_smallints,zipfian_smallints,hybrid,1569.6319556787837,0.6318939021713409,0.552,0.42979999999999996,0.95,True,1.0,1.0,1.0,1.0,1.0,1.0,1.0
74,clustered_ranges,clustered_ranges,scalar,900.1542517500689,1.119808042266581,0.932,0.14079999999999998,0.95,False,0.11074804313396033,0.19309029685222534,0.06666666666666676,0.06666666666666679,0.1120790370748767,0.1450159385621827,0.11149698715324449
74,clustered_ranges,clustered_ranges,simd,968.937688413727,1.0290688707006175,0.9440000000000001,0.13659999999999997,0.95,False,0.3049261227672887,0.463600469948116,0.0,0.0,0.25249574415259063,0.31596548302492156,0.20737795431721562
74,clustered_ranges,clustered_ranges,coherent_local,860.9241232777232,1.1845777083138025,0.92,0.14499999999999996,0.95,False,0.0,0.0,0.13333333333333341,0.13333333333333314,0.03333333333333331,0.033333333333333326,0.05999999999999997
74,clustered_ranges,clustered_ranges,guarded_fallback,1215.152761204021,0.8491405211371181,0.764,0.1996,0.95,True,1.0,1.0,1.0,1.0,1.0,1.0,1.0
74,clustered_ranges,clustered_ranges,hybrid,1058.7273348958543,0.9718544874305358,0.842,0.1723,0.95,False,0.5584054772536113,0.6341670781159373,0.5666666666666671,0.566666666666667,0.5718350147362241,0.6021396550811546,0.5810634127050679
75,low_entropy_repeating,low_entropy_repeating,scalar,1707.6094142335655,0.5983528261667814,0.07999999999999999,0.9395,0.95,True,1.0,0.9969304655218109,0.8000000000000002,0.800000000000001,0.9495395698282718,0.9483117560369961,0.909232616380453
75,low_entropy_repeating,low_entropy_repeating,simd,1395.691604533813,0.752308068999743,0.17600000000000002,0.9058999999999999,0.95,False,0.348451189426853,0.4844819355554759,0.0,0.0,0.2817430039894332,0.3361553024408824,0.22565584071692488
75,low_entropy_repeating,low_entropy_repeating,coherent_local,1697.407539833254,0.5974306439409786,0.056,0.9479,0.95,True,0.978689837757139,1.0,1.0,1.0,0.9872139026542834,0.9957379675514278,0.9936069513271417
75,low_entropy_repeating,low_entropy_repeating,guarded_fallback,1228.8765785073085,0.8978612898110635,0.11599999999999999,0.9269,0.95,False,0.0,0.0,0.5000000000000002,0.5,0.12500000000000003,0.12500000000000003,0.22500000000000003
75,low_entropy_repeating,low_entropy_repeating,hybrid,1489.7017628034714,0.7048058440250466,0.128,0.9226999999999999,0.95,False,0.5448240956785021,0.6425957153169377,0.4,0.3999999999999979,0.5232838147046417,0.5623924625600161,0.5040961575327846
76,sequential_ids,sequential_ids,scalar,1352.1845789979466,0.7388025270677924,0.264,0.6151,0.95,True,0.683570275704751,0.7860035874115535,0.7142857142857141,0.7142857142857154,0.7066141321060123,0.7475874567887333,0.7230005509928853
76,sequential_ids,sequential_ids,simd,1478.4827273957167,0.6764461504116935,0.3,0.6025,0.95,True,1.0,1.0,0.2857142857142859,0.2857142857142884,0.8214285714285718,0.8214285714285717,0.6785714285714293
76,sequential_ids,sequential_ids,coherent_local,1268.755938949351,0.7987464366303895,0.24,0.6234999999999999,0.95,True,0.47454661301603707,0.5802863490019445,1.0,1.0,0.621770920159914,0.664066814554277,0.7374355711552973
76,sequential_ids,sequential_ids,guarded_fallback,1079.3478209672487,0.9678359728010124,0.324,0.5941,0.95,False,0.0,0.0,0.0,0.0,0.0,0.0,0.0
76,sequential_ids,sequential_ids,hybrid,1366.373163320504,0.7270536100303158,0.27,0.613,0.95,True,0.7191186181173944,0.8263238598944378,0.6428571428571426,0.6428571428571442,0.7161340355688882,0.7590161322797055,0.7116022646945424
77,uniform_32bit,uniform_32bit,scalar,1086.8967512145805,0.9613164421328622,0.724,0.1486,0.95,False,0.08736247570193853,0.1043585766691505,0.28571428571428614,0.28571428571428653,0.1394998433501073,0.14629828373699208,0.18086981544929803
77,uniform_32bit,uniform_32bit,simd,1912.5296432714842,0.526504888982165,0.6040000000000001,0.19059999999999994,0.95,True,1.0,1.0,1.0,1.0,1.0,1.0,1.0
77,uniform_32bit,uniform_32bit,coherent_local,1007.8628176421915,1.0119799260049647,0.772,0.13179999999999997,0.95,False,0.0,0.0,0.0,0.0,0.0,0.0,0.0
77,uniform_32bit,uniform_32bit,guarded_fallback,1204.972935227914,0.8962702985790645,0.652,0.17379999999999998,0.95,False,0.21788144762422473,0.2383431043859543,0.7142857142857146,0.7142857142857149,0.34505176280385663,0.35323642550854856,0.44637878181232765
77,uniform_32bit,uniform_32bit,hybrid,1615.034044373664,0.633138722720199,0.64,0.178,0.95,False,0.6711545173651304,0.7803515616539803,0.785714285714286,0.7857142857142865,0.7161740160957469,0.7598528338112869,0.7500056741944631
78,zipfian_smallints,zipfian_smallints,scalar,1158.4181381406124,0.8484142722705814,0.6359999999999999,0.4004000000000001,0.95,False,0.0012089578684639007,0.10604279676070072,0.0,0.0,0.016631794235183447,0.05856532979207818,0.02687338655071435
78,zipfian_smallints,zipfian_smallints,simd,1501.2229556712837,0.6694537464668268,0.6,0.41300000000000003,0.95,False,0.8406021033772606,0.8496207668561825,0.4285714285714284,0.42857142857142855,0.7389472341976407,0.7425546995892096,0.6574429655843667
78,zipfian_smallints,zipfian_smallints,coherent_local,1241.1541993692813,0.80566131240366,0.558,0.42769999999999997,0.95,False,0.20379678373974744,0.28368062482720746,0.9285714285714284,0.9285714285714286,0.3969730211107867,0.4289265575457707,0.5499163341858689
78,zipfian_smallints,zipfian_smallints,guarded_fallback,1157.9244045621117,0.8739361078133407,0.576,0.4214,0.95,False,0.0,0.0,0.7142857142857149,0.7142857142857143,0.17857142857142863,0.17857142857142866,0.32142857142857156
78,zipfian_smallints,zipfian_smallints,hybrid,1566.3204218096444,0.6332612451882759,0.552,0.42979999999999996,0.95,True,1.0,1.0,1.0,1.0,1.0,1.0,1.0
79,clustered_ranges,clustered_ranges,scalar,901.8662593327923,1.1176775439414144,0.932,0.14079999999999998,0.95,False,0.1372440974400483,0.22817013844472545,0.06666666666666676,0.06666666666666679,0.1332386458974045,0.16960906229927536,0.1282157638431959
79,clustered_ranges,clustered_ranges,simd,960.8318964666058,1.0380279039053304,0.9440000000000001,0.13659999999999997,0.95,False,0.30259054135802976,0.4605799550580423,0.0,0.0,0.2506413180735242,0.31383708355352924,0.20592215117191948
79,clustered_ranges,clustered_ranges,coherent_local,852.9224450199672,1.1958741952659286,0.92,0.14499999999999996,0.95,False,0.0,0.0,0.13333333333333341,0.13333333333333314,0.03333333333333331,0.033333333333333326,0.05999999999999997
79,clustered_ranges,clustered_ranges,guarded_fallback,1209.5411647008264,0.8531621652977411,0.764,0.1996,0.95,True,1.0,1.0,1.0,1.0,1.0,1.0,1.0
79,clustered_ranges,clustered_ranges,hybrid,1038.9013961097994,0.9903586969641872,0.842,0.1723,0.95,False,0.5215064179924884,0.5996740129630657,0.5666666666666671,0.566666666666667,0.5445216194066196,0.5757886573948505,0.561370428638513
80,low_entropy_repeating,low_entropy_repeating,scalar,1645.5546175076715,0.6216703861486326,0.07999999999999999,0.9395,0.95,False,0.782270052729521,0.8615631626728544,0.8000000000000002,0.800000000000001,0.7985965060386409,0.8303137500159742,0.8100718064870702
80,low_entropy_repeating,low_entropy_repeating,simd,1404.132298029796,0.7477862689126092,0.17600000000000002,0.9058999999999999,0.95,False,0.36503641586353175,0.5038609005690967,0.0,0.0,0.29460098460348355,0.3501307784857096,0.2354761499013337
80,low_entropy_repeating,low_entropy_repeating,coherent_local,1771.5388724797074,0.5728614022638684,0.056,0.9479,0.95,True,1.0,1.0,1.0,1.0,1.0,1.0,1.0
80,low_entropy_repeating,low_entropy_repeating,guarded_fallback,1192.9126588999577,0.9254336281766992,0.11599999999999999,0.9269,0.95,False,0.0,0.0,0.5000000000000002,0.5,0.12500000000000003,0.12500000000000003,0.22500000000000003
80,low_entropy_repeating,low_entropy_repeating,hybrid,1511.7262632539725,0.6945277438148129,0.128,0.9226999999999999,0.95,False,0.5509836866560731,0.654917964011649,0.4,0.3999999999999979,0.5288279065953909,0.5704016175376214,0.5090245969997337
81,sequential_ids,sequential_ids,scalar,1344.6167644637135,0.7429508105902607,0.264,0.6151,0.95,True,0.7296374827105748,0.819857128927874,0.7142857142857141,0.7142857142857154,0.7393324875369547,0.7754203460238743,0.7452840984737126
81,sequential_ids,sequential_ids,simd,1447.443457860613,0.6912165614318461,0.3,0.6025,0.95,True,1.0,1.0,0.2857142857142859,0.2857142857142884,0.8214285714285718,0.8214285714285717,0.6785714285714293
81,sequential_ids,sequential_ids,coherent_local,1316.1756213194694,0.7702946272083184,0.24,0.6234999999999999,0.95,True,0.654857104181953,0.7246437313860747,1.0,1.0,0.751610822217083,0.7795254730987318,0.8276180641011046
81,sequential_ids,sequential_ids,guarded_fallback,1067.1145038776065,0.9784011102875216,0.324,0.5941,0.95,False,0.0,0.0,0.0,0.0,0.0,0.0,0.0
81,sequential_ids,sequential_ids,hybrid,1372.77408111043,0.7238074302939962,0.27,0.613,0.95,True,0.8036715954223159,0.8865159389945848,0.6428571428571426,0.6428571428571442,0.7758946338168632,0.8090323712457707,0.7520161776610556
82,uniform_32bit,uniform_32bit,scalar,1075.5439409421936,0.9711211419135601,0.724,0.1486,0.95,False,0.1016017203188431,0.12298299112134847,0.28571428571428614,0.28571428571428653,0.15083705228807973,0.15938956060908188,0.1897976924474189
82,uniform_32bit,uniform_32bit,simd,1833.4919405843234,0.548552248152794,0.6040000000000001,0.19059999999999994,0.95,True,1.0,1.0,1.0,1.0,1.0,1.0,1.0
82,uniform_32bit,uniform_32bit,coherent_local,989.8260333976724,1.0303774459343742,0.772,0.13179999999999997,0.95,False,0.0,0.0,0.0,0.0,0.0,0.0,0.0
82,uniform_32bit,uniform_32bit,guarded_fallback,1213.4898101950994,0.8898826423536755,0.652,0.17379999999999998,0.95,False,0.2651094170004715,0.29158874261363854,0.7142857142857146,0.7142857142857149,0.3813753901637574,0.3919671204090242,0.47385858218212273
82,uniform_32bit,uniform_32bit,hybrid,1642.9491193570311,0.6226494218173579,0.64,0.178,0.95,False,0.7741489615685786,0.8462156524695633,0.785714285714286,0.7857142857142865,0.7878502962401532,0.8166769726005471,0.7973700301593932
83,zipfian_smallints,zipfian_smallints,scalar,1203.5602214749536,0.8175671819921152,0.6359999999999999,0.4004000000000001,0.95,False,0.1265483468876905,0.24948279271593643,0.0,0.0,0.11335142704000475,0.16252520537130316,0.10033520224529126
83,zipfian_smallints,zipfian_smallints,simd,1524.5073936759927,0.6590533641580566,0.6,0.41300000000000003,0.95,False,0.8683423073948162,0.873781412158917,0.4285714285714284,0.42857142857142855,0.7592154534035843,0.7613910953092248,0.671805188115317
83,zipfian_smallints,zipfian_smallints,coherent_local,1274.8941149800191,0.7840677664127877,0.558,0.42769999999999997,0.95,False,0.2914198770483317,0.3814185392904995,0.9285714285714284,0.9285714285714286,0.4642075642654311,0.5002070291622982,0.6006377407942672
83,zipfian_smallints,zipfian_smallints,guarded_fallback,1148.807370625974,0.880912620738385,0.576,0.4214,0.95,False,0.0,0.0,0.7142857142857149,0.7142857142857143,0.17857142857142863,0.17857142857142866,0.32142857142857156
83,zipfian_smallints,zipfian_smallints,hybrid,1581.4708719324883,0.6270055754601338,0.552,0.42979999999999996,0.95,True,1.0,1.0,1.0,1.0,1.0,1.0,1.0
84,clustered_ranges,clustered_ranges,scalar,901.2437098888604,1.118452272138307,0.932,0.14079999999999998,0.95,False,0.17774907533974016,0.2781871375959978,0.06666666666666676,0.06666666666666679,0.16504418250991046,0.20521940741241354,0.15287150700092153
84,clustered_ranges,clustered_ranges,simd,938.0670753104587,1.0631890220252826,0.9440000000000001,0.13659999999999997,0.95,False,0.2890217993670578,0.4448433576244165,0.0,0.0,0.24013958326389714,0.3024682065668407,0.19791737921622146
84,clustered_ranges,clustered_ranges,coherent_local,842.4213955094662,1.2106992063395772,0.92,0.14499999999999996,0.95,False,0.0,0.0,0.13333333333333341,0.13333333333333314,0.03333333333333331,0.033333333333333326,0.05999999999999997
84,clustered_ranges,clustered_ranges,guarded_fallback,1173.3503427738297,0.8790989210120886,0.764,0.1996,0.95,True,1.0,1.0,1.0,1.0,1.0,1.0,1.0
84,clustered_ranges,clustered_ranges,hybrid,1036.0118918036949,0.9930555676498847,0.842,0.1723,0.95,False,0.5849911223981819,0.6563433396166942,0.5666666666666671,0.566666666666667,0.59111284104808,0.619653727935485,0.5945831716236283
85,low_entropy_repeating,low_entropy_repeating,scalar,1641.139086970158,0.6233295551990922,0.07999999999999999,0.9395,0.95,False,0.7515825313580474,0.8441356427106981,0.8000000000000002,0.800000000000001,0.7775698652214333,0.8145911097624935,0.7965086700850891
85,low_entropy_repeating,low_entropy_repeating,simd,1416.8752854069508,0.7409596685319908,0.17600000000000002,0.9058999999999999,0.95,False,0.3898955846213157,0.5296542956514381,0.0,0.0,0.3133854951205051,0.3692889795325541,0.24938224929925423
85,low_entropy_repeating,low_entropy_repeating,coherent_local,1795.1702080681073,0.565029302468856,0.056,0.9479,0.95,True,1.0,1.0,1.0,1.0,1.0,1.0,1.0
85,low_entropy_repeating,low_entropy_repeating,guarded_fallback,1175.1207327232132,0.9390741049122031,0.11599999999999999,0.9269,0.95,False,0.0,0.0,0.5000000000000002,0.5,0.12500000000000003,0.12500000000000003,0.22500000000000003
85,low_entropy_repeating,low_entropy_repeating,hybrid,1508.8386180358482,0.6958753115832708,0.128,0.9226999999999999,0.95,False,0.5382117050046836,0.650186265763624,0.4,0.3999999999999979,0.5204549628673535,0.5652447871709299,0.5040100779423106
86,sequential_ids,sequential_ids,scalar,1328.9289852320599,0.7515500377246487,0.264,0.6151,0.95,True,0.6635492122400664,0.7716070515862643,0.7142857142857141,0.7142857142857154,0.6924420136534081,0.7356651493918873,0.7133950979971576
86,sequential_ids,sequential_ids,simd,1460.3246616740746,0.6850868851344059,0.3,0.6025,0.95,True,1.0,1.0,0.2857142857142859,0.2857142857142884,0.8214285714285718,0.8214285714285717,0.6785714285714293
86,sequential_ids,sequential_ids,coherent_local,1297.4438103115892,0.7815337138130464,0.24,0.6234999999999999,0.95,True,0.582928508487866,0.6685716113577351,1.0,1.0,0.70004284679638,0.7343000879443276,0.7920214553857936
86,sequential_ids,sequential_ids,guarded_fallback,1069.7900538735157,0.9760904080183272,0.324,0.5941,0.95,False,0.0,0.0,0.0,0.0,0.0,0.0,0.0
86,sequential_ids,sequential_ids,hybrid,1419.4942368229383,0.7001136370397957,0.27,0.613,0.95,True,0.8954499190709678,0.9483623024337617,0.6428571428571426,0.6428571428571442,0.8402385825219308,0.8614035358670484,0.7950112656154453
87,uniform_32bit,uniform_32bit,scalar,1090.017488238656,0.9586212601575244,0.724,0.1486,0.95,False,0.11774003882564014,0.15483456725098665,0.28571428571428614,0.28571428571428653,0.16529777981160368,0.18013559118174227,0.20260208203186758
87,uniform_32bit,uniform_32bit,simd,1884.7838432063536,0.5342445068950697,0.6040000000000001,0.19059999999999994,0.95,True,1.0,1.0,1.0,1.0,1.0,1.0,1.0
87,uniform_32bit,uniform_32bit,coherent_local,983.9537138306547,1.0363672118927323,0.772,0.13179999999999997,0.95,False,0.0,0.0,0.0,0.0,0.0,0.0,0.0
87,uniform_32bit,uniform_32bit,guarded_fallback,1188.222901019624,0.908832824235282,0.652,0.17379999999999998,0.95,False,0.22675661096119615,0.2539904815856594,0.7142857142857146,0.7142857142857149,0.35272396738599526,0.3636175156357806,0.4529531751133453
87,uniform_32bit,uniform_32bit,hybrid,1660.590288407199,0.6160206189015373,0.64,0.178,0.95,False,0.7511256034980457,0.8371391869108007,0.785714285714286,0.7857142857142865,0.7726748115640192,0.8070802449291211,0.7881939063485427
88,zipfian_smallints,zipfian_smallints,scalar,1196.5936018631446,0.8223277053935178,0.6359999999999999,0.4004000000000001,0.95,False,0.06448819268026175,0.18351057796294323,0.0,0.0,0.06621950230259853,0.11382845641567113,0.06522410229481433
88,zipfian_smallints,zipfian_smallints,simd,1507.3948950513557,0.666696946877061,0.6,0.41300000000000003,0.95,False,0.9062005722160987,0.8932571534564346,0.4285714285714284,0.42857142857142855,0.7848517734909816,0.779674405987116,0.688031602886081
88,zipfian_smallints,zipfian_smallints,coherent_local,1256.7860347611659,0.795656937752854,0.558,0.42769999999999997,0.95,False,0.22750140091026672,0.3051413287167679,0.9285714285714284,0.9285714285714286,0.41441489699653233,0.44547086811913283,0.5623928953094148
88,zipfian_smallints,zipfian_smallints,guarded_fallback,1172.7814135578608,0.8625672661470282,0.576,0.4214,0.95,False,0.0,0.0,0.7142857142857149,0.7142857142857143,0.17857142857142863,0.17857142857142866,0.32142857142857156
88,zipfian_smallints,zipfian_smallints,hybrid,1542.030221992403,0.6432907470482981,0.552,0.42979999999999996,0.95,True,1.0,1.0,1.0,1.0,1.0,1.0,1.0
89,clustered_ranges,clustered_ranges,scalar,880.0624194725826,1.1448112113230084,0.932,0.14079999999999998,0.95,False,0.09161070992343087,0.16971394287597452,0.06666666666666676,0.06666666666666679,0.0970901840521214,0.12833147723313887,0.09991169869602293
89,clustered_ranges,clustered_ranges,simd,965.2079194361506,1.0331912469389912,0.9440000000000001,0.13659999999999997,0.95,False,0.3190966059176576,0.4794725220292959,0.0,0.0,0.26337884185498894,0.32752920829964427,0.21559711228262124
89,clustered_ranges,clustered_ranges,coherent_local,845.77352580576,1.2059667870977506,0.92,0.14499999999999996,0.95,False,0.0,0.0,0.13333333333333341,0.13333333333333314,0.03333333333333331,0.033333333333333326,0.05999999999999997
89,clustered_ranges,clustered_ranges,guarded_fallback,1220.062664002393,0.8456217574649518,0.764,0.1996,0.95,True,1.0,1.0,1.0,1.0,1.0,1.0,1.0
89,clustered_ranges,clustered_ranges,hybrid,1056.0381895326238,0.9743643564362177,0.842,0.1723,0.95,False,0.561770680121637,0.6427240883481646,0.5666666666666671,0.566666666666667,0.5751376879918736,0.6075190512824848,0.5842122261235324
90,low_entropy_repeating,low_entropy_repeating,scalar,1646.7543461274672,0.6212195790308911,0.07999999999999999,0.9395,0.95,False,0.7260518886455545,0.8227494552934117,0.8000000000000002,0.800000000000001,0.7590435514813445,0.7977225781404874,0.7835029304170196
90,low_entropy_repeating,low_entropy_repeating,simd,1407.3242937749724,0.7460762711919792,0.17600000000000002,0.9058999999999999,0.95,False,0.30140133976154354,0.4424499515042789,0.0,0.0,0.24720829658256793,0.30362774127966213,0.20103288980453277
90,low_entropy_repeating,low_entropy_repeating,coherent_local,1801.2140797033153,0.5630261907269012,0.056,0.9479,0.95,True,1.0,1.0,1.0,1.0,1.0,1.0,1.0
90,low_entropy_repeating,low_entropy_repeating,guarded_fallback,1237.3856495229677,0.8913376686990582,0.11599999999999999,0.9269,0.95,False,0.0,0.0,0.5000000000000002,0.5,0.12500000000000003,0.12500000000000003,0.22500000000000003
90,low_entropy_repeating,low_entropy_repeating,hybrid,1501.5610755404875,0.6992714980811058,0.128,0.9226999999999999,0.95,False,0.468538675733361,0.5850120495459525,0.4,0.3999999999999979,0.4688750128719091,0.5154643623969459,0.4668146151064959
91,sequential_ids,sequential_ids,scalar,1353.243859514671,0.7382218844141805,0.264,0.6151,0.95,True,0.6733887987769983,0.7771675408246633,0.7142857142857141,0.7142857142857154,0.6991798389613272,0.7406913357803931,0.717737096267837
91,sequential_ids,sequential_ids,simd,1473.408223424894,0.6788609143702229,0.3,0.6025,0.95,True,1.0,1.0,0.2857142857142859,0.2857142857142884,0.8214285714285718,0.8214285714285717,0.6785714285714293
91,sequential_ids,sequential_ids,coherent_local,1283.5096098610368,0.7898942340833781,0.24,0.6234999999999999,0.95,True,0.48384851990717886,0.5831970457396145,1.0,1.0,0.6277886688052495,0.6675280791382238,0.7409538174070573
91,sequential_ids,sequential_ids,guarded_fallback,1105.4956611482012,0.9452537471901898,0.324,0.5941,0.95,False,0.0,0.0,0.0,0.0,0.0,0.0,0.0
91,sequential_ids,sequential_ids,hybrid,1399.456880192969,0.7102754393307086,0.27,0.613,0.95,True,0.7989975042594251,0.8820744363579924,0.6428571428571426,0.6428571428571442,0.7724239537236398,0.8056547265630667,0.7495035746530402
92,uniform_32bit,uniform_32bit,scalar,1105.1794854890497,0.9455268079867298,0.724,0.1486,0.95,False,0.14334415372163545,0.19459233413183274,0.28571428571428614,0.28571428571428653,0.18662391378132778,0.2071231859454067,0.22022275822087767
92,uniform_32bit,uniform_32bit,simd,1876.2489890304419,0.5366252820072978,0.6040000000000001,0.19059999999999994,0.95,True,1.0,1.0,1.0,1.0,1.0,1.0,1.0
92,uniform_32bit,uniform_32bit,coherent_local,976.1564876003655,1.0443203826476273,0.772,0.13179999999999997,0.95,False,0.0,0.0,0.0,0.0,0.0,0.0,0.0
92,uniform_32bit,uniform_32bit,guarded_fallback,1162.6862981521567,0.9279852763858825,0.652,0.17379999999999998,0.95,False,0.20723404567356213,0.22914364569407386,0.7142857142857146,0.7142857142857149,0.337283402829677,0.3460472428378818,0.44088469655415874
92,uniform_32bit,uniform_32bit,hybrid,1622.3447432035073,0.6303916722508034,0.64,0.178,0.95,False,0.717913164009778,0.8153096413078579,0.785714285714286,0.7857142857142865,0.749472916030617,0.788431506949849,0.7727727881013268
93,zipfian_smallints,zipfian_smallints,scalar,1191.743844871092,0.8256417060047538,0.6359999999999999,0.4004000000000001,0.95,False,0.0632136936477243,0.18392994214647007,0.0,0.0,0.0655177075106051,0.1138042069101034,0.0649465936309348
93,zipfian_smallints,zipfian_smallints,simd,1493.4031893004028,0.6729465754458201,0.6,0.41300000000000003,0.95,False,0.9045379828513569,0.8903128570197026,0.4285714285714284,0.42857142857142855,0.7834125754066266,0.777722525073965,0.6867967519674755
93,zipfian_smallints,zipfian_smallints,coherent_local,1286.3230842955534,0.7767532260508458,0.558,0.42769999999999997,0.95,False,0.3269940566686071,0.4100929301026218,0.9285714285714284,0.9285714285714286,0.48985323065941466,0.5230927800330206,0.6184785923833804
93,zipfian_smallints,zipfian_smallints,guarded_fallback,1169.0783856309008,0.8654008875172237,0.576,0.4214,0.95,False,0.0,0.0,0.7142857142857149,0.7142857142857143,0.17857142857142863,0.17857142857142866,0.32142857142857156
93,zipfian_smallints,zipfian_smallints,hybrid,1527.6313815450574,0.6492360747168796,0.552,0.42979999999999996,0.95,True,1.0,1.0,1.0,1.0,1.0,1.0,1.0
94,clustered_ranges,clustered_ranges,scalar,904.694064108088,1.114158497998824,0.932,0.14079999999999998,0.95,False,0.163378131650252,0.2617485753135981,0.06666666666666676,0.06666666666666679,0.1539558319538576,0.19330400941919604,0.14445058332347516
94,clustered_ranges,clustered_ranges,simd,944.1991351320079,1.0564114822225175,0.9440000000000001,0.13659999999999997,0.95,False,0.274048528751361,0.4279226146595757,0.0,0.0,0.22861750944975293,0.2901671438130389,0.18919521229030223
94,clustered_ranges,clustered_ranges,coherent_local,846.3743610649889,1.2051185490847216,0.92,0.14499999999999996,0.95,False,0.0,0.0,0.13333333333333341,0.13333333333333314,0.03333333333333331,0.033333333333333326,0.05999999999999997
94,clustered_ranges,clustered_ranges,guarded_fallback,1203.335861689477,0.8576092991225416,0.764,0.1996,0.95,True,1.0,1.0,1.0,1.0,1.0,1.0,1.0
94,clustered_ranges,clustered_ranges,hybrid,1059.7519450923623,0.9708981845804616,0.842,0.1723,0.95,False,0.5977607771540598,0.6739974965551292,0.5666666666666671,0.566666666666667,0.6014227574423721,0.6319174452027998,0.6028276072850004
95,low_entropy_repeating,low_entropy_repeating,scalar,1641.6033525238706,0.6231551039001213,0.07999999999999999,0.9395,0.95,False,0.849164728013884,0.8993257861863015,0.8000000000000002,0.800000000000001,0.8443977047362758,0.8644621280052428,0.8395808649507409
95,low_entropy_repeating,low_entropy_repeating,simd,1422.3408821874216,0.7380316702567384,0.17600000000000002,0.9058999999999999,0.95,False,0.42743315416611133,0.5511914096851978,0.0,0.0,0.33913860395244644,0.38864190616008104,0.2660277986711328
95,low_entropy_repeating,low_entropy_repeating,coherent_local,1720.0241215637618,0.5899348625674389,0.056,0.9479,0.95,True,1.0,1.0,1.0,1.0,1.0,1.0,1.0
95,low_entropy_repeating,low_entropy_repeating,guarded_fallback,1200.1141031225209,0.9199125209394007,0.11599999999999999,0.9269,0.95,False,0.0,0.0,0.5000000000000002,0.5,0.12500000000000003,0.12500000000000003,0.22500000000000003
95,low_entropy_repeating,low_entropy_repeating,hybrid,1558.4476588484063,0.6727244258707437,0.128,0.9226999999999999,0.95,False,0.6892222558053734,0.7491055494127374,0.4,0.3999999999999979,0.6258991858951345,0.6498525033380802,0.5740430640947959
96,sequential_ids,sequential_ids,scalar,1354.5173647881618,0.7375238148568595,0.264,0.6151,0.95,True,0.6591533967459832,0.7660634608910522,0.7142857142857141,0.7142857142857154,0.6889729857526764,0.731737011410704,0.7106904556751296
96,sequential_ids,sequential_ids,simd,1481.1724155186841,0.6751662298566261,0.3,0.6025,0.95,True,1.0,1.0,0.2857142857142859,0.2857142857142884,0.8214285714285718,0.8214285714285717,0.6785714285714293
96,sequential_ids,sequential_ids,coherent_local,1301.7846434743776,0.7789292139153735,0.24,0.6234999999999999,0.95,True,0.5172422069712783,0.6107297391611709,1.0,1.0,0.6519547850569427,0.6893497979328996,0.7578550968816762
96,sequential_ids,sequential_ids,guarded_fallback,1109.5828220729418,0.9417239263915503,0.324,0.5941,0.95,False,0.0,0.0,0.0,0.0,0.0,0.0,0.0
96,sequential_ids,sequential_ids,hybrid,1398.8075529177536,0.710604741020282,0.27,0.613,0.95,True,0.7783445390998092,0.8670512552279173,0.6428571428571426,0.6428571428571442,0.757778697458359,0.7932613839096021,0.7395518898226366
97,uniform_32bit,uniform_32bit,scalar,1097.1882749107906,0.9524283080315898,0.724,0.1486,0.95,False,0.10413245319185332,0.12779880253318587,0.28571428571428614,0.28571428571428653,0.15307786372366147,0.1625444034601945,0.19176086516228133
97,uniform_32bit,uniform_32bit,simd,1877.7847516933255,0.5361968850539671,0.6040000000000001,0.19059999999999994,0.95,True,1.0,1.0,1.0,1.0,1.0,1.0,1.0
97,uniform_32bit,uniform_32bit,coherent_local,1006.4545203843634,1.0134163892079495,0.772,0.13179999999999997,0.95,False,0.0,0.0,0.0,0.0,0.0,0.0,0.0
97,uniform_32bit,uniform_32bit,guarded_fallback,1184.6723305946562,0.9114957520540079,0.652,0.17379999999999998,0.95,False,0.20453532289653695,0.21357181813980364,0.7142857142857146,0.7142857142857149,0.33332839503032136,0.3369429931276281,0.43618212283248364
97,uniform_32bit,uniform_32bit,hybrid,1666.4732345987575,0.6138100573022851,0.64,0.178,0.95,False,0.7574840060614862,0.8373637884186835,0.785714285714286,0.7857142857142865,0.7765235433282659,0.8084754562711448,0.7901575774945456
98,zipfian_smallints,zipfian_smallints,scalar,1219.5351660800266,0.8066509698453153,0.6359999999999999,0.4004000000000001,0.95,False,0.16027394979768317,0.2915313530331568,0.0,0.0,0.1398940728335834,0.1923970341277729,0.12096502319759414
98,zipfian_smallints,zipfian_smallints,simd,1508.2469566628379,0.6663163593572659,0.6,0.41300000000000003,0.95,False,0.9101894200122383,0.8989237621446587,0.4285714285714284,0.42857142857142855,0.7880950734718989,0.7835888103248672,0.690644909396979
98,zipfian_smallints,zipfian_smallints,coherent_local,1244.6328362458307,0.8034349848026683,0.558,0.42769999999999997,0.95,False,0.22546398268717951,0.305450691220127,0.9285714285714284,0.9285714285714286,0.41323885043818387,0.4452335338513629,0.5618590104683285
98,zipfian_smallints,zipfian_smallints,guarded_fallback,1157.8309062430749,0.8740076543531252,0.576,0.4214,0.95,False,0.0,0.0,0.7142857142857149,0.7142857142857143,0.17857142857142863,0.17857142857142866,0.32142857142857156
98,zipfian_smallints,zipfian_smallints,hybrid,1542.8233514585459,0.6429632613332456,0.552,0.42979999999999996,0.95,True,1.0,1.0,1.0,1.0,1.0,1.0,1.0
99,clustered_ranges,clustered_ranges,scalar,912.6298861937796,1.1042828082921856,0.932,0.14079999999999998,0.95,False,0.2101116702104877,0.31763733465049215,0.06666666666666676,0.06666666666666679,0.19037926899053315,0.23338953476653493,0.1724428347257694
99,clustered_ranges,clustered_ranges,simd,923.9024632999344,1.078844645826388,0.9440000000000001,0.13659999999999997,0.95,False,0.24551055894529686,0.39704239618174453,0.0,0.0,0.20686269479443978,0.2674754296890189,0.1729137667290252
99,clustered_ranges,clustered_ranges,coherent_local,845.7210060564872,1.2060409326261357,0.92,0.14499999999999996,0.95,False,0.0,0.0,0.13333333333333341,0.13333333333333314,0.03333333333333331,0.033333333333333326,0.05999999999999997
99,clustered_ranges,clustered_ranges,guarded_fallback,1164.1653840877682,0.8856814747370995,0.764,0.1996,0.95,True,1.0,1.0,1.0,1.0,1.0,1.0,1.0
99,clustered_ranges,clustered_ranges,hybrid,1026.4527919239215,1.00197739420434,0.842,0.1723,0.95,False,0.5675458520724171,0.6369830307693858,0.5666666666666671,0.566666666666667,0.5777416325255249,0.6055165040043125,0.5845095133140717
