window,regime,regime_id,policy,macro_route,pressure,memory_quality,route_volatility,decompression_need,constraint_score,regret,route_persistence,recovery_score,recommendation_score
0,stable,0,reactive,macro_0,0.21872029028641668,0.27622536141872134,0.4144737886510089,0.31776194396716884,0.5068375443371264,0.22643184405307246,0.6269600155617993,0.2731264877031187,0.33279172844453947
0,stable,0,predictive,macro_0,0.234494550260421,0.2832939914571005,0.4791683938547337,0.18587608095239389,0.5264590696961963,0.13540509967151215,0.5633257048638313,0.5019776808195064,0.3960736573033098
0,stable,0,conservative_predictive,macro_0,0.19763721137541418,0.2483523218540103,0.2934103264334506,0.14971824332303044,0.6092296338096266,0.08540350207186623,0.7438425218446508,0.5769796639842976,0.49013059087876043
0,stable,0,aggressive_predictive,macro_0,0.2310521598156028,0.26339854465005264,0.5136563479211391,0.24696807073044874,0.5687366364665329,0.13675244681666546,0.5258534337763687,0.36279587648142875,0.3737552120751375
0,stable,0,cgcs_balanced,macro_0,0.2538264549919112,0.3032988178462131,0.3142465327694247,0.1670068300196907,0.6113071758447204,0.07602842855045072,0.7312482899075072,0.6967532202422365,0.5166264075456971
1,stable,0,reactive,macro_0,0.3136630099956071,0.6634244257130387,0.44009982883742504,0.2761376280070606,0.592263399794247,0.2073819002956749,0.6594138350195308,0.4169710233981514,0.4072001040141784
1,stable,0,predictive,macro_0,0.30490800271121843,0.7440726910216023,0.5285666814142587,0.17727928546601324,0.6645809701214712,0.1100374371466489,0.5830442222389817,0.6649695847643582,0.49343543431278436
1,stable,0,conservative_predictive,macro_0,0.3017347083772405,0.7533531790479959,0.3787681844810703,0.17736494843251996,0.6826338538741785,0.10351259080620108,0.7342347923761291,0.7482006229802945,0.5501494418418382
1,stable,0,aggressive_predictive,macro_0,0.29812991378662435,0.6922325163598528,0.5590124513075005,0.2215288055583573,0.643928526173916,0.13524064869937238,0.5448224261464774,0.5179756196142771,0.44056383175065006
1,stable,0,cgcs_balanced,macro_0,0.32280183425348163,0.7588665479648445,0.325258853749008,0.18904885350513653,0.6909419074923335,0.0770763738559939,0.7885711284457186,0.8517935210866684,0.5922514504040988
2,stable,0,reactive,macro_0,0.4812582706393829,0.6530014481538536,0.5602570553602291,0.3695825283683949,0.5589965905906492,0.26710188871350327,0.537693161862849,0.3946340011801698,0.3533564393139533
2,stable,0,predictive,macro_0,0.4420887908328019,0.6557086755728904,0.5266450484312307,0.3122588434558178,0.639175583472311,0.150982636394302,0.5717112529047028,0.6070462677593481,0.46058262392861493
2,stable,0,conservative_predictive,macro_0,0.45753470960807713,0.6428707290919048,0.49117299058503944,0.30917578913941046,0.6101704277509216,0.11936472862548149,0.6052576187787462,0.6831695973542846,0.47934065199394577
2,stable,0,aggressive_predictive,macro_0,0.39894343854217085,0.6538667085983239,0.6302619488556415,0.25376909542502907,0.6149126801797287,0.13925589612167394,0.4678180574341071,0.4980995289244076,0.4089611470941532
2,stable,0,cgcs_balanced,macro_0,0.4289459048122588,0.680192266745584,0.4547940296492862,0.28467228110559273,0.6299047145380109,0.09897187161501352,0.6472348103625514,0.8051328371398359,0.5261456034447156
3,stable,0,reactive,macro_0,0.39650758761227,0.5451638527324416,0.45770787913476263,0.2554312429448158,0.5816940052068893,0.22852042569553788,0.6240666987751036,0.3797210998673914,0.3836916185653572
3,stable,0,predictive,macro_0,0.3980822304393314,0.5290289714193466,0.5217423712536936,0.31537570267225484,0.6047730393506892,0.13488074279432452,0.5576119744592084,0.5620849994623204,0.43801870116794916
3,stable,0,conservative_predictive,macro_0,0.4783183587333631,0.5331275754171503,0.4090155037183536,0.27438277603714517,0.616683180675875,0.11881621208217549,0.6709536325942189,0.6517180961885736,0.48814507392072737
3,stable,0,aggressive_predictive,macro_0,0.46469390630963636,0.5016060130120243,0.6235660980237737,0.3968836160631207,0.5497826172185369,0.20086662562744362,0.45167480392802994,0.41618538134158445,0.35063981409830985
3,stable,0,cgcs_balanced,macro_0,0.46635482846572485,0.5309677462002437,0.4529309228870411,0.2522498917818181,0.6237686449279761,0.10419192020094482,0.6267142390429955,0.7593887328137217,0.5086020700600599
4,stable,0,reactive,macro_0,0.35133081779479136,0.38340110417221573,0.4412175538186127,0.2972704057279247,0.5064384763200253,0.21848180754091728,0.6162926118072196,0.31473630531469055,0.34125076902410195
4,stable,0,predictive,macro_0,0.31135477264241884,0.39424920181169587,0.46927495356035676,0.2540936579275136,0.5782398529967819,0.1242619652216515,0.5898624267113977,0.5271684890485908,0.4288283040274164
4,stable,0,conservative_predictive,macro_0,0.3438820967445461,0.3602368976991057,0.4053800371230842,0.2662874108252868,0.6270408576428285,0.11904808400061706,0.6486554975317816,0.5928254320296297,0.47461860365702624
4,stable,0,aggressive_predictive,macro_0,0.31792558242644964,0.3573326606805442,0.507914554485394,0.24571862642863695,0.56053900947685,0.15030779993432142,0.5456853446166876,0.39592270595246315,0.37918332784721814
4,stable,0,cgcs_balanced,macro_0,0.354420254437249,0.39491202611902965,0.3796703368929162,0.25145992460807054,0.6211112024009906,0.04392749858238795,0.6795664670249383,0.7119272242200463,0.5197740399292967
5,stable,0,reactive,macro_0,0.4309433988035986,0.5375889131729696,0.5390413324732771,0.3061742779256255,0.49875317697444355,0.2553283719029195,0.5415970045026683,0.36692126402541425,0.3275026118558294
5,stable,0,predictive,macro_0,0.4391671468422772,0.6101181358483412,0.5312047584176574,0.2681401113345026,0.6099047277921267,0.16057164451415132,0.5603129619595938,0.5999133252800188,0.4436929916117007
5,stable,0,conservative_predictive,macro_0,0.4166975918405676,0.5534096137026169,0.40431903789216567,0.2886017741710209,0.6137470949221135,0.11249928503842692,0.6786924041632268,0.6559730099617118,0.4907765820869398
5,stable,0,aggressive_predictive,macro_0,0.4356281656373331,0.5574864547123818,0.6198598985406557,0.3523861958900274,0.5534543311957613,0.167942341175427,0.46376306966620157,0.4446430199713282,0.3672982559462364
5,stable,0,cgcs_balanced,macro_0,0.3840453441127661,0.589959989127134,0.3717200321754802,0.2190427881753095,0.6443444475873823,0.08479936503565554,0.7167739661935899,0.7866774385594352,0.5443148467978679
6,stable,0,reactive,macro_0,0.45119705858305315,0.4732687334496682,0.583125532701481,0.3473288036582809,0.5209690934562585,0.2548994959443288,0.48786477731596917,0.3361782959757277,0.3185205369023664
6,stable,0,predictive,macro_0,0.4083711470261335,0.4898356846647105,0.49106479273152015,0.2666391886960093,0.5973278016326279,0.1581831465667272,0.5824105599681865,0.5581146518934468,0.43461527071724876
6,stable,0,conservative_predictive,macro_0,0.4179132331143926,0.5297545746341135,0.4402400122739488,0.23892483067826703,0.6496293874706963,0.135794799755998,0.6392231739211682,0.6576291349862863,0.49222325176888165
6,stable,0,aggressive_predictive,macro_0,0.35671754264799527,0.43405332209758274,0.5540870540079916,0.318035791422986,0.5562258936749642,0.14477947688680806,0.5110209443066458,0.4083115044495568,0.37444266405935644
6,stable,0,cgcs_balanced,macro_0,0.4319653230395833,0.4766270804572427,0.4101381998670726,0.2642223008643234,0.6263319023572832,0.08130469631818894,0.6613558622015139,0.7379750179871704,0.5163708600296101
7,stable,0,reactive,macro_0,0.4307970315718668,0.3566284862775531,0.4878107860800725,0.337532501479457,0.4700000654961294,0.23532028310666397,0.5656834868615606,0.2973134699012522,0.31008162901778397
7,stable,0,predictive,macro_0,0.4360877452763326,0.36084842367366204,0.6024812668722497,0.32384900521271115,0.4977102357347723,0.200612548753673,0.4516459966787996,0.5015271472432395,0.3496725515577515
7,stable,0,conservative_predictive,macro_0,0.43540335070872127,0.371775024453853,0.4533708360943023,0.26893884623413516,0.5685728667291161,0.10592020908739969,0.6023954175737757,0.5963334893120215,0.44654609870298406
7,stable,0,aggressive_predictive,macro_0,0.43882033097026507,0.3505996663978474,0.6596870321532465,0.3590905719135418,0.5234726419623423,0.18880348543294254,0.39290291780643055,0.3708917688565383,0.3213356795688261
7,stable,0,cgcs_balanced,macro_0,0.4130332797422908,0.4225697901250824,0.4506452901565737,0.23725842810036796,0.5976526616722041,0.1032931344250461,0.6127401783621887,0.7244477409237053,0.4883759232260813
8,stable,0,reactive,macro_0,0.565503511249425,0.4098691333923061,0.5985974689559282,0.4626069274631735,0.5030554558138306,0.30364650826353295,0.4628829010529177,0.29093281119467235,0.28701357022996044
8,stable,0,predictive,macro_0,0.4671338971147598,0.453938085158331,0.6188945894200346,0.3105213084519852,0.5536466331221205,0.18578165388218018,0.44919612335371506,0.5367740681150188,0.3811589094660169
8,stable,0,conservative_predictive,macro_0,0.5228343899568105,0.4204827606253383,0.500624557822771,0.3345120297923155,0.5668685844414921,0.1526268671787289,0.5624478562710297,0.6002665602604054,0.42943290316351634
8,stable,0,aggressive_predictive,macro_0,0.4986821936836062,0.3853921377146837,0.6582279970964279,0.370006942950806,0.5004013726124541,0.18282518425419772,0.3995808235607747,0.3808858596099782,0.31729853856824314
8,stable,0,cgcs_balanced,macro_0,0.5205646008035699,0.47252010295658353,0.4377880974370952,0.36997320982638604,0.6044924562993115,0.1348308460415562,0.6330899180063924,0.7153873940695271,0.48674417448200163
9,stable,0,reactive,macro_0,0.5012929693295223,0.5136144864268599,0.5935130313530128,0.42282259419242463,0.5183145451102791,0.2828264378822274,0.4835291416110162,0.33520055141091604,0.3108441891980654
9,stable,0,predictive,macro_0,0.542708624367813,0.5155423936477779,0.6112479264740095,0.349786543109683,0.5458067202354364,0.19751520684965923,0.4660834325731572,0.5504825291547857,0.38222635524821824
9,stable,0,conservative_predictive,macro_0,0.5602130579468058,0.5588506831828701,0.5333198827883313,0.3326032455046559,0.6077587978375214,0.13649230326984843,0.5505077196890992,0.6490770900130733,0.45654838626498445
9,stable,0,aggressive_predictive,macro_0,0.5981034686636387,0.5360668147148174,0.6886818475982303,0.43353434556822446,0.5355147843829291,0.19292848508037821,0.39172817460899234,0.42091651603654123,0.335857189499275
9,stable,0,cgcs_balanced,macro_0,0.5528001027258825,0.5493723307231898,0.49154888669720675,0.33465185647927037,0.601270265633708,0.11190412908099807,0.5908569629112717,0.7493499444572624,0.4891302554874616
10,stable,0,reactive,macro_0,0.49314056472832923,0.42615961760469334,0.5271794931020073,0.3951365569797574,0.4937825949780942,0.270620246388253,0.5367444495386967,0.3101285547656912,0.3090905087702166
10,stable,0,predictive,macro_0,0.47448603358885283,0.42389338314128,0.5178428921603289,0.35839091727637257,0.5465973373387171,0.17632580975019888,0.5457411153108631,0.5166845006441735,0.39526063944256357
10,stable,0,conservative_predictive,macro_0,0.5040077334534316,0.4884968663390229,0.5144697768886297,0.33885055029872413,0.5998986878690641,0.1663119783181342,0.5588047530622238,0.6232037931589132,0.4435648908340231
10,stable,0,aggressive_predictive,macro_0,0.4881257741017476,0.46547390498999186,0.6832005276875882,0.3460099552332352,0.5384609700656764,0.19382073808592187,0.38662055806091056,0.4137138756998502,0.3341921852739218
10,stable,0,cgcs_balanced,macro_0,0.4640824629496889,0.5147693832758474,0.40973668418641507,0.24020446877698426,0.6301049976283941,0.07782569391376395,0.667478723304962,0.7561283903911498,0.5237187508630824
11,stable,0,reactive,macro_0,0.5493196843455063,0.44820634109412966,0.5795518840007723,0.448266235272083,0.4962669268038876,0.2737504225594118,0.4876790671633472,0.3072189723285288,0.2989553350185407
11,stable,0,predictive,macro_0,0.536848360757255,0.5374946576033908,0.5470932371920657,0.3473700775414336,0.5733353093204155,0.14684732941419248,0.5335309614484429,0.5586491146529001,0.418106949172246
11,stable,0,conservative_predictive,macro_0,0.5639440291289396,0.5514471686938236,0.49866257573479994,0.3480630695689677,0.5879669694426167,0.1435029185205761,0.5840544995692736,0.6433938951290447,0.4530844215263237
11,stable,0,aggressive_predictive,macro_0,0.5202776198797001,0.478655585233592,0.6589693766704707,0.3846644832981863,0.5481415577373763,0.18132321657306208,0.41282896111456807,0.41059655817212,0.34492618364637057
11,stable,0,cgcs_balanced,macro_0,0.5205810083915084,0.4926173893545878,0.45679132091221475,0.34560654849583555,0.5708051420430817,0.1319187545879396,0.6171012874909734,0.7272947765749388,0.47394731140346436
12,stable,0,reactive,macro_1,0.5610493198953999,0.4776374286055318,0.5667797702073447,0.4133822778417763,0.4902493846150944,0.2425487860801693,0.504865844083485,0.32449664444358084,0.31014743953198676
12,stable,0,predictive,macro_1,0.5722845393992778,0.4239324679258764,0.642928006976302,0.3676625268514528,0.5265509916176655,0.19916604009607458,0.4206618632125794,0.5148438584037662,0.3576541902868424
12,stable,0,conservative_predictive,macro_1,0.4758143676854984,0.4842685455916287,0.4902408609675101,0.33654112711423956,0.5596281220878614,0.13487457930986055,0.5823994208712342,0.6221857655342222,0.439044523123191
12,stable,0,aggressive_predictive,macro_1,0.5404521206327363,0.39883739483709746,0.6865204315170145,0.38030981945296743,0.48439414935514546,0.18931501965914288,0.37330517770855015,0.38353112430239067,0.3052446557113627
12,stable,0,cgcs_balanced,macro_1,0.5567278901565248,0.49655956023628073,0.4745158585603819,0.3551734947618359,0.5471189172532965,0.11257353681635654,0.5999680754750601,0.7267611471303312,0.4652715486566663
13,stable,0,reactive,macro_1,0.5332651648252693,0.208877544430378,0.5593716761925434,0.3899753387840472,0.42608521772233393,0.26837474284505586,0.47195995547201336,0.23511207279382282,0.2543540812745194
13,stable,0,predictive,macro_1,0.5429434062640268,0.2575379885058512,0.5854258086633984,0.36054722631179936,0.47731736071408587,0.18173831757879996,0.45320488961247923,0.45802885071468813,0.3364402586353199
13,stable,0,conservative_predictive,macro_1,0.5470812854027749,0.24954429877868384,0.4692922783804285,0.36904009538973465,0.5184466810374009,0.16057842784948953,0.5681393664363741,0.5335324854945924,0.39589907332039953
13,stable,0,aggressive_predictive,macro_1,0.5453772901445361,0.26243290884688636,0.6958971802505427,0.4132970767216241,0.45350897765871356,0.2083843642927043,0.34346775607649027,0.3291921027520855,0.2717723524725271
13,stable,0,cgcs_balanced,macro_1,0.5242544468813838,0.2381577337062752,0.4518713274532715,0.35307411969795444,0.5254771145132044,0.13167115890460593,0.5838523326026698,0.6367403828576056,0.4302004224833037
14,stable,0,reactive,macro_1,0.5522103699008956,0.34870324061836905,0.5726802792537443,0.43335372518276677,0.46862005426304365,0.28723022108004165,0.47962520683901105,0.2753753891798758,0.27713720339132314
14,stable,0,predictive,macro_1,0.5326561667751606,0.46412766950363915,0.6257943224029748,0.32546865231870914,0.5370050971289007,0.1998617451338274,0.44382482802257106,0.537350953862532,0.37107176333648795
14,stable,0,conservative_predictive,macro_1,0.5557624840551357,0.4506864576957798,0.46784164841151543,0.3769826843710769,0.5283959968688784,0.13513150619102243,0.5997613202428516,0.6023437233193076,0.42623206075078723
14,stable,0,aggressive_predictive,macro_1,0.5928649318343003,0.4021495545598815,0.7956497931393447,0.40340991174629975,0.5090788242917583,0.22669898094708363,0.26467264004463753,0.3800703617466986,0.2846601646346526
14,stable,0,cgcs_balanced,macro_1,0.5457102955407589,0.4291945361171279,0.4326901971795296,0.3465273860682339,0.5924270824763163,0.09542078509787269,0.6316889832380396,0.7049126104273481,0.48745670526305007
15,stable,0,reactive,macro_1,0.570315120788225,0.2861884357419368,0.6008303336683046,0.43946687384565475,0.45858021967408774,0.277279624156848,0.4420979316929859,0.2522725777405469,0.2627241120863012
15,stable,0,predictive,macro_1,0.5349803206894078,0.32209157885869505,0.6291150237742675,0.3355206588403663,0.4936014536654532,0.17874514548227796,0.4191987130545367,0.48562792083247,0.3424974084904674
15,stable,0,conservative_predictive,macro_1,0.5775683757778923,0.33316102038402895,0.5140468614639799,0.34641049230049836,0.5389192176194724,0.1508969693790222,0.5359272915936244,0.5673242586743105,0.40660670404666827
15,stable,0,aggressive_predictive,macro_1,0.462209969614504,0.32278509959889984,0.6619620117274655,0.3679738074585003,0.49422540754161864,0.18999628877080577,0.38645575321236947,0.3593800233679149,0.30616115289506907
15,stable,0,cgcs_balanced,macro_1,0.5367350516765914,0.35307745514793515,0.4832713216636623,0.3424406307812866,0.5630470644948774,0.1112395355217822,0.5696902966085279,0.67908898314552,0.455047613017417
16,stable,0,reactive,macro_1,0.5902294039075376,0.33818099582265815,0.6166471807866121,0.43470529789979057,0.45681962712552054,0.29585502706503514,0.43407996858678666,0.2714222889579722,0.260949350182802
16,stable,0,predictive,macro_1,0.5761147215465816,0.37775753987763905,0.5900447226656866,0.4538735523153566,0.53426371458868,0.18939739304826464,0.4666189083159592,0.48144042849410235,0.36438140886593984
16,stable,0,conservative_predictive,macro_1,0.5574632753566389,0.4287364107468216,0.5078341627465748,0.33112361977571636,0.5699583605349205,0.15721497491726766,0.5564762988654485,0.6038330198062444,0.4292797061502797
16,stable,0,aggressive_predictive,macro_1,0.5431217074820329,0.369569463936775,0.7530561076978275,0.36271322023868274,0.5078748367896839,0.20782647568808374,0.30237931189268874,0.37680666833013476,0.29480047225363054
16,stable,0,cgcs_balanced,macro_1,0.5584021436624464,0.3921203699893867,0.5021744560777132,0.3150154476093373,0.5687876319553333,0.1314322586670984,0.5566435994206949,0.6982390399744179,0.4547941570881179
17,stable,0,reactive,macro_1,0.708406103863316,0.2261174103939613,0.6383999686531665,0.5058441273885363,0.4363840114267993,0.29366835822110643,0.39551764290592767,0.21797226816017917,0.23414968027438743
17,stable,0,predictive,macro_1,0.7025851219812449,0.23347245500017375,0.7116779779716016,0.4597905843575348,0.4691604680271707,0.23875183901555502,0.32334289027842444,0.4297572423785539,0.28974578142618057
17,stable,0,conservative_predictive,macro_1,0.7320827750073745,0.2553696488327552,0.5712858102247257,0.4109267171770015,0.48340685042510906,0.19738477017535175,0.46701963710018757,0.5271940336560641,0.3536042639508427
17,stable,0,aggressive_predictive,macro_1,0.686063979004821,0.24919872574603197,0.8002328396019527,0.45910877719604776,0.43697650078371353,0.22409544213019747,0.2371469692599521,0.3153977985719017,0.2380488914095804
17,stable,0,cgcs_balanced,macro_1,0.7111152230709347,0.25357257341928174,0.5572153872248942,0.3589472915719691,0.5102646210638946,0.1268895445904421,0.4808204987879981,0.6409609423823548,0.4056981541679092
18,stable,0,reactive,macro_1,0.4357605697611345,0.3276405835727241,0.4802712016902107,0.3541599470263174,0.49198796267962724,0.2508813837883459,0.568874885845698,0.28384221484518996,0.31299941349567056
18,stable,0,predictive,macro_1,0.47065966193100894,0.34675342421388744,0.5609719583056644,0.3237736272278652,0.5297903704876173,0.16238501278687822,0.49104105532641873,0.49660897302928764,0.376305523359646
18,stable,0,conservative_predictive,macro_1,0.4137503443717712,0.3795461546229316,0.4229479750881059,0.2597631002516942,0.5661276165980871,0.15251370784210605,0.6339839481053339,0.6008885340676873,0.44361801985480986
18,stable,0,aggressive_predictive,macro_1,0.4738864524796729,0.36713135875388875,0.6371972537800259,0.383010887810784,0.5181882550052719,0.17860911229358517,0.4178724500330574,0.3718937980017043,0.3265808400102727
18,stable,0,cgcs_balanced,macro_1,0.4778068863383016,0.3868446531942621,0.4468215547977171,0.26515734295845916,0.5512969117102192,0.1197982547624731,0.6112051431814222,0.7063641600263,0.46317431933945913
19,stable,0,reactive,macro_1,0.4413292564883417,0.24614620396101372,0.5508497947449189,0.379798204442776,0.48524885976494125,0.2612594304174292,0.48607213584923314,0.2501915304977996,0.28439924450655435
19,stable,0,predictive,macro_1,0.40268708590060404,0.2945190290096331,0.5398291955729954,0.30212733776700335,0.5013831855825179,0.1583602216909502,0.5043486587784496,0.482656192599971,0.3659076603108503
19,stable,0,conservative_predictive,macro_1,0.40379723646574767,0.3583500866651678,0.39915349644861753,0.27643911996289583,0.5605245248517444,0.1312191089565804,0.6545990165511576,0.5901347063402296,0.4475049363574289
19,stable,0,aggressive_predictive,macro_1,0.4294145532048356,0.32357824335432533,0.67875650094734,0.32418883652419084,0.5223627551598484,0.1550397172736184,0.36978023555580886,0.36841461786917573,0.32249716654839916
19,stable,0,cgcs_balanced,macro_1,0.4417778135281552,0.30786018481070804,0.4487594094861929,0.30524693301275835,0.5298364831368765,0.09778774194483249,0.5974196182354133,0.6707016780811963,0.4488186080279924
20,stable,0,reactive,macro_1,0.6469387669698178,0.18837829711541154,0.6072886293729766,0.45596981665073016,0.41237162131640315,0.28454080186252195,0.4209681151943352,0.21473844066024797,0.2312291357118504
20,stable,0,predictive,macro_1,0.6568223194027659,0.21369481400548015,0.6921343839043282,0.38352204817916247,0.4619272660741201,0.20500423330649817,0.3399198381964938,0.4380887752660856,0.29889501264470364
20,stable,0,conservative_predictive,macro_1,0.648426876539262,0.21171468311775,0.5220005545884858,0.42694293716359266,0.48411744434129694,0.21611048858708456,0.5097566478791766,0.5087115516584939,0.3546104020729799
20,stable,0,aggressive_predictive,macro_1,0.6837050236034917,0.18047257603597322,0.8152248041918602,0.4731862773747379,0.4076633646886154,0.24591017230944515,0.21184608221353582,0.2885281461376431,0.21157545271277348
20,stable,0,cgcs_balanced,macro_1,0.6486326354931231,0.21771856543515528,0.5520441007610078,0.3475868023634225,0.5232516342027469,0.165216683190018,0.4806136840542654,0.6306841374296199,0.40066553140440975
21,stable,0,reactive,macro_1,0.29626380656562135,0.33259153987081036,0.4337931351299243,0.2614026872525341,0.5149302312208819,0.1920735548001203,0.6160955958506973,0.3041265015042768,0.3473857264049914
21,stable,0,predictive,macro_1,0.3165067489700062,0.32412473222199106,0.5613702582568265,0.22221115490419327,0.5768513907061058,0.14091214363052607,0.4872484515764721,0.5090014252968583,0.40045110362281827
21,stable,0,conservative_predictive,macro_1,0.33318803696599747,0.37414627718039717,0.3875488633851253,0.23033388912635475,0.6046333098635818,0.11190466607775508,0.6685730781919343,0.6048844191878681,0.4741689123923279
21,stable,0,aggressive_predictive,macro_1,0.34208756169894233,0.29992278089765895,0.58615294289152,0.2260082988243016,0.5178829794079837,0.150926430477064,0.45883547424312887,0.37977131354932037,0.34192702990909724
21,stable,0,cgcs_balanced,macro_1,0.36536734750084743,0.3574309006459751,0.3878259013917918,0.21408429004059615,0.5609484405483505,0.09057269230672078,0.6657887337051045,0.7062839572179722,0.48358608627600386
22,stable,0,reactive,macro_1,0.6296225593866096,0.37368745151447924,0.6232861016370379,0.4359399811828034,0.46141452611509454,0.26542703839609505,0.43276701609013396,0.283602611793507,0.27119809005711526
22,stable,0,predictive,macro_1,0.6217685832913288,0.4292591921069624,0.660032028848745,0.4321682077917784,0.5131258325301484,0.20190913979845534,0.40435684996729937,0.5038070756790812,0.3463149150446231
22,stable,0,conservative_predictive,macro_1,0.6459174930178689,0.4334187044519208,0.5629962764860718,0.40241641747983725,0.5206925584583441,0.16833625486396522,0.5020165291817164,0.5912132630622049,0.394666144951406
22,stable,0,aggressive_predictive,macro_1,0.5788663818570585,0.4205354934081831,0.7742234324870789,0.39890048230621283,0.49045384122030716,0.23665913391388238,0.2888568915241485,0.38740732623162155,0.2820416229567267
22,stable,0,cgcs_balanced,macro_1,0.6499190416176338,0.4292779532384312,0.5476794318993876,0.3888215624154089,0.5494228028637159,0.17204793973627433,0.516712261086377,0.6964829711503693,0.43093978301131386
23,stable,0,reactive,macro_1,0.6121644236076833,0.3181873442013343,0.6620650160191321,0.48349517851729396,0.4400290405553499,0.2983353909664206,0.385663085611068,0.25466653476700823,0.24070321198870423
23,stable,0,predictive,macro_1,0.6055925765170324,0.3531515104602848,0.6351307031665929,0.44987791862546467,0.5088427100514529,0.20574994625670265,0.4178420234024498,0.47362744493600684,0.33997668313462304
23,stable,0,conservative_predictive,macro_1,0.6609300783110948,0.39713529533731684,0.5660873091053492,0.3864678335115197,0.5463546224507718,0.16130210397892142,0.4934829851952483,0.581703786665757,0.40202576584102523
23,stable,0,aggressive_predictive,macro_1,0.611380657748531,0.34623328198078795,0.7221943122570472,0.4569251448226953,0.4670658414277554,0.2186234336095762,0.32974068004007095,0.34979661972873677,0.2766637253689681
23,stable,0,cgcs_balanced,macro_1,0.6469673809307407,0.4010001501356605,0.5649238981244299,0.39356461206069926,0.5230512962047855,0.15199172997952015,0.4952261243959192,0.6856371301353413,0.41824654007087336
24,stable,0,reactive,macro_2,0.5240556408902624,0.3100497883987717,0.5320103594272885,0.39707301676933676,0.4734197315913365,0.2586181477620114,0.5144971088325273,0.26910282258570273,0.29027791118766566
24,stable,0,predictive,macro_2,0.49218096542430345,0.3187843861359794,0.5551733668545286,0.3389769490955224,0.5124656688907383,0.17165577153439535,0.4926442910658684,0.4837791453284883,0.36536607005704264
24,stable,0,conservative_predictive,macro_2,0.5117000208536318,0.3301248415674098,0.4436920731065821,0.3046508979809653,0.558817754032883,0.12695222080106416,0.6058266531285293,0.5746135149524004,0.4345406062875167
24,stable,0,aggressive_predictive,macro_2,0.5364349178539992,0.32506668723240384,0.6804904471956923,0.43015617443506277,0.4936358994095349,0.19757177821418748,0.36826955588916827,0.34774210564432884,0.29822446055237173
24,stable,0,cgcs_balanced,macro_2,0.4695714341974815,0.34320640498563887,0.4215531702088213,0.2000095598619599,0.5769623722926277,0.09348984817777362,0.6299277905390245,0.7041203297725818,0.4814397624934167
25,stable,0,reactive,macro_2,0.49322863827566554,0.1673525461674046,0.5633404271841034,0.42589612523582393,0.45154157084320257,0.2676151465250978,0.4617624547410073,0.2133941661114268,0.2573619751081128
25,stable,0,predictive,macro_2,0.45168933395911864,0.19803869187677947,0.6228625369439748,0.2881157913107748,0.4784655519432237,0.17593038178165035,0.4068432668375422,0.4516903838947179,0.3273713712064413
25,stable,0,conservative_predictive,macro_2,0.4752781628061413,0.23428422228600848,0.48669072570363875,0.3600759378421939,0.5433135133005108,0.1647672829179313,0.5484519076392624,0.5299842902316643,0.39979260384942644
25,stable,0,aggressive_predictive,macro_2,0.4500900890705276,0.16496146994578095,0.6507857137520819,0.33492054179296077,0.48668364252353513,0.1835278865579866,0.3739585067397852,0.31075240612243127,0.29139143754223795
25,stable,0,cgcs_balanced,macro_2,0.4204505139000714,0.21925864372573506,0.44145270099454,0.2258347679543604,0.5324901204603276,0.08748130684362442,0.5914360955643203,0.6555735717131352,0.44736338929595343
26,stable,0,reactive,macro_2,0.49686668947279583,0.3570941730398531,0.5213786864561637,0.3687025884207837,0.4719326492050105,0.23195749364718293,0.5321854394998142,0.29124244287979184,0.30345333330198443
26,stable,0,predictive,macro_2,0.5154210143987498,0.400662904564068,0.6261209691200669,0.32111570583320076,0.5347044950057317,0.1905284174907259,0.4339784665645433,0.5160088754307837,0.3653996705117139
26,stable,0,conservative_predictive,macro_2,0.5745790084758436,0.3474506748272045,0.5353998669679229,0.32850446897990465,0.5326438771387095,0.18946291860005543,0.5167177342561579,0.5759068423935407,0.39455514177050904
26,stable,0,aggressive_predictive,macro_2,0.4873416734153052,0.299344331990707,0.648918731408497,0.39884961863582746,0.4767945682132277,0.17891097756162486,0.3959829183901091,0.345000592469582,0.30049645443003137
26,stable,0,cgcs_balanced,macro_2,0.48154024722412087,0.4011919153314557,0.4441697641602706,0.29480248957640653,0.5782155876330793,0.1064095289923138,0.6160090231394477,0.7054566724507283,0.4768422900691571
27,stable,0,reactive,macro_2,0.7647446204782299,0.2633421721802489,0.7008653564374973,0.5086990159032581,0.37860259799810525,0.3337622922215603,0.3386359693895401,0.23042995708243547,0.19553831323101178
27,stable,0,predictive,macro_2,0.7288270782283152,0.26400577806148634,0.7257797323803811,0.4768735598955794,0.46536706867734523,0.271400397992993,0.3138211343288419,0.43702731034240433,0.2814696416398899
27,stable,0,conservative_predictive,macro_2,0.7194868766166156,0.2647170448436704,0.585597076748823,0.48529411193995675,0.47396769953071693,0.21161898031478074,0.4541104799777276,0.5155921433072933,0.34203629728186635
27,stable,0,aggressive_predictive,macro_2,0.763943225182849,0.24589095096584768,0.8114242761780827,0.5097946774009356,0.43268557695586296,0.24673516106951787,0.2254593664667945,0.3041028973578596,0.2270679977414124
27,stable,0,cgcs_balanced,macro_2,0.6802951212562618,0.262806141682807,0.6485214881204437,0.43884116386099087,0.48177143032101527,0.20764614168104686,0.3908994331319773,0.6282139168167844,0.3579308635118645
28,stable,0,reactive,macro_2,0.5015117936385147,0.32186270121005184,0.5288646875526702,0.38717529213772894,0.4706083814528574,0.23449174447874768,0.5194147176288375,0.27521688699597235,0.2963634947212177
28,stable,0,predictive,macro_2,0.500906093802418,0.36477425249461276,0.6366834546565947,0.3595808769248883,0.48800330815392107,0.19780863292544967,0.41803268321759723,0.4957548129881369,0.3385521260143097
28,stable,0,conservative_predictive,macro_2,0.4893518497174266,0.3503492994764241,0.4584551315648878,0.3252350512895622,0.5900604612783625,0.14947977631198342,0.5940972633565758,0.5775752445588359,0.44021302649764016
28,stable,0,aggressive_predictive,macro_2,0.47991544507801503,0.39298067481601456,0.6283556043814191,0.34454264623060193,0.525555395015392,0.16435627485797139,0.4305914968409831,0.38863470693948476,0.3384577300291379
28,stable,0,cgcs_balanced,macro_2,0.45955569112192857,0.39719718799335973,0.47459006600162956,0.2887484493126768,0.5795005657477815,0.10425418327063454,0.5849895121973744,0.7052693259351406,0.4715165324752359
29,stable,0,reactive,macro_2,0.6434473140018571,0.4058340586123134,0.6018536721470588,0.4286799090095633,0.4668480811912927,0.2907054747325676,0.4590214366447882,0.296305938712397,0.27625276975186264
29,stable,0,predictive,macro_2,0.6622289394961018,0.357707758622387,0.6328288461373959,0.38722723268599357,0.5232489446890758,0.18695998597159996,0.42082731765596215,0.4877522689806368,0.3529135644944613
29,stable,0,conservative_predictive,macro_2,0.6652992533738276,0.39785146668449056,0.5523822463057083,0.38886455692500116,0.5586960687978775,0.19808621659750267,0.5072954736969653,0.5814751019545715,0.40207087999309166
29,stable,0,aggressive_predictive,macro_2,0.6277130995540567,0.409139508128854,0.7069115886829946,0.4303788533886129,0.48165648662873684,0.20632307172649836,0.35445933753633346,0.3771230571673764,0.2956237906577099
29,stable,0,cgcs_balanced,macro_2,0.6524866466005642,0.45538462958551396,0.6071521231220834,0.3112617895441836,0.5736134071566352,0.14790412930837699,0.46115557131574364,0.7211322624460932,0.4392724808591353
30,stable,0,reactive,macro_2,0.6654276213267369,0.2947384040556298,0.5587698980279794,0.47916728891393906,0.4191460168547751,0.2939488296900007,0.48544086258036506,0.24732498363668257,0.25198538938295756
30,stable,0,predictive,macro_2,0.6579125798861534,0.37315550464044084,0.6933925345267636,0.4104146533748045,0.46291311361386717,0.21766992318335388,0.3625807911693025,0.4885214959491934,0.31236388587928177
30,stable,0,conservative_predictive,macro_2,0.6103292495969995,0.40680024786850827,0.5644985661787093,0.3482509614793165,0.5125982331563104,0.17938958945724826,0.49652147100156696,0.5927298944581146,0.3886142816890469
30,stable,0,aggressive_predictive,macro_2,0.6133381282622594,0.3680498590751068,0.6991793526096386,0.44394770783754667,0.47835030487506175,0.2225837446879692,0.35602812625162744,0.3600279091087781,0.2876681321691863
30,stable,0,cgcs_balanced,macro_2,0.6714096265464595,0.43019490392495435,0.6032477684505468,0.34325017575430233,0.5367087435253429,0.1699129523870457,0.4612814671381963,0.7059181812228738,0.41752502535889263
31,stable,0,reactive,macro_2,0.6533904416365558,0.21916820447640767,0.64796034520856,0.4653509272126046,0.4120835283208813,0.32647053163218404,0.3849148854629011,0.22363868612422172,0.2174811224754071
31,stable,0,predictive,macro_2,0.6626683265396677,0.19008749169329137,0.7048145338700051,0.4717069506732871,0.43765230906018415,0.1994754953805197,0.3236985898839886,0.41218923195799456,0.28183412737432256
31,stable,0,conservative_predictive,macro_2,0.6672212977781612,0.20059387941790896,0.5637443301546428,0.41910068407373413,0.4818295722355852,0.17915087447235462,0.4663447517580436,0.5063877209815213,0.35193931152259483
31,stable,0,aggressive_predictive,macro_2,0.6269027044203394,0.23381744770281865,0.7765244195465646,0.44192487752591325,0.43542754440602344,0.21952913086102868,0.2585481976088582,0.3134511311908039,0.24222552908583173
31,stable,0,cgcs_balanced,macro_2,0.6642877027049348,0.2856969701873765,0.5465179475984592,0.46062510964280495,0.47989753324028595,0.1517027004475233,0.4963365979296473,0.6318689176370209,0.39029900400787804
32,stable,0,reactive,macro_2,0.5329117897940407,0.34492235331568544,0.5782042090692121,0.3987440991661397,0.4918818091999015,0.2884137930040421,0.4735341439281407,0.28097400382726195,0.2857534385227799
32,stable,0,predictive,macro_2,0.5422759538670884,0.3181103062209914,0.583134511924542,0.3718592813101609,0.5220530138041846,0.1772949582073767,0.4645820340086067,0.4769667509153149,0.3607702456072054
32,stable,0,conservative_predictive,macro_2,0.5732663726997009,0.38017883714749046,0.5325627525479816,0.2745147410722373,0.5239114536107145,0.15358936724418262,0.524464073024142,0.5981596447871742,0.40485641538124173
32,stable,0,aggressive_predictive,macro_2,0.5438675029098179,0.3683723377094684,0.6917685234630185,0.4030930953972928,0.48461532307476884,0.19939097136638903,0.3634873271934017,0.3683116991188554,0.29800166773996284
32,stable,0,cgcs_balanced,macro_2,0.5808048544045976,0.3474596731581717,0.5553076376343188,0.2987087202400414,0.5838740361106501,0.1410632444938062,0.496811313339407,0.685869141557352,0.44391295863378466
33,stable,0,reactive,macro_2,0.44721606735241626,0.21313604604336958,0.5076997729737268,0.4067172934436157,0.4771815797803981,0.2584675198907725,0.5242706339327786,0.2332541574264562,0.2858055377587728
33,stable,0,predictive,macro_2,0.5187623651579802,0.1906933108998963,0.5666784976952158,0.32793950904619523,0.48721955595177546,0.19729360903875184,0.4619254989397686,0.44115475700572465,0.3351238557831374
33,stable,0,conservative_predictive,macro_2,0.49021623520249036,0.2321494297076017,0.4575877456474918,0.33311720470965045,0.5303031057074357,0.13558181742731867,0.5772346688086485,0.5346288594557306,0.40746409952535223
33,stable,0,aggressive_predictive,macro_2,0.48073191258981496,0.18454895615656147,0.7140510842690432,0.37967898604566036,0.4314659606028572,0.1826093132878037,0.31363125915444107,0.3086563374456645,0.2580658484404594
33,stable,0,cgcs_balanced,macro_2,0.5070461917824974,0.2296199502420736,0.4579556474368548,0.2926366785563692,0.5530456340092331,0.118079184866869,0.5764873450994562,0.645839646873452,0.44392369528218545
34,stable,0,reactive,macro_2,0.5107858304670956,0.16536348128327089,0.6146141329302539,0.4132839309390542,0.41587992768872645,0.2745920503080273,0.4101903892622367,0.21522043226133392,0.2325025354100514
34,stable,0,predictive,macro_2,0.5205685913915364,0.2580020478191501,0.6476564846346331,0.3531925683428869,0.4858110031973398,0.19897455148553725,0.39104382253823944,0.45966220306812516,0.32414772010051707
34,stable,0,conservative_predictive,macro_2,0.5134863950140002,0.22890730787987118,0.45580106549840027,0.3894538992411592,0.49305267220787846,0.1531461268654142,0.5785350306835804,0.5222267779097232,0.3873276873427662
34,stable,0,aggressive_predictive,macro_2,0.4792677359888524,0.2142742244617949,0.7042276803412828,0.3493454916088762,0.4770892636719561,0.1951296571260769,0.32791345332798644,0.32512688023985303,0.2793785930884929
34,stable,0,cgcs_balanced,macro_2,0.495817931862453,0.2916067272328018,0.4585267085522305,0.30411474177562264,0.5487763584123314,0.12305780467539017,0.5852143005326899,0.6652394061763562,0.44731898472694426
35,stable,0,reactive,macro_2,0.5065998668830174,0.23922328381868943,0.5128908131068213,0.3698059946652814,0.42895906915139287,0.2837756751247699,0.5229926794659822,0.24976695040348496,0.26579657623453845
35,stable,0,predictive,macro_2,0.5029536073390913,0.2046271011744714,0.5414932664828171,0.34599241475017867,0.48591840516559787,0.15863700500183509,0.48920079869335353,0.44242100246102933,0.34809437324265735
35,stable,0,conservative_predictive,macro_2,0.472804352349831,0.23070385452922726,0.4222125195085928,0.30611058133001473,0.5266135513207911,0.14837195065099087,0.6123930586707913,0.5395242328192267,0.41161270232609054
35,stable,0,aggressive_predictive,macro_2,0.4274614454775518,0.26418115181171936,0.6252329551633082,0.36337776335974964,0.46426520368126745,0.18957756503580736,0.4143942176084497,0.33978785046215193,0.2961374350150835
35,stable,0,cgcs_balanced,macro_2,0.44401492721289976,0.2785821380142749,0.38644888413386963,0.2705724187988977,0.5602434719820559,0.11428512314851627,0.6553384365682716,0.6673892645452167,0.4679288202370801
36,stable,0,reactive,macro_3,0.47989738496650447,0.37696897414775854,0.5510664159164551,0.3938517875857447,0.5007180504743141,0.2573926558760131,0.5054789302057087,0.2931687834345665,0.30438724640178305
36,stable,0,predictive,macro_3,0.4943912053051776,0.40810256069654965,0.6177657191207704,0.3638074797016107,0.5615306260313393,0.16734774067563438,0.4434496649837121,0.5100744003034703,0.38081839082028796
36,stable,0,conservative_predictive,macro_3,0.46445413880710057,0.3995983357380637,0.4860910125137726,0.28153540133654426,0.5380132809553435,0.14494098322789026,0.5738487378469369,0.6035523372410134,0.42300811187986287
36,stable,0,aggressive_predictive,macro_3,0.4139136457860332,0.33979566669549577,0.6246214489983768,0.3134768104819063,0.5033378846173742,0.1507231349247854,0.42634790100594755,0.37623312124704233,0.3291646360451839
36,stable,0,cgcs_balanced,macro_3,0.47713926134687434,0.44479846489892316,0.47737814670915907,0.3087515968530763,0.5949184422904739,0.1030091511368255,0.5893416230256794,0.7179291433440079,0.4812799139838326
37,stable,0,reactive,macro_3,0.5773920820204277,0.21106694448057461,0.5129023230790517,0.46127835147841817,0.4287056145343498,0.2562894840846026,0.5187577185930345,0.22161776027251745,0.26415768768469317
37,stable,0,predictive,macro_3,0.5464543403471097,0.30903712976047726,0.627362451889882,0.40156104372406404,0.5123726954838307,0.2104849754476068,0.41899311757418956,0.46785078667135427,0.3393304257768701
37,stable,0,conservative_predictive,macro_3,0.5797016364002905,0.3456794731574658,0.48279542497443595,0.4340476203052661,0.5282346974884726,0.18573292968911564,0.569056495999184,0.5541782915440597,0.3993131224473264
37,stable,0,aggressive_predictive,macro_3,0.5452132405952798,0.28847750799971456,0.683233670330266,0.43445502354353016,0.4615901194268755,0.212278962548955,0.3600379558696911,0.3340761230911941,0.2784527911264226
37,stable,0,cgcs_balanced,macro_3,0.5813827658459688,0.32734335770603545,0.45321162878574117,0.3170103011180671,0.5754357632067836,0.10048247115207164,0.5958898748701641,0.6751681149734992,0.4662840560563661
38,stable,0,reactive,macro_3,0.6616753654903901,0.40631417414465953,0.641403867840764,0.4599051504835564,0.46046044889719184,0.29789810510935244,0.41954325828093497,0.29022893085391954,0.2631543660031117
38,stable,0,predictive,macro_3,0.5956989607152409,0.38328427772213663,0.6452838123532135,0.3955908220067524,0.5242415819916165,0.17455050772630928,0.41220882930510694,0.4950313328013974,0.3556503586888812
38,stable,0,conservative_predictive,macro_3,0.6193886860240636,0.3795878837018956,0.5569960189142811,0.42161646271802994,0.5183628487035271,0.16575720232628066,0.49994216364100325,0.5685324667520575,0.3888920174557375
38,stable,0,aggressive_predictive,macro_3,0.6589723838932469,0.3694819888564203,0.7769040646987979,0.47980511823494465,0.4368740450626766,0.22458463836187412,0.2785182336296651,0.35335767245275823,0.2545375441169821
38,stable,0,cgcs_balanced,macro_3,0.6008090443407156,0.43074960950710894,0.4937959734285234,0.35133091415866413,0.5764096062239126,0.11569529388423794,0.570816467997543,0.7044961804957555,0.46504904489681403
39,stable,0,reactive,macro_3,0.7986561230960412,0.28310069819982425,0.7115331536344953,0.5429522660858312,0.41596941087984524,0.32637959268712524,0.3309319510954783,0.23049479115277222,0.2096877018696217
39,stable,0,predictive,macro_3,0.7621302851804517,0.2877307737922325,0.7252642345545453,0.5028109378175967,0.46663011722882497,0.22882138770558452,0.31789538151428964,0.44014358326376213,0.2919658316267222
39,stable,0,conservative_predictive,macro_3,0.8258522907293272,0.30490538886850804,0.6480337092402226,0.475968703593556,0.484844334783748,0.22179265012417382,0.39770209909005355,0.5315231453852666,0.3363578289957589
39,stable,0,aggressive_predictive,macro_3,0.7958506004810312,0.29236721675938987,0.8516836093156233,0.5628019844676749,0.426697795018981,0.276144200953318,0.19217147319828523,0.30976812897225153,0.21349960493010156
39,stable,0,cgcs_balanced,macro_3,0.7669468744836334,0.3458162955566309,0.5823647574319443,0.38465312231609966,0.5150936394392945,0.1606677653485069,0.46950768690155037,0.668105078981601,0.4044866846734928
40,stable,0,reactive,macro_3,0.7049861829598202,0.3504147589148508,0.6530818544906462,0.4769967250639637,0.4146036332745104,0.30795989336364293,0.39948035934658144,0.26724582060740504,0.23464755437453078
40,stable,0,predictive,macro_3,0.7138540874213055,0.3216762373693921,0.7275165364803885,0.3923340684616561,0.4759296668481445,0.2437433931579717,0.3207348991250203,0.47411986938695605,0.30055794586083495
40,stable,0,conservative_predictive,macro_3,0.6694329757215147,0.31926257596410573,0.5163428340307663,0.4426536358753433,0.5160437352817259,0.19051485367195006,0.5315465523638495,0.5432111744123684,0.3838094175161568
40,stable,0,aggressive_predictive,macro_3,0.6765585482683981,0.3245480483134691,0.7474566385871048,0.5427416147059605,0.4551784210468464,0.23552237124431105,0.3012255686599156,0.32504349396852217,0.2576180081539975
40,stable,0,cgcs_balanced,macro_3,0.6633176273384885,0.38183180348446166,0.5246947823266555,0.3787343082697846,0.5371609244705687,0.1463396336016498,0.5325799881960138,0.6818942695656047,0.431385961522122
41,stable,0,reactive,macro_3,0.5714930108331031,0.24478577259609952,0.5766286183276534,0.45071619918116457,0.41164365956525945,0.275739586064092,0.4600892475617615,0.23553178057240193,0.24511151466026096
41,stable,0,predictive,macro_3,0.583539957451698,0.2588336500983382,0.626325060783727,0.35613668238584906,0.49237886031518835,0.22175399243298766,0.4124999867310238,0.4593644410572486,0.32631334281197355
41,stable,0,conservative_predictive,macro_3,0.529421517340187,0.2451299736835896,0.49930009194642444,0.2746180565149372,0.5262734102726808,0.15679220978506386,0.537469404106114,0.550871879486269,0.39731114825480796
41,stable,0,aggressive_predictive,macro_3,0.6140875498084205,0.24596577897035524,0.7309289526688215,0.398409341340071,0.4457771076908178,0.2127471271267127,0.30596591417673175,0.3264061543716102,0.2598484122942688
41,stable,0,cgcs_balanced,macro_3,0.5612657050622796,0.2761353282509781,0.46863408654083133,0.31629082589582797,0.506160716789423,0.12139899044325834,0.5727862126968153,0.6573891997086768,0.42724414076660105
42,stable,0,reactive,macro_3,0.48113354706657363,0.3657816913583639,0.525597648713688,0.34588693587766695,0.5200240965259236,0.2625920352179131,0.5292696049900666,0.29884620479989393,0.31669083569025835
42,stable,0,predictive,macro_3,0.5431848790822884,0.42779376100951777,0.5715126508072644,0.3360929115730109,0.548487158840276,0.1496826308094979,0.4926564133441632,0.5225092340387291,0.39197190835475837
42,stable,0,conservative_predictive,macro_3,0.5101427420087865,0.41381881142251686,0.459754142804669,0.3498927079822137,0.562233350902165,0.16295993735931463,0.6023186789087085,0.5948580424014381,0.43238919098101786
42,stable,0,aggressive_predictive,macro_3,0.535533987872939,0.3708553959187376,0.695244487251468,0.39184561303018256,0.5230005355327825,0.21908443511673117,0.3603838221363426,0.3714302659655217,0.3087147394187944
42,stable,0,cgcs_balanced,macro_3,0.536636261320838,0.4087054679907196,0.446953294589654,0.31744028955209286,0.5816897049907253,0.11333180791100275,0.614352525608954,0.7035588558863334,0.4760291797310592
43,stable,0,reactive,macro_3,0.546790320966119,0.24758961345086786,0.5982794330079682,0.3704549961385004,0.4289875976727406,0.2714314830878881,0.438859009009662,0.25256536548010367,0.252065172705619
43,stable,0,predictive,macro_3,0.5528244652263786,0.28532715345475324,0.6105960578097276,0.40863811683251783,0.538005854061063,0.1873593131828296,0.4322030152084854,0.45813688034266015,0.35420107862372036
43,stable,0,conservative_predictive,macro_3,0.5565177661071993,0.29213819018910525,0.47424735301773346,0.3165801291171357,0.5358728275061914,0.16005486463370205,0.5695733755106324,0.5589323407427598,0.40850049159114593
43,stable,0,aggressive_predictive,macro_3,0.5630068242650097,0.25529256996635924,0.7019404693510274,0.4075657942665467,0.45170753272896214,0.19849620651782218,0.3363534161439265,0.32783924063491643,0.2713449373019081
43,stable,0,cgcs_balanced,macro_3,0.5373824873540421,0.22025555952230502,0.42695626968361866,0.2715271703892359,0.5313191116650515,0.12064567663949896,0.6060820642447271,0.6467840117549597,0.44128102253985635
44,stable,0,reactive,macro_3,0.5337175301880529,0.266216795046161,0.557784822021555,0.46144223133975576,0.45014558799168414,0.28758463256347466,0.48214769723536915,0.2408874319982052,0.26296317141082404
44,stable,0,predictive,macro_3,0.49973120983089375,0.3563756358991236,0.6313934915422319,0.34038953760677837,0.5316110909980719,0.20376046049013197,0.42206285384263664,0.4966535650433376,0.3549364775593025
44,stable,0,conservative_predictive,macro_3,0.5293838084984926,0.3030527989272879,0.44821139005628213,0.269172698096819,0.5455877928911949,0.13714281020141852,0.5972465297828111,0.572233940005187,0.4252355720160737
44,stable,0,aggressive_predictive,macro_3,0.5399320826651495,0.3119040683492234,0.7198041196160619,0.44894458151854133,0.4761135622798602,0.20489191473582524,0.32698149063632154,0.33937750761852,0.28000412052252055
44,stable,0,cgcs_balanced,macro_3,0.510457666275735,0.30249341053095086,0.505830582323486,0.3033217313068371,0.5390144126684474,0.1330012587191863,0.5395434292561566,0.6692083474244654,0.43335974735478644
45,stable,0,reactive,macro_3,0.47536551217128753,0.2379891556671698,0.5430446149016773,0.38621402560633006,0.46199377029794086,0.24225925963910513,0.49265375844839815,0.2460533993622434,0.2797682803347697
45,stable,0,predictive,macro_3,0.4643168826575545,0.2534441539695745,0.541281342716269,0.3535861151821648,0.5069768655566743,0.16332289724070656,0.49673528037916714,0.4579882308529181,0.36009109632687036
45,stable,0,conservative_predictive,macro_3,0.42276122782351466,0.2699184621369826,0.4282650850777921,0.2511440102343411,0.5486389200841132,0.15049376369783768,0.6122226842427554,0.5642426597010757,0.4249619588751832
45,stable,0,aggressive_predictive,macro_3,0.45199507359407864,0.2555338099141876,0.6589679049730243,0.3120620289850219,0.49093263884774807,0.18423832976224772,0.37936216651410387,0.3470244276729614,0.301924544200567
45,stable,0,cgcs_balanced,macro_3,0.44661749311217336,0.2759409400724917,0.4056947832096014,0.2782669656653413,0.537583408353944,0.10557251566659999,0.6356963578012723,0.6649259358923039,0.4565901694977401
46,stable,0,reactive,macro_3,0.49911747834548403,0.2073290507662948,0.549450794843004,0.4119361519681257,0.4500890559381255,0.2724764836169463,0.48164856277194024,0.23017793737457798,0.26350740330989364
46,stable,0,predictive,macro_3,0.4788562956777774,0.2620532903181434,0.5324629295932208,0.34371689701537605,0.45798198483752983,0.17329777817279027,0.5068450639545007,0.462975272208275,0.342597171280424
46,stable,0,conservative_predictive,macro_3,0.499131546811472,0.2403159546698867,0.4999301901281468,0.2808332758334919,0.49750792246310854,0.16707821197258427,0.5361172030723362,0.547943928967762,0.3834084731288393
46,stable,0,aggressive_predictive,macro_3,0.5230774851142465,0.2127137974266528,0.666414376593274,0.373553524165194,0.47977506400485037,0.19736728882050797,0.36549269302072396,0.3197391242662897,0.28628221250047003
46,stable,0,cgcs_balanced,macro_3,0.48588980069655463,0.24372324901322334,0.4312828986592724,0.2526311932408081,0.5242464708536191,0.1224943332268387,0.6052755886927111,0.6587768985064666,0.44070082768897234
47,stable,0,reactive,macro_3,0.6582831202883492,0.21057882450115606,0.6421258442763118,0.4666077280578135,0.40381471469671576,0.3005383024022666,0.3894609793988616,0.22038104296384192,0.21971795643611622
47,stable,0,predictive,macro_3,0.6079530521108825,0.249347880019935,0.6067110621235338,0.41885138120636367,0.44167696807198015,0.2072589357075861,0.43069111987945646,0.4435014817657046,0.3100940106901816
47,stable,0,conservative_predictive,macro_3,0.5640025445346569,0.2434257145869247,0.49879161620821494,0.37110337346125827,0.5183350456803235,0.17621153607067613,0.5377222409798238,0.530978325413172,0.38608468993125034
47,stable,0,aggressive_predictive,macro_3,0.6180375461112502,0.22442169062406792,0.6960573624211482,0.4618605395317159,0.4491319931777959,0.20438080431253272,0.3376058911724619,0.3061754838120806,0.264673781218206
47,stable,0,cgcs_balanced,macro_3,0.5824469500251817,0.26527862977537836,0.4754681464584059,0.290893009158143,0.5610560363202045,0.12423283270765327,0.5643236480079009,0.658668918589754,0.4461266189514731
48,overload,1,reactive,macro_4,0.858143342133916,0.18657601210990776,0.7838329748469162,0.6657473050035929,0.2923123175673326,0.3637058182575584,0.24415342696957,0.09715214323774915,0.10854167393029351
48,overload,1,predictive,macro_4,0.8486092631787382,0.1771017788642667,0.8220864673117221,0.5629904939716233,0.4410863945323112,0.2599683152115249,0.20447879951791792,0.25188752380816876,0.21193018202135397
48,overload,1,conservative_predictive,macro_4,0.80465212597039,0.21954058984139338,0.6517332050655965,0.5522116406476187,0.4512870382569008,0.23742920728281083,0.3811978834106125,0.32389687831496394,0.2715001229924747
48,overload,1,aggressive_predictive,macro_4,0.8314839306478057,0.17526366484692263,0.9116836198572429,0.5513856467462782,0.45793221246717647,0.28605266003597146,0.11460592986979551,0.17106515334716726,0.17735922844066865
48,overload,1,cgcs_balanced,macro_4,0.8255325424318113,0.170869483354597,0.6800609254560084,0.46891683517803395,0.5151135766860754,0.2072477646056145,0.34556949704718115,0.3950209521385022,0.31031211509949247
49,overload,1,reactive,macro_4,0.7518164729056498,0.16237974392803764,0.7274273589400786,0.5961222362871385,0.3529405600819987,0.3331705829471247,0.29692960264912704,0.10260846311738547,0.14944307865738476
49,overload,1,predictive,macro_4,0.7262110740043508,0.14841414027731137,0.6958120370824893,0.4655556595509396,0.4700615821283388,0.20181134660900307,0.3264500839591074,0.2613338171868711,0.2610445884599013
49,overload,1,conservative_predictive,macro_4,0.7111463342263095,0.16806788628729322,0.6132124121886755,0.43766063299010416,0.48143563748708346,0.19859371855275365,0.41199777075441846,0.32879163360253183,0.2979605120779817
49,overload,1,aggressive_predictive,macro_4,0.7922507148967853,0.19167433393944186,0.8529410117019783,0.596647512571836,0.49181229636857193,0.2504168135523132,0.17581013838893794,0.1677565143644375,0.20887377074755853
49,overload,1,cgcs_balanced,macro_4,0.7605531041580855,0.1889538278513403,0.6083442699086884,0.4580050183762047,0.5259129286557351,0.18507257620384981,0.41999880426901265,0.4035328360727282,0.3356093824382121
50,overload,1,reactive,macro_4,0.6647285665480238,0.32447262047962133,0.701645582057142,0.540314955554728,0.37857785505348257,0.2877667996103972,0.3470253110148012,0.1705024260569219,0.19322182093372697
50,overload,1,predictive,macro_4,0.6913788873355009,0.25557473390228563,0.7725796602389722,0.4551300313806338,0.5148538413968585,0.2424173389005979,0.26575654984637065,0.30092515058967323,0.2665158350496889
50,overload,1,conservative_predictive,macro_4,0.6891966759364127,0.3071950436380721,0.5952915462038632,0.46321322615135485,0.5355542401009401,0.18988729696280796,0.45078771034184767,0.37237562004305425,0.33761333032363716
50,overload,1,aggressive_predictive,macro_4,0.6288869795586755,0.2655678497906569,0.7753919421934111,0.48164041838877025,0.5535385606221876,0.23345994555521576,0.2644432352751874,0.2166206637489759,0.2641978570052003
50,overload,1,cgcs_balanced,macro_4,0.6361716813632314,0.26635837860674905,0.5665534980092908,0.33786894245040716,0.5730402478493465,0.1460235100979852,0.4734002587817216,0.45465164402228075,0.3832540056044007
51,overload,1,reactive,macro_4,0.6975035500171686,0.2081470604917822,0.6770382191014583,0.5559063579070751,0.37087291107541065,0.3159622922065028,0.354183839972309,0.12667019959070874,0.17644345967177322
51,overload,1,predictive,macro_4,0.6669660454964887,0.21986635889906572,0.7174575313323973,0.4820166938847999,0.4950375854557194,0.20970379897729538,0.31552242250246254,0.28304988683771304,0.2715489822825037
51,overload,1,conservative_predictive,macro_4,0.7501488093713485,0.24105528239073665,0.6743605604084056,0.5401572565481081,0.48439236412790887,0.23605363580596564,0.36179773195020487,0.3338378975271363,0.28266225505342324
51,overload,1,aggressive_predictive,macro_4,0.6924958235497674,0.19942426290726742,0.7909916540319107,0.49075190674175667,0.49582903899254255,0.23701649149522988,0.23892198540417936,0.19164811066919224,0.23095871794617834
51,overload,1,cgcs_balanced,macro_4,0.7211006695758444,0.25637963705225625,0.5918079875753189,0.4381700161480881,0.5449102204442018,0.13866539011334542,0.44664895798251947,0.4310988697386721,0.36350434868513937
52,overload,1,reactive,macro_4,0.7788627581498139,0.19680800857178052,0.7468782867775942,0.5769913972697422,0.36316412277336735,0.3453230217530975,0.2826429145081729,0.11848452354617472,0.15153294038505316
52,overload,1,predictive,macro_4,0.8064268781149582,0.2322960240568746,0.8121487201346512,0.5852876871719829,0.47355232254207336,0.25541875892977517,0.22269568347387997,0.26674607098550956,0.23208940309162096
52,overload,1,conservative_predictive,macro_4,0.740388977842344,0.26254838592124696,0.6526734529966018,0.5245383238885329,0.4824997988645464,0.20714554126855067,0.3867088048915852,0.3444842702947299,0.2950491157579751
52,overload,1,aggressive_predictive,macro_4,0.7414985820207785,0.1818948182182967,0.8357397003076581,0.5561148883985737,0.46913365906221843,0.24162591843333595,0.1915445224250864,0.17244020869668913,0.20619135715526468
52,overload,1,cgcs_balanced,macro_4,0.7507141595228939,0.2601025157785829,0.6349858149908164,0.42982218854396553,0.5517389591111785,0.16869572561194543,0.40402956237597104,0.4340714428137109,0.35222328923406937
53,overload,1,reactive,macro_4,0.6637316775630262,0.018879381038334926,0.7109567659026025,0.5351986519391251,0.28742035382107906,0.305508217081245,0.29187514125314773,0.0645680529755922,0.12069809094102088
53,overload,1,predictive,macro_4,0.6968439068590373,0.03855228661867045,0.7546517147869585,0.4880811205392202,0.45334291880077615,0.2590544071591784,0.2511311282058421,0.21837707620869068,0.21872861011953962
53,overload,1,conservative_predictive,macro_4,0.6509218005287494,0.0704683544911181,0.5745489705165437,0.4498942364253541,0.43585575207813276,0.16488324404861843,0.436021282657124,0.29218507678682054,0.28413351040449214
53,overload,1,aggressive_predictive,macro_4,0.6558007246723356,0.03361412424975654,0.7788779250872802,0.5014201588613864,0.45763162477011793,0.2214480272280362,0.22616419355018333,0.13148091171513754,0.20376905125440453
53,overload,1,cgcs_balanced,macro_4,0.6859212000269826,0.12106596257875094,0.643205202746155,0.45354278202452486,0.5069792276789271,0.16780675558905378,0.37495469164065764,0.38066453049765786,0.3178278904377978
54,overload,1,reactive,macro_4,0.7847746658405137,0.180188235817003,0.7356048102237898,0.5369141989863901,0.3280273624196872,0.309201740081601,0.2914234251487607,0.12068304273867303,0.14764500413542114
54,overload,1,predictive,macro_4,0.7871205076062476,0.18502147027783844,0.7990164888669393,0.5866676639114132,0.47773022806926185,0.2539594319955903,0.22873673167473643,0.24992398181496084,0.23147622260144016
54,overload,1,conservative_predictive,macro_4,0.7755060235325325,0.20549242939288212,0.68004317939449,0.4881176057648364,0.4678851615197194,0.2146281575799225,0.3507806850144423,0.33179882913454145,0.27802260927399647
54,overload,1,aggressive_predictive,macro_4,0.7926323177873202,0.17218219622832384,0.864328200196909,0.5771606246499684,0.4547756975723323,0.25655748466407396,0.16149912923733953,0.16483164374991968,0.1900660556171217
54,overload,1,cgcs_balanced,macro_4,0.7409811671105525,0.20031312336874268,0.6480231786578617,0.48210563483054514,0.4959482211816753,0.17218763848279986,0.38202378984744967,0.40268846621295096,0.31901901688881573
55,overload,1,reactive,macro_0,0.6527092735737519,0.1522327169320167,0.7077358105369497,0.5260520078972015,0.3696236387494822,0.30666910755967997,0.3150990970028528,0.11307104934676554,0.16701861146972619
55,overload,1,predictive,macro_0,0.6635243578892404,0.15727871779225827,0.7067010250029403,0.4319184676038512,0.49157677080028644,0.22771158473792966,0.31689078266589843,0.2711638577065202,0.26429106118513707
55,overload,1,conservative_predictive,macro_0,0.7104143580762619,0.14842645664596965,0.5681759775810195,0.4397774852217393,0.48170950812861324,0.1679362191309746,0.454087990915876,0.3214937627817416,0.3110085952578364
55,overload,1,aggressive_predictive,macro_0,0.7073830587098963,0.14646066597100907,0.8779328330221751,0.48713583217644124,0.4723444765374267,0.2524002542569008,0.1440362668734763,0.1738340666545649,0.19606159827154154
55,overload,1,cgcs_balanced,macro_0,0.6639448812051228,0.19873756510076276,0.6244972809938596,0.4309426981317356,0.5283997106712782,0.1586975730592683,0.4053133537712548,0.4123696081589199,0.34083635999244544
56,overload,1,reactive,macro_0,0.6779644720284552,0.18411836545749816,0.630178281729394,0.5172185902561037,0.3619527511110103,0.2956418028926174,0.39743947308923067,0.12599770985890357,0.18562107563046537
56,overload,1,predictive,macro_0,0.6623541660413377,0.22581659732759826,0.7284771333081959,0.41987762523991756,0.5093722531697514,0.2081407052453909,0.3053953562909439,0.29756028401667595,0.2784756488972848
56,overload,1,conservative_predictive,macro_0,0.6387841264136308,0.20183119355423754,0.5823599636044632,0.49974031422887943,0.5122883036362458,0.16460053148474468,0.44791471542867245,0.32819285489820726,0.3235348202481646
56,overload,1,aggressive_predictive,macro_0,0.6191791524918898,0.16394931281295738,0.8020185538664847,0.42845032616684153,0.5299159303562639,0.19304294495584698,0.2225738430554589,0.1916921942511668,0.24944651589055936
56,overload,1,cgcs_balanced,macro_0,0.6413421909704345,0.23609897225172707,0.592186665830642,0.3579286932729391,0.5694739486519171,0.1540102713488599,0.4432281800071171,0.4400489016335166,0.3710544405787536
57,overload,1,reactive,macro_0,0.6907817719500583,0.2986154123688929,0.6549255045046027,0.527693879313824,0.3698470804702778,0.29766814588440604,0.3898668073507312,0.1639766184663477,0.19505647893456712
57,overload,1,predictive,macro_0,0.7325010473831113,0.3072448434623402,0.7538164220061554,0.5236172940556331,0.4914207407538173,0.24286649461932147,0.29227030451319563,0.3053122364006925,0.2637893354733778
57,overload,1,conservative_predictive,macro_0,0.715391551411838,0.3341478974684508,0.5922764074672625,0.48128577528269717,0.5203862306504571,0.16063178265426856,0.4578457771530051,0.3781946090574184,0.34039238053955306
57,overload,1,aggressive_predictive,macro_0,0.6910529820083744,0.2690744021219208,0.8534421580019635,0.5244444576443029,0.5015577425953569,0.2554037803629349,0.18691900231632458,0.2092871492138117,0.22293815940395215
57,overload,1,cgcs_balanced,macro_0,0.7096990679627646,0.3186843887002573,0.6339668521632358,0.4389612154096473,0.5300366285332855,0.16795356043973272,0.4138358061418028,0.45274729296316063,0.35019477243495784
58,overload,1,reactive,macro_0,0.6635357636547932,0.26283637295047746,0.6675448841236967,0.4258356184853734,0.3926876544201311,0.29148034088867325,0.3718805718188749,0.17182560683559245,0.2031029883695205
58,overload,1,predictive,macro_0,0.6523782701597958,0.39050238363896544,0.7424471740057668,0.43694122818179093,0.5150570248295335,0.2174129655540332,0.31612818354007804,0.35178758863727977,0.29285798253263323
58,overload,1,conservative_predictive,macro_0,0.6668927724330775,0.35681965391751624,0.5840885023281243,0.46748186230033995,0.5333098110900218,0.17904214543479396,0.46943444575950316,0.38889050641106276,0.3462920996895839
58,overload,1,aggressive_predictive,macro_0,0.6779214550156173,0.3634219374728983,0.7383613960034532,0.518945931810541,0.5561634066039097,0.20719601525417683,0.31615189461748155,0.24340849175340623,0.286683138567896
58,overload,1,cgcs_balanced,macro_0,0.6267037235565512,0.3530798067590183,0.5709722165632332,0.4209390177481498,0.5872042756927812,0.12893495101440447,0.4819897544506196,0.4683901288160265,0.3967944137900257
59,overload,1,reactive,macro_0,0.5065490366785679,0.36197802527585565,0.5682008426074829,0.42245925478296664,0.45487264031952873,0.250520954332209,0.4860958611838954,0.20720045788995617,0.26555068542754856
59,overload,1,predictive,macro_0,0.5447133092485551,0.3979402275827225,0.6329780717718225,0.40593620528638874,0.5909555114358728,0.19736663396344414,0.42671296236558587,0.36059183859667515,0.3497625645173285
59,overload,1,conservative_predictive,macro_0,0.5127985359764707,0.41630826117476344,0.47868380458722426,0.3682455307683741,0.5982156826084083,0.16059030265376456,0.5837624345889902,0.42955878525749247,0.40645931853488865
59,overload,1,aggressive_predictive,macro_0,0.5055616273568005,0.38555063138959667,0.6183374077022779,0.4169126798050158,0.6124418485716434,0.1697909791271911,0.43949518700616164,0.27156018502535567,0.34641198473859686
59,overload,1,cgcs_balanced,macro_0,0.5270597511576787,0.41282603151089625,0.48565575209146683,0.35519274347522617,0.6018194433167009,0.11937816147783264,0.5762681526351676,0.5024505623337685,0.4306085104052424
60,overload,1,reactive,macro_1,0.7118297359051216,0.24726017782544246,0.6446032953443279,0.49117208390092937,0.40368827921688466,0.2724840466087383,0.39248573132948844,0.153306645458719,0.21112934504748443
60,overload,1,predictive,macro_1,0.6606597128015018,0.2716950102483397,0.6959731890929729,0.4960288400435812,0.5127872491190677,0.20122995061285287,0.34478106244427803,0.2983874855782027,0.2892146238587354
60,overload,1,conservative_predictive,macro_1,0.7196023794053614,0.3275169640745502,0.6038788028416282,0.5254904167338516,0.5263835096013413,0.20111035864432705,0.4452487417695543,0.3670328540793223,0.32960063817100604
60,overload,1,aggressive_predictive,macro_1,0.709043477067576,0.24334398801078982,0.8031670506466897,0.528565887239738,0.5353472651837332,0.24063238325850542,0.23333454755492877,0.19945721835582886,0.24585298166738564
60,overload,1,cgcs_balanced,macro_1,0.7106580425497461,0.34153974044187024,0.610809154959331,0.4643277290579791,0.585381439377847,0.15815212023334455,0.4404218061069496,0.4556733633430588,0.3791470240737759
61,overload,1,reactive,macro_1,0.6675373788648098,0.26284347099978056,0.6525693574456973,0.5170915455100678,0.3880902307034899,0.30241269471380167,0.38685716320426977,0.15357690574790966,0.1981501006299599
61,overload,1,predictive,macro_1,0.6022991706047109,0.3074978863468453,0.6273213357923423,0.4236023294781461,0.5508803106561343,0.1955451488271908,0.4188033471596845,0.3254037943257667,0.32557499246749844
61,overload,1,conservative_predictive,macro_1,0.6550575520604075,0.3159694490187108,0.5918630508039499,0.40483427836858793,0.5312466551125364,0.1558507078929794,0.45553236654885676,0.38712245148283125,0.3469770000001622
61,overload,1,aggressive_predictive,macro_1,0.6571973136010547,0.2792349923903418,0.7505505223080184,0.49661320120582936,0.5598566256781138,0.23553463969979593,0.29133472655053283,0.21840960709545376,0.27195564868883043
61,overload,1,cgcs_balanced,macro_1,0.6315077197062308,0.3677767820970379,0.5184340256035154,0.3813171095697032,0.5834784655851175,0.13639591829780626,0.5367324917110403,0.48145845182002267,0.4077099910053965
62,overload,1,reactive,macro_1,0.6171758120200365,0.11254343936765748,0.6661328236557957,0.45082803932770404,0.3660895632017145,0.27575549202387134,0.3507486922493529,0.1142245959131393,0.17924208516263845
62,overload,1,predictive,macro_1,0.6229811814871165,0.14361046128039257,0.6246604097248527,0.4654930097444455,0.4853308863032205,0.18755417190300114,0.3968811594672062,0.25966505949924834,0.2834174473978995
62,overload,1,conservative_predictive,macro_1,0.6428084917836225,0.16686407714387586,0.5203109379511888,0.36800982216616,0.5115966210953582,0.15901203539296885,0.5047186736203926,0.34230046256712454,0.3388541454264883
62,overload,1,aggressive_predictive,macro_1,0.6609390348589351,0.15793593754728488,0.7804516201558452,0.47705942699432397,0.507353569332808,0.19877876759541538,0.24323877047624748,0.17986569274268494,0.24125680932602414
62,overload,1,cgcs_balanced,macro_1,0.6573719808653701,0.2153271349468556,0.5855693877735982,0.3923100912966182,0.5526356648227035,0.16175267919891415,0.4467296824684301,0.4259024789720759,0.36069549866038725
63,overload,1,reactive,macro_1,0.5129098966687188,0.14412269366478264,0.5469129479669573,0.431385847649419,0.4143766701895253,0.253471956648244,0.47470545608276005,0.1291657732527901,0.23012630467453665
63,overload,1,predictive,macro_1,0.5029608825673288,0.16609582277485324,0.6336253894470258,0.3753874744183177,0.5216579558618436,0.18655077939988096,0.39128898396920214,0.2855560430875351,0.3019999936206225
63,overload,1,conservative_predictive,macro_1,0.4758043946801389,0.15558460105844316,0.5178928317489746,0.3445415420819266,0.561293929976692,0.1298708435788694,0.5054448584097919,0.3430463019540698,0.36387668278722285
63,overload,1,aggressive_predictive,macro_1,0.5051798374862088,0.15292514150507278,0.6925552814943475,0.3612640672639923,0.5512128112078503,0.18061575441276148,0.3303834897314134,0.20127098607397706,0.2836940322589884
63,overload,1,cgcs_balanced,macro_1,0.5222882412154606,0.1687693412843172,0.4707829923978067,0.34825991057391015,0.5647769121779193,0.11064124033673571,0.5545324087948409,0.41841728733472905,0.39544526353287074
64,overload,1,reactive,macro_1,0.6146652911877619,0.22944789790702294,0.6513322572761293,0.5358422486048027,0.3635294290785346,0.2883326028993121,0.3830849274099241,0.1381383145464975,0.18748207715219495
64,overload,1,predictive,macro_1,0.5973898414817111,0.26550634031759746,0.7011138850171412,0.4401659964064361,0.5089344430739593,0.19785894875826002,0.3387120660304984,0.3073940198298719,0.2891923961851241
64,overload,1,conservative_predictive,macro_1,0.6369889216781868,0.3103046191461099,0.5268055643771754,0.5008908002432821,0.5311991145450414,0.18442213074408903,0.519740128494741,0.3659284566524821,0.3494235235407922
64,overload,1,aggressive_predictive,macro_1,0.6542943813664753,0.263449119840724,0.803941871749403,0.5297112907043314,0.5427871294943677,0.2384851901490023,0.2355754962267056,0.20626493380338712,0.25105545586014555
64,overload,1,cgcs_balanced,macro_1,0.6021120635756322,0.30002532352496575,0.5678401019566733,0.37854146538747074,0.5771492794727564,0.11486842929714977,0.4771636965720715,0.4583005701562439,0.3926019050890055
65,overload,1,reactive,macro_1,0.5428119089895402,0.27388348582489985,0.5566998949162296,0.42708135763819915,0.43875501368517206,0.23664496688719813,0.48438262795750536,0.17544294851107514,0.25487188608686334
65,overload,1,predictive,macro_1,0.5573952250181153,0.25972468540293475,0.6293454208662835,0.3698782431618745,0.5703838372005052,0.18932596418826686,0.4096132819441567,0.3194279912586523,0.33107747976427343
65,overload,1,conservative_predictive,macro_1,0.5218364777011887,0.2836918628289308,0.4768531958941427,0.331138428677652,0.5624440182630014,0.1413853092980382,0.5657005835301969,0.3905644662545954,0.3845159643623833
65,overload,1,aggressive_predictive,macro_1,0.5667801082423062,0.28341172990112656,0.7216461530439473,0.46039924212137123,0.5575543610864556,0.20791291062491973,0.3208656064412217,0.2271142570411201,0.28442633292516
65,overload,1,cgcs_balanced,macro_1,0.5243279830209361,0.33631697708963726,0.568051575685398,0.32779162999888833,0.5557424141707594,0.1262667200413737,0.4823959708780476,0.48115261598159537,0.38826154306817434
66,overload,1,reactive,macro_1,0.6457883894746111,0.20882378800377074,0.6202436245600025,0.5033811616610435,0.38593888421005706,0.28458734455282836,0.4110799436405631,0.13741209346911107,0.2021859563805731
66,overload,1,predictive,macro_1,0.6116402034357417,0.2368131922835578,0.6765856291114222,0.3639265692608401,0.5285781348255879,0.2215243229330843,0.3589363497311115,0.31259930344707726,0.29711394335168584
66,overload,1,conservative_predictive,macro_1,0.6315445562651122,0.29632225266867934,0.5611629622396148,0.4655610622849796,0.5096623099388402,0.14336306860870202,0.4832853756606871,0.3681005759770419,0.3426382659021055
66,overload,1,aggressive_predictive,macro_1,0.6603499324099822,0.28849336746680565,0.8146230421986214,0.5029932539222858,0.5514548047131578,0.2248416384137706,0.22865096292139947,0.2203740278289248,0.2587969768148892
66,overload,1,cgcs_balanced,macro_1,0.6117258784891741,0.24992267625680298,0.5422066051061291,0.37443211996410825,0.5496680975331482,0.13504527406744551,0.4952817963323914,0.4415865126970594,0.37807021430893856
67,overload,1,reactive,macro_1,0.5930437638745403,0.17350635025043099,0.667204021868625,0.4759037881786387,0.39288493817816733,0.3072513199452947,0.3588219306689396,0.1305464649519231,0.18833062094185565
67,overload,1,predictive,macro_1,0.5681909602380523,0.14786833146731537,0.6335765390751275,0.4090413133486572,0.5348329838175486,0.1859712638221884,0.38860371064496985,0.272445653343829,0.3037010669508672
67,overload,1,conservative_predictive,macro_1,0.5879220211516483,0.19274349960592546,0.57828556805634,0.42558659934807486,0.524248773185187,0.16366183227060335,0.4506259568845488,0.339842904992459,0.3313727978315012
67,overload,1,aggressive_predictive,macro_1,0.5529179844466795,0.18832963758626003,0.6580307753314525,0.40621257328945726,0.5362039351526426,0.20471099718059382,0.37021867030648653,0.2046728584972996,0.28188705885258863
67,overload,1,cgcs_balanced,macro_1,0.5844807229509941,0.19398953555702209,0.5005658484165001,0.41384394074253483,0.558214320877921,0.1521466138976717,0.5285325819170532,0.4141275492964508,0.37850669638270545
68,overload,1,reactive,macro_1,0.4838748689437649,0.19651637514293452,0.5239363633919722,0.4019975811166857,0.4381639902958679,0.24625774599168007,0.5055410928794679,0.15338121507668995,0.25210285300685914
68,overload,1,predictive,macro_1,0.5075481421142224,0.24087801890009175,0.5706097585351345,0.3260866170616643,0.5752499952493171,0.16156112718530158,0.46552194429987925,0.32158998320269927,0.35013695792224986
68,overload,1,conservative_predictive,macro_1,0.5214822345768768,0.2479630441350692,0.49051428925928897,0.36601689216337163,0.512885275480268,0.1500936637916138,0.5466801673609714,0.37108368701459993,0.3558521165395854
68,overload,1,aggressive_predictive,macro_1,0.5345911394532966,0.21182244463629815,0.6514861426697571,0.4525313447804439,0.5448097160942722,0.19323426298345653,0.3802872240256876,0.20363158666661563,0.2892372333909251
68,overload,1,cgcs_balanced,macro_1,0.5092258126784978,0.2457605216857037,0.5800716558104485,0.31020885477785753,0.5751699240241912,0.1264484739764843,0.45679242244240703,0.45297441163442487,0.3842877313819507
69,overload,1,reactive,macro_1,0.5792826472286186,0.12577297427630368,0.6784315017853628,0.47128565270827477,0.40374022991627423,0.2847965445914938,0.3404344443560827,0.11476341045505134,0.1897968176212133
69,overload,1,predictive,macro_1,0.5719679375552517,0.15031169845937048,0.6835611462475141,0.42194627053213907,0.5140726306768019,0.20448617327868884,0.3389856085213915,0.27071984035435187,0.28180585158368265
69,overload,1,conservative_predictive,macro_1,0.5152036068945074,0.17881333694021312,0.5731746000427544,0.3700439409291132,0.5227377489041009,0.1547196384336789,0.4536474004982775,0.346075879743252,0.33456259053999354
69,overload,1,aggressive_predictive,macro_1,0.5378203239493352,0.11742074673634015,0.7304088431669139,0.41955019831716955,0.5389424344425349,0.1860688384846331,0.2872042688435371,0.1771872216942852,0.2640063999326868
69,overload,1,cgcs_balanced,macro_1,0.5235214007429806,0.14918243233055967,0.548555070934705,0.3311595934583918,0.5567238125150388,0.13182212106712476,0.47382229391487896,0.41498193262401756,0.37125110850254944
70,overload,1,reactive,macro_1,0.4546117159165389,0.20683201201284449,0.5558814855283233,0.3861446819033546,0.4513496118272627,0.22770131499123614,0.4751433162736034,0.16016226782382464,0.2562369516720747
70,overload,1,predictive,macro_1,0.5261533133283118,0.27687052539870355,0.6995562261152538,0.34393576815967636,0.5379877335409826,0.16629551693264677,0.34197435269455173,0.33061753025761104,0.3123069625546288
70,overload,1,conservative_predictive,macro_1,0.48419753455000064,0.24728239218870116,0.5469598873830064,0.30720222864970353,0.5576023632616341,0.15948819870026038,0.4901324714452988,0.3826083915361047,0.3621915987263717
70,overload,1,aggressive_predictive,macro_1,0.511271623530878,0.25247317555192467,0.7564391321070318,0.34776160494412034,0.5848862313670645,0.18151169133726813,0.28143184422575684,0.23881329045434957,0.2947797223971392
70,overload,1,cgcs_balanced,macro_1,0.498227525888231,0.2945486376829495,0.4742153365598735,0.3022064856658559,0.5787099372153551,0.116266170172749,0.5699669590925689,0.47165072605586117,0.4144130936580884
71,overload,1,reactive,macro_1,0.6269712153387311,0.3618250609651535,0.6417501515658404,0.4844058673677469,0.45606887104609933,0.295379213864956,0.41252360757893264,0.1947575978642543,0.23958172127044902
71,overload,1,predictive,macro_1,0.6172041505965541,0.40921709447269694,0.6600719648943555,0.4167327155177982,0.5878195844259404,0.18841362337360354,0.40131059927654905,0.3623794399618843,0.34567431405406096
71,overload,1,conservative_predictive,macro_1,0.6441996271885589,0.3396657499880249,0.5917721063238884,0.41484062518644793,0.5521676594192583,0.16264231398759488,0.4591777561743153,0.39341488745851916,0.3556820742575365
71,overload,1,aggressive_predictive,macro_1,0.6484771603864377,0.35058620182200245,0.7813910737621325,0.446539503762211,0.5895815241827695,0.2050690298602795,0.2711968565111679,0.2533972698852587,0.29301394389438706
71,overload,1,cgcs_balanced,macro_1,0.5924634000046715,0.3383241957716001,0.5406152158031718,0.41116740299951254,0.5645231969255056,0.11165369629163079,0.5101334135625681,0.4651799879201576,0.39655435562831426
72,overload,1,reactive,macro_2,0.50664251837131,0.2851519925298631,0.5847764190147119,0.4001321081579791,0.42850675542822014,0.25828184133924253,0.4579963798647676,0.18477677575385626,0.24342636543367704
72,overload,1,predictive,macro_2,0.5259516124352842,0.33164121456645146,0.5927622340638219,0.3837094256720807,0.5749110134488842,0.1687489712996287,0.45698394812114584,0.3418325399638419,0.3513163392669246
72,overload,1,conservative_predictive,macro_2,0.4817527234117196,0.314075496295286,0.47549834310094646,0.3226027320857867,0.5668203542289095,0.1465693997902163,0.5716129813433464,0.40290587728619276,0.38903974392057405
72,overload,1,aggressive_predictive,macro_2,0.5462850940742066,0.31335988631423173,0.767708231160598,0.4711119149458434,0.5415324210921895,0.2046076711743817,0.2792957517865367,0.23545357722081245,0.2725197231260418
72,overload,1,cgcs_balanced,macro_2,0.5007835265674787,0.38922535686633486,0.5481277733433808,0.38253295319798303,0.6166283023275498,0.13415587076479005,0.5102560301865694,0.48872228426362063,0.41705768930682136
73,overload,1,reactive,macro_2,0.5086202870889144,0.20859067767111616,0.5458418334048549,0.3851020625045418,0.41790117314876485,0.24329263071013116,0.4854467682458125,0.16098632468398227,0.242650264734143
73,overload,1,predictive,macro_2,0.47471712875471644,0.2241023978885177,0.5491441183096856,0.3509041305973005,0.5686375955968499,0.15439973955774003,0.4844712413735921,0.3107550131415211,0.350462689581108
73,overload,1,conservative_predictive,macro_2,0.4667745671821505,0.22841970325381594,0.446994260586899,0.35048301684706484,0.556602639385271,0.12603266290118176,0.5872686949011733,0.3673502927694226,0.38457327377567424
73,overload,1,aggressive_predictive,macro_2,0.5185380669776763,0.2621053852487416,0.7469168241773482,0.44153494486026834,0.5597157211309882,0.1886218052435818,0.2923989836099631,0.2234298958650059,0.2826019867933531
73,overload,1,cgcs_balanced,macro_2,0.5152240412437851,0.20213595762117917,0.4740546981947306,0.36905544491313164,0.589248379303427,0.1304778884373239,0.5562656954484462,0.4259364961847864,0.4027779746981797
74,overload,1,reactive,macro_2,0.4888019287591093,0.48109313861301767,0.5539666394101574,0.4049446264992122,0.4987650408080985,0.2857601779553973,0.5181973313817952,0.25239367321471373,0.2915447542995941
74,overload,1,predictive,macro_2,0.4743006305263254,0.5085693592841731,0.5647983048407561,0.4053594463851693,0.6590279949115048,0.1472932686900007,0.5114870990518698,0.39942738647242676,0.41114342916267954
74,overload,1,conservative_predictive,macro_2,0.46759800307298627,0.4858669532899414,0.44765475294635526,0.36661534381768895,0.6172717514783614,0.15140380295404304,0.625225290047136,0.4542303648879418,0.4292582432557432
74,overload,1,aggressive_predictive,macro_2,0.43851113841104333,0.4420272170465501,0.6968625674484464,0.35814860120874814,0.6385619335571848,0.18339215402450937,0.36944151510853607,0.30307980572454296,0.34654096422793507
74,overload,1,cgcs_balanced,macro_2,0.4970241295123424,0.46199918438252435,0.4629540269434499,0.38102219770087853,0.6484454924549099,0.10030826429130367,0.6063458507139288,0.5144952749937078,0.46080576491600655
75,overload,1,reactive,macro_2,0.5174878554709669,0.44892568045970277,0.589370406995461,0.4464439373330955,0.44927698877242095,0.25547235374629695,0.47796844507349445,0.23283520069427682,0.26644821815170033
75,overload,1,predictive,macro_2,0.5344230992768214,0.45698027326879737,0.639273035956414,0.4140514747029977,0.5875200226059972,0.17462242619093155,0.42927400503390556,0.3796328007034796,0.3577071405136393
75,overload,1,conservative_predictive,macro_2,0.5239306380411426,0.44565889551212257,0.5383262162449117,0.35569743404720283,0.6058370632300094,0.15771673104491712,0.5285226180819067,0.4423411266198023,0.401694309291158
75,overload,1,aggressive_predictive,macro_2,0.5528978069630853,0.44142760053394253,0.751411393864813,0.5036005885760326,0.6127754737540639,0.20450510411208053,0.3148027462152784,0.27377954247167335,0.315145707790952
75,overload,1,cgcs_balanced,macro_2,0.4888085470199072,0.43779668071827005,0.4827608564341621,0.2770091029617746,0.6516640069668105,0.09427529839555998,0.5829086456735784,0.5268270176590396,0.4612609359879804
76,overload,1,reactive,macro_2,0.40902721632758415,0.225556961978424,0.5503729622209094,0.371092588983238,0.48063102847513334,0.24231670149119175,0.48346058207585424,0.1697264188958008,0.26820837909455936
76,overload,1,predictive,macro_2,0.4684363123356907,0.25599315548950163,0.590563272059536,0.349672646042533,0.5698338384759792,0.15431797328945968,0.4478357012638893,0.322163075212819,0.34611628076257817
76,overload,1,conservative_predictive,macro_2,0.4704387191680152,0.2847077222994687,0.4988795425443712,0.35956470219436576,0.5464759680439951,0.14064400330350915,0.543826615800549,0.38523476236594095,0.3730490380766331
76,overload,1,aggressive_predictive,macro_2,0.46424041866203836,0.3132923570519585,0.6946178360247527,0.42416045622024956,0.5913127097328154,0.19385227126606838,0.3523760175330411,0.2448202337241356,0.3102640303711742
76,overload,1,cgcs_balanced,macro_2,0.4462659834479066,0.28482730144147206,0.48219781962927544,0.2796561740520125,0.5969397726658393,0.11374242561497293,0.5605262755869453,0.4727583206941127,0.42020071416011817
77,overload,1,reactive,macro_2,0.42968516674103324,0.21807670793839837,0.5432131198404732,0.317315138746866,0.4182595464618554,0.26002490180710575,0.4894983863502866,0.17786382002906623,0.24396336497053578
77,overload,1,predictive,macro_2,0.4189036037701547,0.29086608622079846,0.5381015628685574,0.2898005215636468,0.5839631047892514,0.14812702397269056,0.5055283500645624,0.3463430258645501,0.3695817107284909
77,overload,1,conservative_predictive,macro_2,0.4209737976220075,0.2531491233114174,0.5077165963950331,0.3494580854896009,0.5697646389325284,0.14709612889163695,0.5302557721016795,0.37621057606107594,0.37590881816980604
77,overload,1,aggressive_predictive,macro_2,0.4578514424332419,0.26489934842540785,0.6818056422063512,0.39497702846467064,0.5969317659018897,0.1860282996340654,0.35792926005745995,0.23371936625595863,0.31263252370370787
77,overload,1,cgcs_balanced,macro_2,0.45826099524375735,0.32377108505033586,0.4204853653411977,0.3171415266050008,0.6185490022288971,0.1145570819467874,0.6280802974163526,0.47889157444661745,0.44310941031914974
78,overload,1,reactive,macro_2,0.5101612691907028,0.3363392426964424,0.591185246265295,0.4145151277488704,0.4598943680936226,0.2936053551665559,0.45926564013917137,0.19981570939398074,0.25185137293677545
78,overload,1,predictive,macro_2,0.4885901741623254,0.3592028399296353,0.6148325939252309,0.35295976128966505,0.5408065206215324,0.15476987265913178,0.4390478320642144,0.35762904171743937,0.34104045889503554
78,overload,1,conservative_predictive,macro_2,0.5382430647197275,0.36246999488055703,0.5757588156885584,0.3636427823229635,0.588145537147062,0.15177406957670805,0.4786116835435252,0.4116359417436023,0.3794227340928395
78,overload,1,aggressive_predictive,macro_2,0.5372742411456304,0.2814723116968057,0.6868071835209542,0.3797727509289389,0.5652452840089454,0.18907328128744258,0.3554136632335667,0.24256075890809425,0.30142465127240475
78,overload,1,cgcs_balanced,macro_2,0.5682503815576825,0.396616280265131,0.5131117321716859,0.3281451208878272,0.6034419567533412,0.1309347018771983,0.5463807098680837,0.5021866739152304,0.4228782134257974
79,overload,1,reactive,macro_2,0.47105312570822444,0.5511035164280047,0.5937316222563918,0.3514136050758609,0.49578240687559155,0.21977866964051002,0.48893390520780894,0.28760350973462945,0.3055011338678031
79,overload,1,predictive,macro_2,0.4456498830680673,0.5820517056667701,0.5346123092987105,0.2883865082958247,0.634574441191901,0.13619339057641594,0.552695446551305,0.44854079532420466,0.4231176738192252
79,overload,1,conservative_predictive,macro_2,0.47363840814606173,0.6128784176214458,0.5028370264754505,0.3623422470424326,0.6429596074646527,0.12587038631095407,0.5890947361677664,0.4995389967590196,0.44686810009491484
79,overload,1,aggressive_predictive,macro_2,0.4870664732626965,0.6080310192693257,0.6887632206749006,0.36122617474839414,0.6353323594182525,0.1657744450000202,0.4024414322154983,0.3605656217945852,0.3680841308168404
79,overload,1,cgcs_balanced,macro_2,0.5117468540058713,0.646318149465357,0.42661043123888276,0.3444826210458823,0.718228479509818,0.08311714070349557,0.6703372911809208,0.5863148281036985,0.5193601144920297
80,overload,1,reactive,macro_2,0.43617277838408386,0.41964734289610517,0.5605710039739928,0.3730053849581626,0.46556878894892423,0.2361603296104165,0.5023760974604229,0.23727549302200424,0.2823599018354334
80,overload,1,predictive,macro_2,0.3944729039369072,0.49167937235962933,0.5120149493799273,0.333916338968563,0.6424452528519052,0.11480508047742119,0.5617369564740171,0.40780451253215766,0.4232325640401179
80,overload,1,conservative_predictive,macro_2,0.46591216892847265,0.5208014229424761,0.4733912220704841,0.3015269713923864,0.6203120144553116,0.1166131908943159,0.6047289913708873,0.47947510375138935,0.43882624841363826
80,overload,1,aggressive_predictive,macro_2,0.4281971111793438,0.4684595792860977,0.6878612650248062,0.39615852219106573,0.602317138495893,0.1796226884047349,0.3824076718681085,0.3047291483119211,0.3364779219497367
80,overload,1,cgcs_balanced,macro_2,0.3753626027646386,0.5822934144141312,0.4226032831378748,0.22859821596592989,0.7062673519155741,0.09363214105191256,0.6647407290242449,0.5870830518517599,0.5117615827297718
81,overload,1,reactive,macro_2,0.4240143083567201,0.46406245325841355,0.5378499585008392,0.3706824816023752,0.47165332163906004,0.2426376038740337,0.5317594094879229,0.2532853623199697,0.29277540305601396
81,overload,1,predictive,macro_2,0.4279104308907525,0.4373162160630399,0.5258150692238236,0.320624951443155,0.6077194459547629,0.12378444240489628,0.5397823631856324,0.39143568533343304,0.40024882439231246
81,overload,1,conservative_predictive,macro_2,0.45079044549362013,0.4505057639873848,0.44053372179435396,0.30022816001971003,0.5955077361773817,0.11811806370799732,0.6270421428037538,0.4551313853916427,0.42820666035271776
81,overload,1,aggressive_predictive,macro_2,0.4224802530268272,0.40319654995210435,0.6959133320597355,0.3236850932646079,0.6312169397731652,0.17295162954865956,0.36456615043308016,0.29638177383031494,0.34338933153335616
81,overload,1,cgcs_balanced,macro_2,0.4568001836251646,0.4326081823638016,0.46928094045816277,0.27836773322459424,0.653695025471993,0.09766531745142926,0.5956102868964074,0.5247393171824117,0.4634357533484836
82,overload,1,reactive,macro_2,0.5581099826652688,0.4805798437869756,0.6183673058527525,0.446626945964754,0.4500595523120625,0.2668235154253246,0.4537196707152939,0.24387755613249068,0.26205492328572555
82,overload,1,predictive,macro_2,0.5067748983808549,0.47121135131715197,0.6596952886131985,0.409297835325238,0.5941910333132826,0.19524342384167603,0.4109864140843743,0.38556440589595564,0.35376536000469727
82,overload,1,conservative_predictive,macro_2,0.5230777646066533,0.46621842549463394,0.4938694833371074,0.34808562060712367,0.5912102007957679,0.1411096899823739,0.5760632804870878,0.4510593248016972,0.410883645859708
82,overload,1,aggressive_predictive,macro_2,0.48413723800312086,0.502022857709133,0.7387683633395111,0.39231067645972345,0.5871800004344702,0.2149119961159168,0.33653506531685884,0.3172458649062519,0.31724710428466246
82,overload,1,cgcs_balanced,macro_2,0.5215005091261815,0.5045349228941766,0.49410802958585187,0.35409530042595366,0.6162493793968868,0.130700669090888,0.5815722088482747,0.5347681629277712,0.441998067966404
83,overload,1,reactive,macro_2,0.4103683727382428,0.4436863599587109,0.5518054946538529,0.39919812309869107,0.46434031387957464,0.24736000909128608,0.5147474593399538,0.2404506013658106,0.28282594162445024
83,overload,1,predictive,macro_2,0.4603164534557669,0.4475875798961051,0.589980722758368,0.3245720803245,0.6379154383240286,0.17786908903137938,0.47715741422604774,0.3942412368987368,0.3889986037197867
83,overload,1,conservative_predictive,macro_2,0.43727026551597287,0.48611881276858093,0.4792037231951242,0.32317150963876495,0.6332944355357516,0.15975869491500283,0.5937140987201629,0.46300728254125034,0.42930456842369263
83,overload,1,aggressive_predictive,macro_2,0.4736870637765175,0.46991956000501567,0.6831712959215169,0.3657153706387132,0.6160481314342228,0.17922659187045276,0.38731663807923544,0.31132877187401287,0.34420862899904403
83,overload,1,cgcs_balanced,macro_2,0.4312278707384525,0.46073128083069814,0.42736657948616713,0.31666943691066946,0.6600515453310994,0.09380596541830716,0.6417431126384375,0.5269220609086105,0.47632987006973815
84,overload,1,reactive,macro_3,0.45877824404731293,0.3764083072468138,0.5538689250106608,0.40279799408038586,0.4814203581045956,0.226964955468264,0.5025923210763613,0.21618330872030767,0.2856255371198335
84,overload,1,predictive,macro_3,0.4745333137482386,0.4225554625850197,0.6015377214973677,0.3467678206487058,0.5962046559271333,0.1645679309530228,0.4618455978903852,0.3810408477750158,0.3698422891502866
84,overload,1,conservative_predictive,macro_3,0.44205780603885286,0.425767680397069,0.49306329059926957,0.3312613931651951,0.6334378404927565,0.11338198191281867,0.5708018614602908,0.44026640950593515,0.42904896538804765
84,overload,1,aggressive_predictive,macro_3,0.426298160306623,0.3716215688852573,0.6860371444792678,0.3162534095717768,0.6311944476415278,0.15509232998539754,0.3697060908535208,0.2868168671954847,0.3458763530604118
84,overload,1,cgcs_balanced,macro_3,0.4694491674098953,0.4447501902271619,0.49860154468298085,0.31009518384002255,0.6289518083580313,0.1162321270543221,0.5681109838510935,0.5226435298115022,0.4443590350939367
85,overload,1,reactive,macro_3,0.3503948779372909,0.41051782283992705,0.49866461086655184,0.32035068770606856,0.4925768585022147,0.23266073067055518,0.5629130625594373,0.24461110045276074,0.30704411470822535
85,overload,1,predictive,macro_3,0.39587707500532104,0.3723041734773798,0.588542425860898,0.339184266918716,0.6071548411638636,0.1516903818315455,0.467303200160709,0.3649696073333397,0.3741347169214357
85,overload,1,conservative_predictive,macro_3,0.3668466078491859,0.41438875211456994,0.4358034597434446,0.28038765770340685,0.5872516142481327,0.10186748942930163,0.626354853073741,0.44645853169941807,0.4262739631170503
85,overload,1,aggressive_predictive,macro_3,0.4041319302023892,0.39692594065258235,0.6267659374682141,0.2930425909455928,0.6074140513989943,0.15256924412245315,0.4327729536296733,0.3003155610392853,0.3529275048617046
85,overload,1,cgcs_balanced,macro_3,0.3776355627817731,0.4127542149956374,0.41861249576267634,0.26841297652022467,0.6603642935873762,0.06633815162515665,0.6433006364866692,0.5197813799444282,0.4806828321232798
86,overload,1,reactive,macro_3,0.48053969768649607,0.3902285835542968,0.5678028409363179,0.38803632390678494,0.4792944444536366,0.24520002444049196,0.49073144659682655,0.2239727394626469,0.28051217600543116
86,overload,1,predictive,macro_3,0.45076083241305204,0.4245391063489231,0.5974049207679487,0.3789265797252349,0.587340901179746,0.15703051055857647,0.46627594518438975,0.37530337127707614,0.3676053710544229
86,overload,1,conservative_predictive,macro_3,0.48948055717901284,0.41387534096091294,0.5203476913983278,0.3650933504021465,0.5619251882684939,0.15893056340558795,0.5417336097458091,0.42933769925589027,0.38454647464636776
86,overload,1,aggressive_predictive,macro_3,0.45067410866611735,0.4161339582543245,0.7370681484095429,0.43894393795138403,0.6150721654544661,0.1890860188310388,0.32535194532860573,0.27785809779873677,0.32210938968793257
86,overload,1,cgcs_balanced,macro_3,0.4369657216226804,0.48453081631426936,0.4881227834678686,0.2665289758484586,0.6591655281090164,0.10576369092486648,0.5845568389792719,0.5452799905403026,0.4662031282111739
87,overload,1,reactive,macro_3,0.5076493230095387,0.4768389255807471,0.583805109402324,0.3901837400288439,0.46139797105922137,0.2522815130372555,0.48772072943478806,0.25385687594749273,0.27826758499045906
87,overload,1,predictive,macro_3,0.5094989992335286,0.5340671285116464,0.6218013556597282,0.4234331777569879,0.5985920904711074,0.19189157224872477,0.4583087136170188,0.4047368594276787,0.3697905317267689
87,overload,1,conservative_predictive,macro_3,0.4794933934038582,0.5182804761519628,0.4539205622433835,0.3207044586572843,0.6339733642909252,0.1067857487881177,0.6238215091794109,0.47475727492173014,0.44876363099159083
87,overload,1,aggressive_predictive,macro_3,0.461235640281945,0.4828016171674431,0.7042505125008658,0.37564360654341034,0.6188195720527441,0.18759413073205755,0.3681697300742507,0.313851844699923,0.3403139630824644
87,overload,1,cgcs_balanced,macro_3,0.42317891437167715,0.5491150537164782,0.4787871389413362,0.25780478802103474,0.6579395981360155,0.09432562232390025,0.6035801191161355,0.5696293111965604,0.47718639511337624
88,overload,1,reactive,macro_3,0.6874078336977532,0.44632863209613555,0.7061613594710641,0.5405089775068997,0.43087681337331313,0.3056256835222854,0.3607879353433563,0.21311322573226749,0.22165054910717202
88,overload,1,predictive,macro_3,0.6612353622704645,0.4477007121285042,0.6746092962142411,0.5028821126352906,0.5729276032892169,0.20947776537362264,0.39254581060503446,0.3586188267179184,0.3332222401741268
88,overload,1,conservative_predictive,macro_3,0.6406334383080574,0.4240615462784376,0.5585507859334349,0.38542679559621823,0.5545423632355148,0.17562656654940773,0.5050584460083307,0.4288361820782095,0.37095643397848627
88,overload,1,aggressive_predictive,macro_3,0.6616411235596925,0.432301377035451,0.7468127344879166,0.4504594295315579,0.5831300697248811,0.2188559533840727,0.31803247206740104,0.2812135960560963,0.30329172136446164
88,overload,1,cgcs_balanced,macro_3,0.6374628313805989,0.444886893099181,0.5363759702028508,0.4193371202092728,0.6101851700555655,0.13429901634824024,0.5303570637620264,0.5008429885428588,0.42126743158330104
89,overload,1,reactive,macro_3,0.42800769652818266,0.3871068502029372,0.5710845323865553,0.38402219460095544,0.48190205512919604,0.23271614630779192,0.4869814951438853,0.22368295865083695,0.2831861016194973
89,overload,1,predictive,macro_3,0.4679310870951511,0.47017678762862397,0.6187462811524315,0.33752292489004443,0.5791545032534658,0.1703260560315512,0.4517802369918621,0.39955729069200957,0.36427215138062136
89,overload,1,conservative_predictive,macro_3,0.4531659608781633,0.431626002274462,0.47393060977117735,0.38213286645419436,0.6108839920566559,0.1400039751440024,0.590813290569992,0.43214252750522286,0.4173691361178762
89,overload,1,aggressive_predictive,macro_3,0.46377235070310535,0.47325580576939313,0.6489588015493599,0.3834823854304318,0.6563993648601693,0.16198800938212862,0.42202956931604907,0.30894305493320123,0.3694075427189527
89,overload,1,cgcs_balanced,macro_3,0.44222209137080154,0.43048536406911175,0.41587333262690895,0.29035127213802103,0.6722075624552682,0.09773376494994745,0.6486994719834578,0.521599622996585,0.48038393219895276
90,overload,1,reactive,macro_3,0.45642502788967604,0.4781160083249881,0.5609951126027672,0.426212214215595,0.4809601039349718,0.24874922660654133,0.510722288645981,0.2470981600706268,0.2895210471187151
90,overload,1,predictive,macro_3,0.44793188612544366,0.5107357180694313,0.5874052141659432,0.3661902113456578,0.6514024760523479,0.1611911737668697,0.48920514354447153,0.40801945905516945,0.40290001584754986
90,overload,1,conservative_predictive,macro_3,0.48798985192470656,0.4949593931986634,0.49401462478230695,0.3329012452876526,0.625497101886042,0.14793005619417418,0.5802292841974925,0.4641555385620017,0.42626296280100007
90,overload,1,aggressive_predictive,macro_3,0.5000690225532266,0.5415444135038808,0.6778084039833727,0.40354467649142745,0.6570530711790433,0.17478726606947628,0.4034232580422094,0.3288316094280728,0.3677503195167591
90,overload,1,cgcs_balanced,macro_3,0.4899274400512387,0.5362652126015206,0.46619203973433454,0.32498943447015816,0.6514043404033093,0.11148353862114847,0.6142477421558935,0.5516949375165007,0.46945937631383666
91,overload,1,reactive,macro_3,0.4710757712047084,0.43544626071866704,0.5658971999428126,0.4027375568662363,0.4658273817641728,0.2367855301294085,0.49941973916498744,0.23685867987828618,0.2816501564507244
91,overload,1,predictive,macro_3,0.4532076670468282,0.3796480944048624,0.5911885816832226,0.30833838993666374,0.6391429359787899,0.1605206044841487,0.4657586324775067,0.37370915505436914,0.386137935382573
91,overload,1,conservative_predictive,macro_3,0.40650149011655956,0.4572893712149537,0.45907090391634814,0.31450408158831716,0.6181632326391927,0.12909699914352865,0.609522501765895,0.45465046360757044,0.431010230921032
91,overload,1,aggressive_predictive,macro_3,0.41891281109210493,0.42911901169352384,0.6715801717954694,0.3179625332469886,0.6331874070587763,0.16680586717871362,0.39278767995855923,0.3065991474433356,0.3532593896758379
91,overload,1,cgcs_balanced,macro_3,0.41762939439302,0.5025409073562376,0.4328624917104947,0.22388609547970328,0.6593545376856381,0.10093881648025324,0.642518644392941,0.5601120984787425,0.48209535156840344
92,overload,1,reactive,macro_3,0.6037019103256133,0.3736384155758702,0.6963524419119522,0.5023939717143033,0.4169795896894226,0.3023448178690123,0.3596933204244283,0.19529465110869393,0.2128867678369765
92,overload,1,predictive,macro_3,0.6205959802963852,0.38283112613151565,0.6932407329062924,0.4002824620875325,0.5393747456884171,0.19453539283120552,0.36418393601343496,0.356434401728524,0.3173076803783197
92,overload,1,conservative_predictive,macro_3,0.6069289283142802,0.4274488401901476,0.5626940196564857,0.40975130514275093,0.5342637888377316,0.17756907538327246,0.5014233063720365,0.42515683303800145,0.3613255892244511
92,overload,1,aggressive_predictive,macro_3,0.618831559004841,0.3724745976965038,0.7328008438759187,0.44709227309704147,0.5520086073595808,0.2085417961006191,0.32307034577855687,0.2609476545743681,0.29007746473858925
92,overload,1,cgcs_balanced,macro_3,0.5478935650452065,0.4016893138503741,0.49526130520366646,0.33965701208145116,0.6262230972316291,0.13513664806942632,0.5649920918738895,0.5016598574313407,0.4343010343438066
93,overload,1,reactive,macro_3,0.5605836921638149,0.4783503348775759,0.6058070287253721,0.4498957239576851,0.4724505711797678,0.268161250457938,0.46594552150626434,0.24244347241561454,0.2724256351894122
93,overload,1,predictive,macro_3,0.5901062668915328,0.5201399709933782,0.6511429023037392,0.4181185928499799,0.6134054618637291,0.18268300041153326,0.42687809334526755,0.4009252712776864,0.370136653776055
93,overload,1,conservative_predictive,macro_3,0.6025411104180884,0.5422356617045748,0.5756604992415052,0.3994921287524214,0.6076566642135978,0.16974091113190223,0.505674850014181,0.4673840558461169,0.40092081246376865
93,overload,1,aggressive_predictive,macro_3,0.630008641001462,0.44765835108510466,0.7775328631805695,0.481237430886038,0.5726777691923721,0.21795016331171943,0.28961588948219624,0.28043293670257907,0.29364594360176416
93,overload,1,cgcs_balanced,macro_3,0.5819951622910573,0.5544330460374248,0.5193825469019893,0.36914689831627073,0.6467954080520076,0.10778406051724546,0.5637824100036245,0.5492221864498446,0.45781080597600454
94,overload,1,reactive,macro_3,0.5389922909761369,0.4867353156977392,0.5873558523400612,0.4571049678504423,0.4695073600885249,0.2632930306131702,0.4856544450145997,0.24393636692412024,0.2765510804372318
94,overload,1,predictive,macro_3,0.5376577480965369,0.5385814598732398,0.6281556175881596,0.3963799990885715,0.6054899644094169,0.17439937259730076,0.4526316013928263,0.41172751113791967,0.3763126846850259
94,overload,1,conservative_predictive,macro_3,0.5217414034828345,0.5553053054418441,0.5080801375034911,0.39486839949176566,0.587427839515857,0.1535316618521392,0.5752156583127854,0.47288317700629234,0.4115936772495392
94,overload,1,aggressive_predictive,macro_3,0.5563881004933381,0.49119662912877365,0.7967984136894023,0.4257273225722138,0.597903656104623,0.21090592933997623,0.27688108067991374,0.306773355680628,0.3078885578374824
94,overload,1,cgcs_balanced,macro_3,0.550222748051809,0.5184016854821812,0.4797636600047907,0.36290377767868276,0.6310085752155082,0.13105260826615953,0.5979965928175364,0.537859834383027,0.4515012190564345
95,overload,1,reactive,macro_3,0.550725487610783,0.5923779351558124,0.6004154357258596,0.46952914482850294,0.4492853257155911,0.24382321303835514,0.4884412545475122,0.27842644833883373,0.28090585070829943
95,overload,1,predictive,macro_3,0.4380498918115382,0.5683695105534697,0.6027527465224896,0.32652791449523716,0.6407899530442842,0.1732855127594839,0.4825026800605309,0.43612374579466706,0.40129083969186413
95,overload,1,conservative_predictive,macro_3,0.5405471385564748,0.6165517916861496,0.4728307641626268,0.34270289582438607,0.6417427620539754,0.13430079796508337,0.6196520045902956,0.5047525479252752,0.4519780514491136
95,overload,1,aggressive_predictive,macro_3,0.5204627571695079,0.5675104335646174,0.7431552057028034,0.40968156583641335,0.6330068441397688,0.2126207696722357,0.34197135933188927,0.33669233858033343,0.3404850331927162
95,overload,1,cgcs_balanced,macro_3,0.5623868872856188,0.6549697123255895,0.5638531825699425,0.38341454296742267,0.6605573204831797,0.1390446253294482,0.5343922742788959,0.5815564907204718,0.4580237395320016
96,sparse_memory,2,reactive,macro_4,0.4896239357977263,0.10836293495173528,0.6613976597233745,0.5498289199855547,0.42019955649210367,0.29220032773140237,0.3548567805193858,0.0629612432359964,0.1860585955365153
96,sparse_memory,2,predictive,macro_4,0.4695012571232864,0.16004581732050818,0.6223216129226189,0.44447539960498456,0.48321775886324614,0.20999601103553903,0.4016852596754573,0.21462095614118093,0.269177208447077
96,sparse_memory,2,conservative_predictive,macro_4,0.4936021741302428,0.13757126356113722,0.538792024864668,0.4378182118204947,0.4776512937918325,0.15859072404774718,0.48184366466950257,0.25308629988229914,0.30183706573935326
96,sparse_memory,2,aggressive_predictive,macro_4,0.4805081298298636,0.09732552700256741,0.7276597552159076,0.43181704679557675,0.47407530330716313,0.2065652313709971,0.2869390738344775,0.12770052509178326,0.2243174992696104
96,sparse_memory,2,cgcs_balanced,macro_4,0.48747546327911145,0.14418680854498944,0.5083609981821163,0.3619973727411424,0.5431449544771771,0.11806562434259382,0.5132670230996321,0.3290659084425179,0.35782986231008895
97,sparse_memory,2,reactive,macro_4,0.35779294143034474,0.222585080653753,0.5700314632176504,0.4034815491689101,0.46947928153156027,0.25498414125463803,0.4633562988804125,0.13220846839503153,0.2491624215540547
97,sparse_memory,2,predictive,macro_4,0.3082716624309356,0.27963436166790856,0.5632484371158196,0.3312114711729391,0.5521704853369397,0.17530580564858758,0.4786967171343667,0.2791297323491802,0.33191150784201257
97,sparse_memory,2,conservative_predictive,macro_4,0.3183413023520629,0.33445873602205367,0.43376414632296734,0.3404725748277797,0.5742050017193646,0.10892766630219611,0.6164046640803407,0.34146604264216285,0.3948158295902633
97,sparse_memory,2,aggressive_predictive,macro_4,0.3663154295852399,0.2654354668620402,0.6693592897537747,0.36308275422152986,0.5382059235107778,0.16049369873921973,0.37045603027553137,0.2002858625574081,0.2905736070039877
97,sparse_memory,2,cgcs_balanced,macro_4,0.37107227929961617,0.29890287991853715,0.45015923924142875,0.30112255055974835,0.6095816311887144,0.12098058716768592,0.5946761927463519,0.39539149785953837,0.4133662704965431
98,sparse_memory,2,reactive,macro_4,0.33130248319082484,0.4020511346147309,0.5155250042322581,0.3902898330517441,0.5193220852479259,0.20470559208812336,0.5447826659599515,0.197659930504807,0.308842991879635
98,sparse_memory,2,predictive,macro_4,0.3284037365172726,0.45103330436245387,0.5423810883706516,0.3813423419281249,0.6032310102843097,0.1526342539465226,0.5252739072837165,0.3290931881412339,0.3761562159665479
98,sparse_memory,2,conservative_predictive,macro_4,0.35308370916711185,0.44982810124441835,0.4062172502390325,0.3490746602095606,0.6037181218707066,0.12266051135596495,0.6612569649476303,0.3801249033936343,0.42075965577580116
98,sparse_memory,2,aggressive_predictive,macro_4,0.3066793220753483,0.36340025917079666,0.6280851956995105,0.4138839542888328,0.5455529815751543,0.18109294732381037,0.426424843176109,0.2244132998520123,0.3057474381364611
98,sparse_memory,2,cgcs_balanced,macro_4,0.33289934893036927,0.4076756874836233,0.4243434112574922,0.28632416616692574,0.626106970032305,0.1005016820576051,0.6368079418650513,0.436421657385883,0.44119466519865935
99,sparse_memory,2,reactive,macro_4,0.25847767907979585,0.16617748849202138,0.46249238336885806,0.35282638913374487,0.458403141405571,0.2518818989624053,0.5624342399049451,0.1225968431454585,0.2632749674146258
99,sparse_memory,2,predictive,macro_4,0.2909003560626071,0.22670155602461117,0.49797033610138647,0.3316319035406022,0.5645371469256251,0.14700645608447419,0.5360348973023051,0.26051916390049346,0.3496440201334123
99,sparse_memory,2,conservative_predictive,macro_4,0.36342824861516687,0.2063225114027244,0.41959801369498306,0.39986219125079053,0.5441426009361179,0.14689994600498932,0.6113503630154256,0.28474044074079546,0.362307168720787
99,sparse_memory,2,aggressive_predictive,macro_4,0.27794363233129543,0.18051319237390195,0.7053831428915047,0.3851621766428063,0.5396099400220635,0.1894567945562824,0.32169383596458057,0.16614718200230444,0.26805156553055076
99,sparse_memory,2,cgcs_balanced,macro_4,0.3128984716975931,0.31365719743950116,0.4200892999642715,0.2737979404177089,0.5812315132334308,0.09493640842440354,0.6269592796516535,0.4060204310202836,0.4165970440986161
100,sparse_memory,2,reactive,macro_4,0.4589815860802873,0.40245534161345314,0.5887643978233874,0.4315314592198536,0.4760950246487746,0.24529112372734213,0.47160390341863057,0.18955307772073787,0.26788034240335434
100,sparse_memory,2,predictive,macro_4,0.4348994025792552,0.39444981979314453,0.6677647141339048,0.4122223103417491,0.5298374169825989,0.17881874044248303,0.39140275883506687,0.30311297485925076,0.31053987660093957
100,sparse_memory,2,conservative_predictive,macro_4,0.45502137119973723,0.4202355268133845,0.5261688086580227,0.4397482102669019,0.6035784898714286,0.17362526990717134,0.536866520363985,0.3516327923313042,0.3793672905553925
100,sparse_memory,2,aggressive_predictive,macro_4,0.44410431637893827,0.4135970519530939,0.6995432668998223,0.533309619279041,0.5371958173625012,0.2272743400086108,0.36249629089314184,0.21809704432777466,0.2791601505267671
100,sparse_memory,2,cgcs_balanced,macro_4,0.4509419653773758,0.44042683641155406,0.5180697307282344,0.42425822053297546,0.5912788664144775,0.1262680103012044,0.5479942947334987,0.42029774863744884,0.401496730824199
101,sparse_memory,2,reactive,macro_4,0.39648822375439263,0.21277035386662194,0.5818360179174307,0.48319861996241315,0.46497719561772516,0.26645374941131844,0.4500795351625626,0.11282989986083505,0.23823906945436812
101,sparse_memory,2,predictive,macro_4,0.3985313604631883,0.249508144772637,0.5723846299247121,0.4223816224562658,0.5509177351991364,0.16517527831787732,0.4650415917911835,0.2503515261791698,0.32439933782975044
101,sparse_memory,2,conservative_predictive,macro_4,0.45602213215183096,0.27584174678989215,0.48216044348536474,0.3755451861061383,0.5474041018550698,0.1554763118668348,0.5592158185331191,0.31393557415523465,0.357827286352335
101,sparse_memory,2,aggressive_predictive,macro_4,0.4095781134616225,0.20754346631642784,0.6406138982184569,0.4255042056876566,0.5066999152720593,0.1552398531303977,0.3905176217290072,0.16753937207321842,0.27646018337921247
101,sparse_memory,2,cgcs_balanced,macro_4,0.39251820823621214,0.3088790968302428,0.47212758576420405,0.37145472665910656,0.5720769587031319,0.10820434152350487,0.5742042787603324,0.38481673855876364,0.39524891423748365
102,sparse_memory,2,reactive,macro_4,0.4308870775485119,0.4265538963055421,0.5777434831337966,0.5091190555087244,0.4847946641870096,0.25729238430434637,0.4862396013120347,0.1824700526051949,0.2701548273657442
102,sparse_memory,2,predictive,macro_4,0.5014185705737999,0.43611409921731187,0.6617762754144316,0.4863947274570641,0.5374041731110109,0.17555310076225467,0.40364083946816515,0.3028609892346463,0.3164605511549884
102,sparse_memory,2,conservative_predictive,macro_4,0.4995721633588534,0.466872841231656,0.5311962676315728,0.39392599872381684,0.5722776234631635,0.15486306702900443,0.5388346585531756,0.37712029468631625,0.37722628005182596
102,sparse_memory,2,aggressive_predictive,macro_4,0.4660466503347593,0.40319282943862944,0.656567487334133,0.49575594949011764,0.5705109886396651,0.205907943661031,0.40391143708166144,0.2219663004054968,0.30522746045640814
102,sparse_memory,2,cgcs_balanced,macro_4,0.4684447759136706,0.521860153863979,0.4907831008336937,0.3430589471291088,0.6080589744774116,0.11107529265747497,0.5874959222459032,0.4650392644265709,0.42865517439294765
103,sparse_memory,2,reactive,macro_4,0.5144579963238886,0.47522878353884757,0.6030675986027152,0.5676627788625589,0.4935844475286486,0.2855589628660888,0.46821671892811195,0.18779751846608486,0.2654090953358298
103,sparse_memory,2,predictive,macro_4,0.47861391547772153,0.49554304407063193,0.6410445772361556,0.3938700519938003,0.5967363782180707,0.18179535090259394,0.4332868793744392,0.3421660550259611,0.35233466152294735
103,sparse_memory,2,conservative_predictive,macro_4,0.4958627259267009,0.49429628261989955,0.5109733743597954,0.44185147616420073,0.5823915627584051,0.15883091928459278,0.5631710680331895,0.37713340368412474,0.3851461724084207
103,sparse_memory,2,aggressive_predictive,macro_4,0.4725995822322511,0.4170822342759773,0.7319304974819185,0.4497655590128499,0.5451978540825756,0.21200693912333318,0.33063183765947807,0.23602567019402204,0.28282581170129256
103,sparse_memory,2,cgcs_balanced,macro_4,0.49292778159074074,0.5216055583698256,0.4996375602714916,0.36793883371145786,0.6251570481662561,0.11854437630464679,0.5786032734839823,0.45997417868714735,0.43076577705021685
104,sparse_memory,2,reactive,macro_4,0.6192049334807933,0.40251016216230656,0.664336446359716,0.5198261720222628,0.46543440803361924,0.2907020008048692,0.39604007796463,0.17191332235235474,0.23575362140224554
104,sparse_memory,2,predictive,macro_4,0.5898583554206601,0.3868555630447331,0.719431502644042,0.49200849677514735,0.5346321650563699,0.22296333521897932,0.338596831812668,0.28449774771062714,0.28887642653649626
104,sparse_memory,2,conservative_predictive,macro_4,0.5748881654799503,0.4265835254998755,0.5561248378453465,0.5205732980727058,0.5635816488564407,0.19094628482852435,0.5078626909796349,0.33768957431041535,0.351836014143961
104,sparse_memory,2,aggressive_predictive,macro_4,0.5614900515388537,0.4011080901596769,0.6829070248137995,0.49186827988775533,0.5030432320834025,0.2008887475867365,0.377259188710152,0.22201417557833583,0.2752736350436099
104,sparse_memory,2,cgcs_balanced,macro_4,0.5381572193645613,0.36194042564135487,0.5746712961549688,0.42614029950325827,0.5786314880114272,0.14001292551958242,0.47961976769123443,0.39245108907382253,0.3741405734749137
105,sparse_memory,2,reactive,macro_4,0.4723684197896155,0.37630022608204244,0.5360249679485952,0.46429849311298943,0.4862741650575727,0.25685613182707767,0.5204200659637112,0.17384538050611698,0.2757429532605501
105,sparse_memory,2,predictive,macro_4,0.481322098775686,0.40642674073573765,0.670600903988357,0.48306482651100524,0.5668954356797113,0.19702146764474132,0.3903631071220036,0.29313639395530716,0.31857860012391037
105,sparse_memory,2,conservative_predictive,macro_4,0.4668877148248911,0.4144750657150745,0.5174891914222448,0.4084503290393047,0.5643555194584599,0.14001847871573037,0.5446820684350163,0.3558762071924151,0.37368058092040324
105,sparse_memory,2,aggressive_predictive,macro_4,0.4926549884103715,0.37001290466548464,0.7054759987840279,0.4328071426285136,0.5034229713421059,0.19923055939306952,0.3500259369157948,0.22294308810721694,0.270507283998133
105,sparse_memory,2,cgcs_balanced,macro_4,0.4734825305520062,0.4215141881751538,0.4498068610728114,0.39828123779135927,0.5952612022749187,0.12712659535894216,0.6134202671534617,0.418873718303032,0.41561020925004005
106,sparse_memory,2,reactive,macro_4,0.5061090990155266,0.43605149406223476,0.5822585344328384,0.47306469812684276,0.4689566707907777,0.2711169473713032,0.48314918967649684,0.19300508329641364,0.2630711016867453
106,sparse_memory,2,predictive,macro_4,0.5015923062038556,0.49242355178748876,0.6685422908987189,0.4238389573592301,0.560176147205553,0.1903546233190344,0.40532124186940444,0.33508045165377504,0.3295779590120146
106,sparse_memory,2,conservative_predictive,macro_4,0.5087242489216668,0.39969045204197934,0.5788955616881473,0.49067324752952285,0.5573774638826907,0.17758854563794557,0.48105800611814964,0.3342570087087883,0.34603387028739674
106,sparse_memory,2,aggressive_predictive,macro_4,0.5296396187658073,0.40207176113301,0.7692797598489433,0.5407971244568657,0.5109302871636189,0.2324714226673129,0.29103100432100826,0.2125656915051804,0.2526298775840539
106,sparse_memory,2,cgcs_balanced,macro_4,0.5353751170519032,0.47924646961384587,0.5430897598522427,0.46509433162621416,0.5894842141123863,0.1423703633607851,0.5287972105898342,0.4257173980396033,0.39494719837722936
107,sparse_memory,2,reactive,macro_4,0.4518560288786918,0.378676428674084,0.5543192674520971,0.4805954558215368,0.49685714691172556,0.2501115516818434,0.5024821968490154,0.17141765887162205,0.276991729811647
107,sparse_memory,2,predictive,macro_4,0.5253932148424095,0.37938417619038334,0.6493060237697107,0.45593498807658606,0.5033549102122966,0.19971482291643478,0.4076016026588468,0.289097464051317,0.2964536639204449
107,sparse_memory,2,conservative_predictive,macro_4,0.4882209262490348,0.389458809925657,0.4894680572010058,0.429473256087488,0.5624714723591505,0.13495225142231293,0.5689507642878429,0.34291593225648237,0.37598036716600935
107,sparse_memory,2,aggressive_predictive,macro_4,0.48623467798608033,0.37378438370248385,0.7227988400731371,0.5065456233977119,0.5353141180024185,0.20910458049078356,0.33326881748223547,0.20951540961632698,0.2743456023548013
107,sparse_memory,2,cgcs_balanced,macro_4,0.4767065727666644,0.3794062529559529,0.4488994143610031,0.38922218246033624,0.5921251025750918,0.10788032955646669,0.6080115235823899,0.4059477520425163,0.4143422832330731
108,sparse_memory,2,reactive,macro_0,0.5097638886892564,0.5015415081448319,0.6391089665928683,0.5110846211399772,0.48878237116211626,0.287703522580772,0.4361222596288565,0.20832260362269572,0.2612520212482142
108,sparse_memory,2,predictive,macro_0,0.4871763698642797,0.5800732238779623,0.5926364281462989,0.45495642827959415,0.6001598833864435,0.15810883203475892,0.49437455543539544,0.35953434270136797,0.37441145576127677
108,sparse_memory,2,conservative_predictive,macro_0,0.532266866241644,0.5904396330370137,0.5149003340938918,0.5109879216702388,0.588009746028133,0.18584706464058057,0.5736656108616602,0.39695628722890713,0.38833779592526607
108,sparse_memory,2,aggressive_predictive,macro_0,0.5628607059944358,0.4990596624088952,0.7622535618402171,0.5206154954088327,0.5612706005072461,0.21087791129469158,0.3126053875211172,0.2505477827613468,0.28874883564553494
108,sparse_memory,2,cgcs_balanced,macro_0,0.5486301941991132,0.581316538887691,0.5105678037854797,0.4526955188678046,0.5922127530050094,0.15708918472937533,0.5766296770476739,0.46392168483713087,0.41101171526973207
109,sparse_memory,2,reactive,macro_0,0.5061458987758617,0.47564113327827173,0.6149282496269167,0.48490652324648037,0.5460013771324829,0.28849383401562056,0.45641792036482404,0.20449309199809904,0.286053820819766
109,sparse_memory,2,predictive,macro_0,0.4738526044244665,0.5442437819219634,0.6717444350510382,0.4566106406872924,0.5929059547991533,0.19877697724593413,0.4098921322372563,0.34666319553522873,0.343793196839693
109,sparse_memory,2,conservative_predictive,macro_0,0.5368993809279811,0.5342090016228017,0.5850446182596302,0.45860030724234085,0.5688895687353592,0.18025037284331555,0.4950867319837901,0.38775308911951245,0.36445098755382416
109,sparse_memory,2,aggressive_predictive,macro_0,0.4797200530868931,0.5101172347141847,0.7060459496245779,0.49514885146796267,0.5344827533690429,0.17733149926258954,0.3704716355825498,0.25951126185637213,0.2988239511526303
109,sparse_memory,2,cgcs_balanced,macro_0,0.4659452870027593,0.5588351680836956,0.5417318367009873,0.40340452585124537,0.5944550033118894,0.1524389148175498,0.542093438511567,0.4659114036590444,0.4063243148023112
110,sparse_memory,2,reactive,macro_1,0.6775052955013545,0.44058976564057206,0.7021902348565718,0.6189283324789595,0.4674297173869253,0.32170956473109946,0.363898229989514,0.1654207514784083,0.22245359098396433
110,sparse_memory,2,predictive,macro_1,0.6419148430951498,0.518221175240784,0.7258068630059415,0.5094495452287964,0.534380840636544,0.21917814818897624,0.35192631328017604,0.32698750228851514,0.30155160296360006
110,sparse_memory,2,conservative_predictive,macro_1,0.6265582922063432,0.5008842481052627,0.5278495307639155,0.46795897038457324,0.568948773965517,0.17863982749194543,0.547283106451874,0.37421769275992733,0.3722570823060662
110,sparse_memory,2,aggressive_predictive,macro_1,0.5856219556986838,0.5592072583947385,0.8090548501595026,0.5432586605292538,0.5160277111271785,0.23533981053206135,0.2748262385997081,0.2670708083323077,0.2627433936749649
110,sparse_memory,2,cgcs_balanced,macro_1,0.6226216837793105,0.5221461652270217,0.571845825238737,0.45223073575265654,0.6121313726631453,0.14253455494209552,0.5064760995453164,0.44330501067892625,0.40292533288200316
111,sparse_memory,2,reactive,macro_1,0.4614870720265169,0.4289712385575303,0.5950383397802721,0.49751093630950405,0.49487658716389693,0.2785126959141479,0.46930734600335744,0.18563774623323476,0.2670523373114344
111,sparse_memory,2,predictive,macro_1,0.5435671047195345,0.4394946075904593,0.701952651009047,0.48068605867167163,0.5178853174600349,0.21030682939781967,0.3639715401295219,0.30518590092232645,0.2946702609840655
111,sparse_memory,2,conservative_predictive,macro_1,0.5151454014026513,0.4269203586904583,0.5909797843343572,0.5081302643745791,0.5638073861876781,0.18088628746068,0.4730582694692116,0.3402960726667446,0.34754633913970784
111,sparse_memory,2,aggressive_predictive,macro_1,0.4528279745536013,0.43371581657899055,0.7006932168028577,0.48620623908769517,0.5449332716831577,0.19278548383082003,0.3643641556839909,0.23455928798510764,0.2929934209669578
111,sparse_memory,2,cgcs_balanced,macro_1,0.4601440002309277,0.5044791214537947,0.45042081184217,0.40898029551108345,0.6307146104592258,0.12516885225722374,0.6252510563758993,0.44577163340661147,0.4377577521476955
112,sparse_memory,2,reactive,macro_1,0.5764564184824793,0.5735083905673647,0.7092784094275603,0.5517040073008307,0.505448299666363,0.30123815590600483,0.37674784915754445,0.2253871352384115,0.25675746227597634
112,sparse_memory,2,predictive,macro_1,0.5545944964147385,0.5608035427190339,0.7205479104536301,0.5082957982944671,0.5516520624964366,0.22363198510938534,0.363572620954225,0.3421220802927684,0.3128827685820229
112,sparse_memory,2,conservative_predictive,macro_1,0.6083551815978816,0.5307053216291037,0.541779671499571,0.4998685007102451,0.5805088915989983,0.16580297138624123,0.5378261267447946,0.3782731624281373,0.3782181056135202
112,sparse_memory,2,aggressive_predictive,macro_1,0.5906606355831066,0.5446167450211681,0.7792471450493387,0.5559565841009025,0.570986761725003,0.2308028011292207,0.30244536670383654,0.2594245439372283,0.2883768822366145
112,sparse_memory,2,cgcs_balanced,macro_1,0.5591017355361363,0.5981435860800355,0.6249233457362108,0.41717675295801976,0.6267026278488022,0.16800579623014242,0.46479819217579454,0.47691490453640845,0.40242675676968515
113,sparse_memory,2,reactive,macro_1,0.524496715307574,0.47139497433740557,0.6310174937926105,0.5099541648689034,0.4829575470576371,0.30013153474130594,0.4396917523580003,0.19799740804431126,0.25499534117498945
113,sparse_memory,2,predictive,macro_1,0.5171946088655596,0.4269175702312156,0.6788864717662804,0.41082901311879194,0.5611411879588875,0.20160754426736535,0.38515116376840197,0.3147553469571671,0.31918855165516136
113,sparse_memory,2,conservative_predictive,macro_1,0.5373507726776922,0.4479776077428112,0.5269082517356194,0.48234524058397427,0.5757341873989005,0.14517331953562362,0.5402883894258023,0.3528231145931891,0.3754230904001195
113,sparse_memory,2,aggressive_predictive,macro_1,0.48470972010253494,0.4255144529987908,0.7500392205230776,0.4859727084425191,0.5173485648128997,0.22196586838900603,0.31378794742674104,0.23173551686107297,0.26593868414588495
113,sparse_memory,2,cgcs_balanced,macro_1,0.5242562567379315,0.4856479986321323,0.5632928509845706,0.38727026920125307,0.6173402504286326,0.14742140078818,0.5095543488102492,0.4435227456809957,0.4045908888171133
114,sparse_memory,2,reactive,macro_1,0.568836895698102,0.419677464684218,0.6356086076452961,0.590994564768891,0.47479815930157204,0.31080816154785085,0.42734301205733655,0.1636881996856981,0.23974167456734807
114,sparse_memory,2,predictive,macro_1,0.5584311752952578,0.4592378847311192,0.6473123689226218,0.4566946760240065,0.5470669933885616,0.2097112251830854,0.4215733137870461,0.31689432445109045,0.31997462658768544
114,sparse_memory,2,conservative_predictive,macro_1,0.5433690281534668,0.42929373974030627,0.5381464490399033,0.43365210920563935,0.5919219462136202,0.15911295609965226,0.5262476119211427,0.35602238706797934,0.37668219588042917
114,sparse_memory,2,aggressive_predictive,macro_1,0.5617877113694434,0.4795982310575059,0.7471966305637902,0.5546673598481323,0.5253433103684643,0.23357241360205347,0.32474310409483576,0.2369259089005006,0.26998829599668306
114,sparse_memory,2,cgcs_balanced,macro_1,0.5558263263503339,0.44298651154358715,0.5519250806152566,0.4456673794505495,0.600478977586126,0.14616244176228424,0.5145228961162815,0.41691180315014564,0.39357469904655934
115,sparse_memory,2,reactive,macro_1,0.6068471565018024,0.34176627159768325,0.7179078215887081,0.5518856289258389,0.4131664479526483,0.3194663426532656,0.33335711915094435,0.14424106927402136,0.19151444076182678
115,sparse_memory,2,predictive,macro_1,0.617725487113959,0.3563329713782949,0.7048972005996176,0.49909894013496414,0.5117761290751014,0.21932425811578307,0.34855274510712664,0.2723967519554104,0.2802479118769975
115,sparse_memory,2,conservative_predictive,macro_1,0.602295623512115,0.3861623888114636,0.5784679857220318,0.4632507597147639,0.5457269429581378,0.20267274743782732,0.4794563725996877,0.3350066841410595,0.3364344338674976
115,sparse_memory,2,aggressive_predictive,macro_1,0.6055766501031039,0.3912504227922389,0.8057193639506987,0.5733121232798364,0.47473932782594036,0.23612161567046205,0.2529681994681372,0.20227522332131637,0.22827081046408193
115,sparse_memory,2,cgcs_balanced,macro_1,0.6337014001243105,0.3401112655179691,0.5691443430627071,0.4958332934217838,0.5474836268994111,0.16362255753535931,0.48187234676498825,0.37087228424693247,0.35328563860202716
116,sparse_memory,2,reactive,macro_1,0.7396117017849085,0.5588672131425474,0.7443498415715564,0.648370665662045,0.4813360825454768,0.34726613967878883,0.3394802403998257,0.2009293914674826,0.22555499763433473
116,sparse_memory,2,predictive,macro_1,0.7144599664994296,0.5817930856437554,0.7578600925818691,0.5652152344519106,0.5455471563084977,0.2625273760809662,0.3294088702646942,0.33808453308493225,0.2950628155126598
116,sparse_memory,2,conservative_predictive,macro_1,0.7312560710087198,0.6054133419031091,0.6106728205846541,0.5146705716741476,0.5704412715229196,0.20672061061529529,0.48013918070081224,0.40146055533125874,0.35977271936868976
116,sparse_memory,2,aggressive_predictive,macro_1,0.7038299131610831,0.5736004638499448,0.8526137832662114,0.6314292287525476,0.502823503834926,0.2575824764692412,0.23342628631128032,0.2544743165969712,0.24222604307701337
116,sparse_memory,2,cgcs_balanced,macro_1,0.7407927511026592,0.6666023020550317,0.6320057724000463,0.4750402500198727,0.5958949967192333,0.16226512872357016,0.46798457290820844,0.48930275571528653,0.39523059384759934
117,sparse_memory,2,reactive,macro_1,0.541720771367131,0.539085717024406,0.6306256256823445,0.6006595236673623,0.4987039265640089,0.3070206313754559,0.4502372318713164,0.20354809622506964,0.26293139336301086
117,sparse_memory,2,predictive,macro_1,0.4895653305164383,0.60385628278376,0.6087560146902402,0.48793027989675,0.5927220728895951,0.1972664829584104,0.4818224277273238,0.36126364299496605,0.3616235781107214
117,sparse_memory,2,conservative_predictive,macro_1,0.537665001669323,0.6011520234673037,0.549117810078978,0.4036206467840764,0.6098855896867265,0.14066283284003206,0.5410549934411175,0.422179078856741,0.4047143535496562
117,sparse_memory,2,aggressive_predictive,macro_1,0.530216228127046,0.607820837842522,0.7130636866204801,0.5355001362528096,0.5914639999921806,0.22260014398946068,0.37810943905589817,0.2856372659943208,0.31869837752906666
117,sparse_memory,2,cgcs_balanced,macro_1,0.5256231905732297,0.5800270224923244,0.5625988229814983,0.47045120396492274,0.6382209120913468,0.15148786607881118,0.5244052303923503,0.45991921707932903,0.41828964721487205
118,sparse_memory,2,reactive,macro_1,0.5054577597836895,0.620790933037889,0.5732402642094442,0.5047257280457013,0.5450655028760576,0.24615610966692592,0.5198783757462392,0.2513316809541209,0.31716231411867113
118,sparse_memory,2,predictive,macro_1,0.584352640653081,0.6532730888520638,0.6706031045076338,0.4555428015530033,0.5769362423999267,0.22204981285781103,0.4273878588201757,0.3850370207876217,0.3450115258777218
118,sparse_memory,2,conservative_predictive,macro_1,0.5700218254086313,0.6560299991343077,0.5992933168578886,0.5007392576600548,0.633962866231201,0.18406470477212877,0.4991111830122576,0.4219626481649968,0.39674696741218146
118,sparse_memory,2,aggressive_predictive,macro_1,0.5887278209545599,0.6541038827614629,0.7679312928762047,0.5392947403617778,0.5729274916386325,0.21086505471181732,0.33018428953801476,0.30107741089415646,0.30781332418463425
118,sparse_memory,2,cgcs_balanced,macro_1,0.5539400577178618,0.7242629554105463,0.5268811777981427,0.42369406937466514,0.6626017896329475,0.13785963121861392,0.5817582655134392,0.5197532205187583,0.45491411543361193
119,sparse_memory,2,reactive,macro_1,0.6417903107800196,0.4483689952182603,0.703171202549211,0.5881355547825516,0.47372204987557015,0.326679279324547,0.36408414673352807,0.17430203736988076,0.2258418006558866
119,sparse_memory,2,predictive,macro_1,0.6390999575602747,0.4941048906979694,0.7591659904170407,0.5431821597563236,0.5594553035008691,0.23151627114399395,0.31494974318765473,0.3118002797930246,0.2978757712935279
119,sparse_memory,2,conservative_predictive,macro_1,0.5975416084160512,0.5431212829714973,0.5969432054246765,0.4491209738711883,0.5818624509436738,0.1899661109041997,0.48452498702104807,0.39276825426578643,0.3664285225204387
119,sparse_memory,2,aggressive_predictive,macro_1,0.6876044714989731,0.4939741623628006,0.8372394903495841,0.5967675947479038,0.5106009979076401,0.25096878795083755,0.23685663400483598,0.2335374378773995,0.2425841847487308
119,sparse_memory,2,cgcs_balanced,macro_1,0.6382595504513218,0.5016569889059811,0.5827858999202633,0.4959614066327027,0.6199476287387168,0.14996886037161253,0.49246264841563386,0.4273876647905529,0.39810414278343825
120,sparse_memory,2,reactive,macro_2,0.6011335060600851,0.3955544483913123,0.6611724335039587,0.5430157481607365,0.4278749540961456,0.31060656740798676,0.39816073375473815,0.164840907304812,0.21636831543294424
120,sparse_memory,2,predictive,macro_2,0.5600778063146592,0.3640894533860968,0.6802463476146338,0.44922961476705525,0.528735355443165,0.21122672226373052,0.37436707039328077,0.2850853857317229,0.2962662895552918
120,sparse_memory,2,conservative_predictive,macro_2,0.586900445013457,0.4124895944966951,0.5999114849006651,0.5007395320240605,0.5467224342503706,0.18894226614611834,0.4619619542738391,0.33672345166903117,0.33643762200787186
120,sparse_memory,2,aggressive_predictive,macro_2,0.6100556837465756,0.42754592546641723,0.7897882899738324,0.5287098669189869,0.5334568555084753,0.23834413735768809,0.27434359884613013,0.22389910052944867,0.25917129950738776
120,sparse_memory,2,cgcs_balanced,macro_2,0.5680310928970819,0.43760194400669883,0.5837325679299041,0.4590848314699726,0.5658644524031078,0.15064407564367163,0.4819077236711007,0.41234371410835013,0.37199683862250377
121,sparse_memory,2,reactive,macro_2,0.4833943203718808,0.6679041872809622,0.5736538380475775,0.41319070431004035,0.5423326410110036,0.23501142763915686,0.5265317900445668,0.28612832468632876,0.3273387074962557
121,sparse_memory,2,predictive,macro_2,0.5007753894487768,0.6694937808844473,0.6650502359987682,0.47816624851581563,0.5993366380165704,0.1980262937888284,0.4353738311338989,0.3861895736063935,0.36017913610871743
121,sparse_memory,2,conservative_predictive,macro_2,0.4983413768736861,0.6646325945407202,0.5073851248613415,0.40358909499641143,0.6409321862435026,0.13378516497799176,0.5923097643197666,0.4444035890899698,0.4330279402406793
121,sparse_memory,2,aggressive_predictive,macro_2,0.5271357835093008,0.6677430772955731,0.7309375788841029,0.5069924892279861,0.616815529552594,0.1930082014073471,0.36922388271023304,0.3123115792078534,0.3383415849162906
121,sparse_memory,2,cgcs_balanced,macro_2,0.5405194635103499,0.6930124800759939,0.5599166315282216,0.4410727669589761,0.635011360140348,0.12277091383782676,0.5440352404831775,0.5053398146348027,0.43673194140205895
122,sparse_memory,2,reactive,macro_2,0.6024015086336321,0.5281628785713681,0.6961114617299312,0.5004923732597475,0.4562439348008103,0.3163424223949733,0.383112970055774,0.21975853284802932,0.2350736819830345
122,sparse_memory,2,predictive,macro_2,0.6279860024050301,0.5470911158961507,0.6879829162851984,0.5264203791657873,0.553939831973182,0.22633975817730945,0.39408075109922425,0.3336978147304953,0.31745885397490103
122,sparse_memory,2,conservative_predictive,macro_2,0.605381950702475,0.5409586815983479,0.6109612457565071,0.5053849635176795,0.6042712341683645,0.19599774125078723,0.4701825564832451,0.38075854585588587,0.3682269121187649
122,sparse_memory,2,aggressive_predictive,macro_2,0.5813192248250323,0.5498436931722749,0.7670308625572267,0.5170234475542645,0.5526163955203451,0.19580779786210237,0.3154456914186145,0.26904060309944333,0.29311074169091117
122,sparse_memory,2,cgcs_balanced,macro_2,0.6158753427001185,0.5870833173848915,0.5972440441702708,0.5195996250577296,0.6017758720798605,0.1503738945784963,0.49081845343746294,0.45255923607316617,0.3963267750982369
123,sparse_memory,2,reactive,macro_2,0.649119756642938,0.550229948223322,0.6441709476439004,0.5905379227613851,0.5115205674695615,0.30551037356268873,0.4383635445895979,0.20947289732588567,0.26703248725551004
123,sparse_memory,2,predictive,macro_2,0.6089292117336075,0.5703213815714507,0.6607408207618838,0.5578160686438194,0.581428632460845,0.19993577532990148,0.4248073864738338,0.3355492698212439,0.33973804192458124
123,sparse_memory,2,conservative_predictive,macro_2,0.6036686586775692,0.597368236000052,0.485603479817977,0.465988102409006,0.611244606451386,0.1697130254630679,0.6040017555820307,0.40838126211821707,0.408974574141327
123,sparse_memory,2,aggressive_predictive,macro_2,0.6141884126948428,0.5789970285811322,0.780156636552182,0.5108901881456391,0.51362179516241,0.22257033523322925,0.3066929177349878,0.2804709223742685,0.2737044015844066
123,sparse_memory,2,cgcs_balanced,macro_2,0.6200651709501207,0.5522649416199998,0.6205016272813874,0.5109803972326308,0.6262902992345153,0.14480982559749658,0.4623381139616126,0.4420966501204738,0.3987572344084432
124,sparse_memory,2,reactive,macro_2,0.5995786169832804,0.557962313142308,0.615726388687484,0.5449864623917846,0.5180637646748865,0.2942743291716527,0.46796795828386223,0.2212895171214509,0.28028665016561793
124,sparse_memory,2,predictive,macro_2,0.6319729124981714,0.5772654157460814,0.7312362179725906,0.5536771355900627,0.5341159389203394,0.2559009627762648,0.35535359438932157,0.33880746839311593,0.2973922261588258
124,sparse_memory,2,conservative_predictive,macro_2,0.6136951322716003,0.6008341400066479,0.5616810446226728,0.4904221120864407,0.5743455477607975,0.19466728532353347,0.5284440763783245,0.40470752658503867,0.3740423222087697
124,sparse_memory,2,aggressive_predictive,macro_2,0.5867940996847855,0.542655276082763,0.7837776261825216,0.5151779692018124,0.5550601832265817,0.23245190796272625,0.2976206652298929,0.26689375278860455,0.2826732466930274
124,sparse_memory,2,cgcs_balanced,macro_2,0.5685526375120243,0.6444651250298924,0.6245563053403826,0.43477236392021995,0.6246609484452116,0.16769701978920756,0.4721134634141012,0.4896083209764184,0.4059682797489712
125,sparse_memory,2,reactive,macro_2,0.6829468232836593,0.6053495725653238,0.6953168385269191,0.5938215109606165,0.4785213642793381,0.27320833393424493,0.3954855973578795,0.22810804820574004,0.25647734171613823
125,sparse_memory,2,predictive,macro_2,0.67687856356878,0.6246715650308089,0.7202813475291105,0.5306501142829811,0.5831752467017954,0.2193582396976606,0.37341938722551077,0.3600050249041869,0.3316199287311734
125,sparse_memory,2,conservative_predictive,macro_2,0.6713094026311396,0.6570690256068297,0.660045288976844,0.5139486614813404,0.5847544934005511,0.2014359518448111,0.43851506486418046,0.4196844266661224,0.36195310396263025
125,sparse_memory,2,aggressive_predictive,macro_2,0.6715697497295897,0.630034275768243,0.8347544633559846,0.5682873301274802,0.5425857172410582,0.2440456172762923,0.2597506780092519,0.286854530493389,0.2724315814067396
125,sparse_memory,2,cgcs_balanced,macro_2,0.6822896781039343,0.6174105055322618,0.6784340374670841,0.5512429138693093,0.5976947511311287,0.1630090749278419,0.41417753836275517,0.4568450941624298,0.37786361883254616
126,sparse_memory,2,reactive,macro_2,0.7344471700847259,0.5690385380515419,0.7612863092096429,0.6804259954969994,0.45394388076528236,0.3378481918024741,0.3240694714980884,0.19807828921863976,0.21332015425803091
126,sparse_memory,2,predictive,macro_2,0.6973967730382951,0.6226385840767493,0.7551140820438705,0.5981324750524217,0.5734757186475113,0.25847950705655964,0.33828170556764187,0.345797009416378,0.3099565548598739
126,sparse_memory,2,conservative_predictive,macro_2,0.7294750207096957,0.6132935783657173,0.668290930697185,0.5593587784618334,0.5858390565015408,0.2125067163829485,0.4237031060576726,0.3952809967356344,0.3518199386873699
126,sparse_memory,2,aggressive_predictive,macro_2,0.741754503200472,0.5741076930889834,0.8520666916165833,0.6688996967651987,0.4985045512980503,0.27209903189998474,0.23404946234676416,0.24715775322810443,0.236196521292798
126,sparse_memory,2,cgcs_balanced,macro_2,0.7354882719050001,0.6219326272457759,0.6592701167476349,0.5171280391722135,0.6020243030564009,0.1903475299593866,0.43401977733923147,0.46525081170157895,0.3798588632117487
127,sparse_memory,2,reactive,macro_2,0.6997442541718872,0.6161779288663277,0.749626468899471,0.6522800014381865,0.4777638170558227,0.3411723785136921,0.3428002204304781,0.22020627481557736,0.2303211993239968
127,sparse_memory,2,predictive,macro_2,0.6408255375657606,0.6451684741580052,0.719260420374668,0.5715097041270295,0.5734735476078193,0.22815455041388244,0.3775148507490328,0.3590070251298959,0.3267735536865785
127,sparse_memory,2,conservative_predictive,macro_2,0.700018757837595,0.7103049027952912,0.6507541542900273,0.5158904757173213,0.6112934742673841,0.20618165888956197,0.45579158112926643,0.43792862083488765,0.37855780125322214
127,sparse_memory,2,aggressive_predictive,macro_2,0.6778284774190647,0.6513898054410953,0.7864548909352419,0.6168953783621085,0.5605793709427719,0.25827980860413974,0.3112535798809224,0.28460735623196165,0.2862285335846414
127,sparse_memory,2,cgcs_balanced,macro_2,0.6616992920015086,0.6722888402292705,0.5758374318106152,0.4815380052003594,0.6133167232262333,0.16033852434438134,0.5250058942237754,0.4899934930401728,0.41379239727068545
128,sparse_memory,2,reactive,macro_2,0.605086763462473,0.6212543285890022,0.626835214714292,0.5658149262360546,0.5109264091348836,0.2938760879090445,0.4663529345740583,0.23927602975893986,0.2812881313512253
128,sparse_memory,2,predictive,macro_2,0.6219087475571876,0.5690876800974174,0.7471343976864628,0.5146460630520706,0.5365398790598122,0.24631404389193157,0.33822875432814975,0.343751475423682,0.29789342072318226
128,sparse_memory,2,conservative_predictive,macro_2,0.5893685070705454,0.6310465982147964,0.5351655519244117,0.4491540456012006,0.6105846862220771,0.1614064793787889,0.5594914378078077,0.4235355002549387,0.40481698250627957
128,sparse_memory,2,aggressive_predictive,macro_2,0.5868747099740309,0.579021909957452,0.7622136789199128,0.5101781509879958,0.57249831013648,0.2110945282580642,0.324639607573705,0.28062203828750903,0.3019952221382426
128,sparse_memory,2,cgcs_balanced,macro_2,0.6541761923311055,0.5996335310363204,0.6549662045158942,0.5096665465209168,0.6409618710006274,0.19329741723488938,0.4349788251395539,0.45893842655852884,0.39286824640404766
129,sparse_memory,2,reactive,macro_2,0.767541945533413,0.6429828497671377,0.7513135614485447,0.6773360896031092,0.4954344035788077,0.34765367267814845,0.34513386601652596,0.22457677949787633,0.23716800351715522
129,sparse_memory,2,predictive,macro_2,0.7697971368782711,0.6246555347923447,0.8135422791649801,0.6217470733228172,0.5849240007886648,0.2574209722210251,0.2801560510538716,0.34178002251275724,0.3020097410190685
129,sparse_memory,2,conservative_predictive,macro_2,0.7559756465016535,0.6390088151966328,0.6283663537293884,0.5770775570183644,0.5819642436134701,0.21358139770539675,0.46748496855010646,0.4007375739151485,0.36008939300339327
129,sparse_memory,2,aggressive_predictive,macro_2,0.7953393933133848,0.6698225586669768,0.8979156586810876,0.6439761829520634,0.5541274313469945,0.290549730345436,0.20255772511895892,0.2856426589430292,0.2558114078340289
129,sparse_memory,2,cgcs_balanced,macro_2,0.7640030209127474,0.6810315122115657,0.6631948879877015,0.5312680233275923,0.5957150726542041,0.17881310253834898,0.43895983884403333,0.4831074246085295,0.3846847082836109
130,sparse_memory,2,reactive,macro_2,0.8915696698789015,0.6330863340728237,0.8583450733858901,0.6795291934531262,0.452387724174861,0.3660204294407695,0.23661787672503348,0.220674378234863,0.1945751878549698
130,sparse_memory,2,predictive,macro_2,0.8867030163187947,0.6211768764629141,0.8561133592521017,0.6916044026739118,0.5234839068635885,0.2920219103791259,0.23706317221733536,0.32659102622723757,0.2597821627457978
130,sparse_memory,2,conservative_predictive,macro_2,0.8808735843474614,0.637058953756898,0.7745066272598651,0.6442118931307109,0.5217427781516295,0.25494698544633493,0.3210522158036696,0.3866282551887721,0.29654151791061606
130,sparse_memory,2,aggressive_predictive,macro_2,0.8796988041973819,0.6648448367270242,0.9145786183457755,0.7159225123232826,0.5217341719500678,0.26903756706972715,0.18514810716327817,0.269511190389802,0.2407735552454924
130,sparse_memory,2,cgcs_balanced,macro_2,0.8790922973425751,0.7006290124493546,0.7179315548923503,0.5700286115541812,0.6131327285516707,0.18618369769819726,0.3871627969750529,0.48221443204643794,0.3792734317552223
131,sparse_memory,2,reactive,macro_2,0.7470831666057705,0.6701563147160032,0.7642965618940167,0.603921289243959,0.5124572240979903,0.3274904032249626,0.33622688531338374,0.24877045230180933,0.2512105410813186
131,sparse_memory,2,predictive,macro_2,0.7719953455200484,0.7736210667723664,0.7682072603615123,0.599294383279496,0.5582278052119412,0.24438031578180858,0.34783589965434264,0.398408496714429,0.3204675520322188
131,sparse_memory,2,conservative_predictive,macro_2,0.715256399087113,0.7421657734650186,0.6189100614656122,0.5557997820066982,0.6187647449469215,0.194775890044866,0.49241480455414055,0.4410980643114169,0.3916999601301968
131,sparse_memory,2,aggressive_predictive,macro_2,0.7067750416380598,0.7553002319595472,0.837561660733603,0.58245327462409,0.5703949241762599,0.24583655825053496,0.27573337406032905,0.3278644262610235,0.29485960812636275
131,sparse_memory,2,cgcs_balanced,macro_2,0.7299864663667772,0.7308523550059437,0.681437553056452,0.5119289705265173,0.635433788506917,0.17445671404883026,0.4281903001944395,0.5044125301467768,0.4031823134940412
132,sparse_memory,2,reactive,macro_3,0.8182197867910498,0.6398387238225308,0.8065314433151389,0.5969363900750333,0.5193682108068137,0.3202266097860176,0.2894443652582407,0.2395562753228791,0.2439058517720672
132,sparse_memory,2,predictive,macro_3,0.7721447657415469,0.673182473558265,0.7841959552810204,0.5753581643061678,0.5714489295570963,0.23711230562178512,0.31678141575271934,0.36804223288415916,0.3140537064923985
132,sparse_memory,2,conservative_predictive,macro_3,0.7381700340778566,0.6838833434803538,0.70762434515156,0.5855293962803801,0.5812390020607281,0.23742340919197152,0.39495815637049303,0.4147532909620479,0.34362349423043154
132,sparse_memory,2,aggressive_predictive,macro_3,0.8187207400694657,0.6569625369502532,0.9338366854833888,0.684993942685349,0.5085776357716503,0.2748723496281976,0.16470769505914915,0.27293809939551883,0.23127295254643154
132,sparse_memory,2,cgcs_balanced,macro_3,0.7739147871736981,0.7010440264858482,0.6689424681208932,0.5508892936690482,0.6087809229060416,0.1860625213155352,0.43621413585198404,0.48618755053623725,0.3883283347295578
133,sparse_memory,2,reactive,macro_3,0.7072408099719124,0.5405308444384022,0.7246381660310076,0.6010638003177792,0.48298650440714613,0.3368563537493372,0.3564414606347527,0.20397303548988488,0.2323259608595733
133,sparse_memory,2,predictive,macro_3,0.6674313134009887,0.526748959678659,0.7356023925027707,0.5560173197959699,0.5471074392092236,0.22308123430516263,0.34340995144902814,0.32065867192833664,0.3025114781525121
133,sparse_memory,2,conservative_predictive,macro_3,0.6728275940984676,0.602740525621919,0.59257361696718,0.5082490292571792,0.58658443895624,0.19317495663890838,0.49783746187610783,0.4018093781162358,0.3722326510363829
133,sparse_memory,2,aggressive_predictive,macro_3,0.6770699050970401,0.5407581173526836,0.7851708489577524,0.5635333523506332,0.518095882218133,0.21497227210294487,0.2959428686451502,0.2565586706033126,0.26951346208406035
133,sparse_memory,2,cgcs_balanced,macro_3,0.6570070788711184,0.5693991258686955,0.6359204689571576,0.43297813922243333,0.5709015585179021,0.18382034873007508,0.44948939992314674,0.4636940662095567,0.3720890970415196
134,sparse_memory,2,reactive,macro_3,0.6703189267066789,0.5621794423731545,0.7080809064219791,0.5764142116257972,0.47893390498255206,0.2988342695305,0.3762460099339941,0.2164799625054446,0.2451028237252664
134,sparse_memory,2,predictive,macro_3,0.6688176622820031,0.6373212193923151,0.7018219867690472,0.5732257145605442,0.5292595888023841,0.20527645306766684,0.3937761961398001,0.3559172838752015,0.3171203948118769
134,sparse_memory,2,conservative_predictive,macro_3,0.6101726364248335,0.6229892431653159,0.634884571886948,0.4895321989174023,0.5984133889730567,0.2091914359092339,0.45856381458784934,0.4126397953243801,0.3680523185168482
134,sparse_memory,2,aggressive_predictive,macro_3,0.6071936515335307,0.6140710820198103,0.7717272094548986,0.5293006537894259,0.5991557424980236,0.24284426350874003,0.32038345284807296,0.2890647479490484,0.3067812645659062
134,sparse_memory,2,cgcs_balanced,macro_3,0.6425905522818439,0.6760212316558443,0.5370149565037595,0.45035418011953104,0.6176533270799135,0.15457176653297297,0.5643882282446171,0.4975365950556393,0.4261296075449366
135,sparse_memory,2,reactive,macro_3,0.6313798080734027,0.47024095883634964,0.6472865557503336,0.5852078416276346,0.46345006794362475,0.3041329101277974,0.42324958807511887,0.18254276726719543,0.24009377020682468
135,sparse_memory,2,predictive,macro_3,0.6494995138401867,0.5409449988569893,0.7393497058837826,0.5218791357639647,0.5688866427508777,0.24431263394096783,0.3417920439447658,0.33245492244715336,0.30881288918446687
135,sparse_memory,2,conservative_predictive,macro_3,0.6690799233243762,0.552016888806935,0.5854362636426946,0.5516242881431329,0.5852006983584188,0.20105402449210835,0.49736626967834563,0.3753810534538007,0.36422254617328276
135,sparse_memory,2,aggressive_predictive,macro_3,0.6937019306327605,0.4960548838600062,0.8382222285318247,0.6019779318209154,0.5377457685518228,0.26815930615273587,0.2361860040471762,0.2332236229868191,0.2492579286856809
135,sparse_memory,2,cgcs_balanced,macro_3,0.6928021131969972,0.5341470671805434,0.6341102973468754,0.4581226436361327,0.5636607758823067,0.15873139760081778,0.4460117627302061,0.44632694478596363,0.3698390957140662
136,sparse_memory,2,reactive,macro_3,0.7759566412597536,0.6157777042819088,0.8267878162678639,0.6440926821759825,0.46383662305032064,0.35348010437371985,0.2655788393744224,0.2217036600634716,0.2074524689732261
136,sparse_memory,2,predictive,macro_3,0.7839802283324079,0.630751331442276,0.8040917596403597,0.6456984235513601,0.5640283377781902,0.25665176798935674,0.29052094007598167,0.3391232812945246,0.2957117246578327
136,sparse_memory,2,conservative_predictive,macro_3,0.8269111759782776,0.7208582670924256,0.6868524520431086,0.6293909856703925,0.5703511245919017,0.23778673573659956,0.42127628802075523,0.41892219634827044,0.3455942209983733
136,sparse_memory,2,aggressive_predictive,macro_3,0.7933656328099906,0.6135913401308265,0.8895402138843135,0.6671562361847743,0.515580436961806,0.26603146460412863,0.2024984871353105,0.2613257218088344,0.24070562934966622
136,sparse_memory,2,cgcs_balanced,macro_3,0.8228600860882302,0.6691079735398212,0.706585025624851,0.5947576260953888,0.5618752706376016,0.22577310860130975,0.39378117040612215,0.4662362655198597,0.3496861936176202
137,sparse_memory,2,reactive,macro_3,0.8627138336348895,0.4999038695445571,0.8157117223117749,0.6631649615692661,0.4233125711731508,0.3537209320897233,0.25927385811990866,0.17733336202674177,0.1809827018977176
137,sparse_memory,2,predictive,macro_3,0.7905474938195389,0.5602084313069546,0.8770085290249199,0.649694338427801,0.5233492627090315,0.2939354152184121,0.2070227356711233,0.3136340832718739,0.25048968223978646
137,sparse_memory,2,conservative_predictive,macro_3,0.8365536077315109,0.5505188497765379,0.7518554028368225,0.6092407807353243,0.5421824107845793,0.22471907383582063,0.3307224246296582,0.36333344127472345,0.30716334333734674
137,sparse_memory,2,aggressive_predictive,macro_3,0.8436495689400608,0.5410302508934495,0.9081197988527757,0.6525248104905517,0.4986369652348394,0.27219696771968016,0.1730347387812417,0.23885562571459698,0.2221978386587626
137,sparse_memory,2,cgcs_balanced,macro_3,0.8397099245038614,0.579520433793319,0.6963924384160121,0.5663571543316216,0.5637182136439459,0.2077266677480993,0.3905356266529858,0.44056072096133736,0.347698071577171
138,sparse_memory,2,reactive,macro_3,0.7970477290678055,0.6169060371927066,0.8097618107157193,0.704251410590613,0.4776384603595195,0.3662445581325244,0.2827740948631867,0.2100668308993247,0.21102322508060134
138,sparse_memory,2,predictive,macro_3,0.7520966629291373,0.6506086618279876,0.7717456820265841,0.5963007414129108,0.5481586160803216,0.24120057929448369,0.325845617247614,0.35595288335721353,0.3035389160397352
138,sparse_memory,2,conservative_predictive,macro_3,0.812688121325335,0.6299428050441583,0.7067844921533497,0.5616764044255853,0.5449859182132472,0.24830179346386683,0.38770692860327405,0.4006447008803384,0.3231175101425898
138,sparse_memory,2,aggressive_predictive,macro_3,0.7636924131667289,0.6371599615082432,0.8706333495833319,0.6653749784177195,0.5598172397719957,0.24062746438120286,0.22494064464290453,0.2699309908443412,0.26897800515145376
138,sparse_memory,2,cgcs_balanced,macro_3,0.764382053707294,0.7009002495190138,0.6524563387800768,0.5331284890084637,0.6122647993211201,0.18662159124457567,0.45267869864777527,0.4896893895299621,0.3936037109192573
139,sparse_memory,2,reactive,macro_3,0.6192235829670615,0.5150334445761052,0.7078625576029536,0.5528499598492672,0.4636363056805583,0.3196006674549159,0.3693924590834622,0.20469171363178335,0.23117233148331373
139,sparse_memory,2,predictive,macro_3,0.6805400987138286,0.5772316126742574,0.6980338287884337,0.5452673114236936,0.5599345750500961,0.22103772549148984,0.38855091311270495,0.3404776021512514,0.3211828485165549
139,sparse_memory,2,conservative_predictive,macro_3,0.6575343653510908,0.5741048391381618,0.5968329411390161,0.49467343538230296,0.5894796599220257,0.167080603410997,0.48928278473170816,0.39450200662189605,0.3752331484913291
139,sparse_memory,2,aggressive_predictive,macro_3,0.6723777499503945,0.5533345550451061,0.8235051626166957,0.5405485501449955,0.5310086123621546,0.23577170303291325,0.2594950206400702,0.26555738423678804,0.26495056075114354
139,sparse_memory,2,cgcs_balanced,macro_3,0.6292328602660455,0.5855515148322343,0.6195105543848243,0.47443372196112776,0.5914109604205167,0.15222405936298572,0.4683221728400109,0.46105628579905644,0.3893881705309938
140,sparse_memory,2,reactive,macro_3,0.8577859196642322,0.6276016776860361,0.8143365359865863,0.7118461852692956,0.48879139679984435,0.32241328384705403,0.2798037156663191,0.2122913501362535,0.22392291417776963
140,sparse_memory,2,predictive,macro_3,0.8811430393812826,0.6618390133284543,0.854022756496018,0.6365281603896203,0.517594704082066,0.26734666461903867,0.24525309550325014,0.3518380225870349,0.26967163869717503
140,sparse_memory,2,conservative_predictive,macro_3,0.8303689901689761,0.683648150883985,0.692752807561577,0.5950925836595474,0.5348240014638643,0.23912757165168091,0.40979441507102077,0.4127583360774853,0.3281733231771832
140,sparse_memory,2,aggressive_predictive,macro_3,0.8494932733728835,0.6490982235594809,0.9471645820128365,0.7069857951148949,0.49843097511858386,0.2631564692178951,0.15020015152108562,0.2657872192228393,0.22528569523472464
140,sparse_memory,2,cgcs_balanced,macro_3,0.8620323054639346,0.6769001759791735,0.7629002768869456,0.5739681800536639,0.5788047296144279,0.20230736167962615,0.3386347495099304,0.473121425581978,0.3512979884475786
141,sparse_memory,2,reactive,macro_3,0.6549429233174213,0.675721350992403,0.7045574881191139,0.552311523801515,0.5149743787944021,0.32198466799077635,0.3968007145297466,0.26104016808703806,0.26808231022881523
141,sparse_memory,2,predictive,macro_3,0.659552210589781,0.7078528070777154,0.6926453876106453,0.5260463141407643,0.5732125805161757,0.1986528723695012,0.413532533451012,0.39003921964904753,0.34660534113523944
141,sparse_memory,2,conservative_predictive,macro_3,0.6454393183219267,0.7690391513057216,0.6420693395106732,0.4792446112472296,0.6407011763021833,0.209394939567637,0.473286533185185,0.4658147807075567,0.39872401747400177
141,sparse_memory,2,aggressive_predictive,macro_3,0.6204280852870991,0.6958874937012218,0.8148560248648165,0.6012367594701596,0.5700821555056025,0.2498553713661958,0.2895270991903668,0.3033132709013957,0.2912944842552702
141,sparse_memory,2,cgcs_balanced,macro_3,0.6148189396223042,0.7208592303849988,0.5387773003827164,0.48240666745027605,0.6339897356218986,0.15343265651176793,0.5693515841750334,0.5068193971446944,0.43560015244080735
142,sparse_memory,2,reactive,macro_3,0.7528572757860591,0.5831396122087952,0.7059035971546378,0.6590762418584291,0.47701326274073,0.31925333651737803,0.38156734467668146,0.20728361590139252,0.23933023697164446
142,sparse_memory,2,predictive,macro_3,0.7043563405479586,0.6265247804339567,0.7337207790244836,0.5314338691133472,0.5074810424973498,0.24339075320585324,0.36025793804060985,0.3604968993292154,0.2955255509683717
142,sparse_memory,2,conservative_predictive,macro_3,0.7510158969131535,0.6012982767210826,0.6416103878285859,0.5938515905391287,0.5366512519294333,0.193908210297647,0.44858435367957644,0.38418407874455324,0.3393832017333722
142,sparse_memory,2,aggressive_predictive,macro_3,0.6944650910597314,0.6014175856354296,0.8176608318683081,0.5545576923955512,0.5277820683781287,0.2282815910509226,0.27255180597700635,0.27958461649329014,0.27091984459742946
142,sparse_memory,2,cgcs_balanced,macro_3,0.7329282420486924,0.6095973824848566,0.6189666457331459,0.5620779291251634,0.6029995124269895,0.1751761185095517,0.47247296163958263,0.4519434980446672,0.38802675291808897
143,sparse_memory,2,reactive,macro_3,0.6248834483349466,0.5231616651235038,0.7059418097434838,0.5643195191697712,0.5046702984560621,0.3122467506889164,0.3725324400250418,0.20524267895927212,0.2489852406515686
143,sparse_memory,2,predictive,macro_3,0.6531438134809409,0.5718328346058894,0.745859163186938,0.538134545998065,0.5359338703122383,0.2223360951844583,0.3399157620039454,0.3400145829124483,0.3019740123232866
143,sparse_memory,2,conservative_predictive,macro_3,0.6735005380794309,0.5379909816643492,0.6417475757187013,0.5215340569084917,0.553213472030888,0.19556404137039096,0.43895107153095103,0.37649003220082394,0.3417263324880307
143,sparse_memory,2,aggressive_predictive,macro_3,0.6560004126777911,0.5630105012015956,0.8018491795541914,0.6208975887444053,0.5581473364334164,0.22661408109359704,0.2826023956260479,0.2528741576716774,0.2789259654389574
143,sparse_memory,2,cgcs_balanced,macro_3,0.6263701463630365,0.5539186703016418,0.5889048469013831,0.472109827922398,0.5919117586751069,0.15576444806662518,0.49418295364386317,0.450449569021095,0.3917090745966292
144,adversarial,3,reactive,macro_4,0.8791084114039108,0.6390398687357247,0.9502244135263445,0.6706632145981808,0.3784191864258329,0.39719600770624597,0.14563156678401423,0.19453131113786748,0.136283291107701
144,adversarial,3,predictive,macro_4,0.8767049942354495,0.7447378690871547,0.9538067015520562,0.6723411638135282,0.4806898677263136,0.29803940227682385,0.15790397881101703,0.3186900214177985,0.22474686975475347
144,adversarial,3,conservative_predictive,macro_4,0.8715452024826964,0.7125330501655174,0.8319837814216134,0.6242450505800801,0.5490657632100491,0.2979170241208209,0.27489617610321415,0.352037557441915,0.2814890830535186
144,adversarial,3,aggressive_predictive,macro_4,0.8717355377491391,0.6948795227376829,1.0,0.7491243951693306,0.3728022769171921,0.337662875292004,0.10423192841065244,0.23338295392432287,0.14632292571561373
144,adversarial,3,cgcs_balanced,macro_4,0.8801179971686656,0.7027277401782397,0.889525841940133,0.5665408611630847,0.5190004215019001,0.24791460020720546,0.215883319086603,0.4056465368297669,0.28005614204915025
145,adversarial,3,reactive,macro_4,0.7579231460509923,0.7690249456649784,0.8663610727763784,0.5730052453323811,0.44012087799457944,0.37553250170867997,0.24899266907336834,0.25955768191626616,0.1990406571324564
145,adversarial,3,predictive,macro_4,0.8051542270568024,0.7678730033688159,0.9414591054055308,0.6599377531688294,0.4707244763173467,0.2879556771673472,0.1737218450997916,0.3292680005453197,0.22846749470705097
145,adversarial,3,conservative_predictive,macro_4,0.7930044694052709,0.7542811255532176,0.846069278695977,0.6080895440042795,0.5713859053722445,0.29844559774807705,0.2670728901370056,0.36988048514277017,0.29222580925064806
145,adversarial,3,aggressive_predictive,macro_4,0.772757795465456,0.772613451336227,0.9746838858018075,0.6154326691866839,0.42815978079144307,0.2801761701419623,0.14120813189862652,0.2873281741303426,0.1981193073607566
145,adversarial,3,cgcs_balanced,macro_4,0.800643140498157,0.8287960951698599,0.8189262857403993,0.5607666200989635,0.588609337697821,0.2258286351800295,0.3053931285350797,0.4509253092896581,0.3387880150399068
146,adversarial,3,reactive,macro_4,0.8813008222697287,0.7209000638077454,0.9449095794542418,0.6865653424742068,0.3967446592097503,0.3869914976027025,0.16322543011691998,0.2200019538378695,0.15441018684687993
146,adversarial,3,predictive,macro_4,0.9371460703376006,0.7970607901599973,0.9872648185859354,0.7211396972761054,0.43354154897717506,0.3089589565010698,0.13229429993806419,0.3272433371007779,0.20140639146089656
146,adversarial,3,conservative_predictive,macro_4,0.9262678483358034,0.7705711894157232,0.9222244414507227,0.6027859683122403,0.5358223978309338,0.31852524943386235,0.1933612369616358,0.37664272263305504,0.2614411076605816
146,adversarial,3,aggressive_predictive,macro_4,0.9289201208205657,0.7106817790491395,1.0,0.7081336298328332,0.35383603517522866,0.33721724331587605,0.10660226685737093,0.2471118967006322,0.14269931534902497
146,adversarial,3,cgcs_balanced,macro_4,0.8901581554838656,0.7855212764047862,0.9263392806593609,0.6060525099071286,0.5530424836397247,0.2632816731726838,0.19148891080135705,0.4267219447602494,0.2896764191560849
147,adversarial,3,reactive,macro_4,0.7670556620084514,0.5585399657098711,0.9286684307068976,0.6572967810673461,0.36404791212286747,0.3970846549376125,0.15511256414958302,0.16902963178498562,0.12713030744178058
147,adversarial,3,predictive,macro_4,0.8360141084874246,0.5757738913681548,0.9577438111976154,0.6444285421107986,0.40691786419012665,0.29643040274783927,0.1286222725076078,0.2651351535566945,0.17939689612667462
147,adversarial,3,conservative_predictive,macro_4,0.7887063532446859,0.6204416876447756,0.8504719688898106,0.6103677483815391,0.5092780592281643,0.2667116598532355,0.24259428425690577,0.3225810409993636,0.2596700164072965
147,adversarial,3,aggressive_predictive,macro_4,0.8173000057417298,0.5822965933616306,1.0,0.6663457509820973,0.39753951518147707,0.3131626387238703,0.08734448900424459,0.21053465748015124,0.15221901047066944
147,adversarial,3,cgcs_balanced,macro_4,0.8031133443499088,0.5906288520561913,0.8257739878161521,0.5343352842462997,0.5360570678875034,0.2234060053236736,0.2628203399922766,0.3728530413704069,0.2936122218324614
148,adversarial,3,reactive,macro_4,0.9040143317607602,0.8377810625501748,0.9512174336631629,0.6892240922418391,0.43778830394167156,0.3983867963135761,0.1744497257193633,0.2603785534441933,0.17885542313671515
148,adversarial,3,predictive,macro_4,0.8561026227532026,0.8709021775313075,0.9785902183469779,0.6119828094946216,0.5071972839971345,0.30752088870151834,0.15204510828271822,0.3749192002370333,0.2441220358872984
148,adversarial,3,conservative_predictive,macro_4,0.8345544088728618,0.8450463669949788,0.7833032110952552,0.6019799558716227,0.5960612396255843,0.23759338890946569,0.34345374395399153,0.402870237273918,0.33630679426688925
148,adversarial,3,aggressive_predictive,macro_4,0.858978240754554,0.8171150340203749,1.0,0.6983369582810668,0.3828726150170473,0.3054495797198095,0.12256725510305623,0.28632287025091785,0.17190616023832922
148,adversarial,3,cgcs_balanced,macro_4,0.836449133768177,0.8701977578157635,0.8734849840545704,0.5606320700747045,0.6062527576300524,0.2512471457256607,0.2570446796177941,0.4654428012205763,0.33393297094637336
149,adversarial,3,reactive,macro_4,0.8225163224958268,0.606196196185414,0.8720044186042994,0.6461274834767401,0.3910900269289036,0.38173088781700054,0.21892501082351265,0.18794317196954688,0.15740053266758613
149,adversarial,3,predictive,macro_4,0.8353632251868548,0.6702884434323251,0.9939947913435392,0.6334221017466521,0.4413341859372436,0.29478786040641947,0.10654847517130957,0.3004165348519833,0.19615075127656695
149,adversarial,3,conservative_predictive,macro_4,0.7729189076521035,0.6228636756434877,0.8426823211576252,0.5745638861968401,0.49062822783728616,0.2694395415773822,0.25074723018889794,0.3305895092358526,0.25542995633235943
149,adversarial,3,aggressive_predictive,macro_4,0.8179475203764662,0.6043035902742208,1.0,0.70229000841587,0.34569603029884316,0.3042179345263419,0.09064553854113311,0.21104825491280324,0.13508062839733537
149,adversarial,3,cgcs_balanced,macro_4,0.7950337081097614,0.6317332861005729,0.8233042780101625,0.5315063396577562,0.5682592063662346,0.24487219345128433,0.27145571490492343,0.38780538220364924,0.30657238679469984
150,adversarial,3,reactive,macro_4,0.7915332494468482,0.6126209070854817,0.9405542966436686,0.662331362474806,0.3855968969236551,0.39060985809583704,0.1513388394191536,0.18695104498495738,0.13980184699234288
150,adversarial,3,predictive,macro_4,0.8251287606048446,0.6796728424002455,0.9293256878080693,0.6113628057306545,0.4474599604214962,0.294889197616106,0.17262523855196749,0.30811293369395504,0.21336683856001096
150,adversarial,3,conservative_predictive,macro_4,0.7822546179257212,0.7081158490932314,0.786745091697976,0.5846371229656752,0.5618792858577105,0.27205333718028485,0.3194722856660087,0.3584131225894959,0.30184880529276387
150,adversarial,3,aggressive_predictive,macro_4,0.8077483594434067,0.6837738287020867,1.0,0.6322531447713342,0.3917784472165826,0.3036538082220204,0.102566074305313,0.25287021109146346,0.1642897095990819
150,adversarial,3,cgcs_balanced,macro_4,0.8017831047033898,0.6712656188672114,0.8171735947623747,0.5482563323279482,0.5241574765044995,0.2303696266046114,0.283516248067707,0.39829170013793425,0.2974333393946744
151,adversarial,3,reactive,macro_4,0.7673135152185959,0.6070530877151489,0.8924626742398369,0.6087037352110473,0.3776831541725843,0.3677920883182805,0.1985952889174354,0.19572783365809265,0.15274036211019337
151,adversarial,3,predictive,macro_4,0.7906625738027264,0.6622387255480661,0.955061329808705,0.5984566370971742,0.5043531731004124,0.30010339232743255,0.14427447902350496,0.30459222652238827,0.22749871295229665
151,adversarial,3,conservative_predictive,macro_4,0.7901590613460897,0.6480412146695204,0.8491472258436953,0.5517908372481156,0.5175773490125519,0.2832689311901002,0.24805895635673275,0.34395625768470894,0.26530777434873226
151,adversarial,3,aggressive_predictive,macro_4,0.7889090499810265,0.649335186636775,1.0,0.6297222375935737,0.3818229731054577,0.3097264058325296,0.09740027799551625,0.24132286780415652,0.1557185351295857
151,adversarial,3,cgcs_balanced,macro_4,0.7988329829991127,0.630688731858332,0.8456335018631861,0.5393854951310929,0.5190459444817339,0.21420249418973053,0.24896980791556372,0.3858639571241975,0.289080992215549
152,adversarial,3,reactive,macro_4,0.8008692937863959,0.6269535801019017,0.863715024585858,0.651817074743862,0.4174879972306572,0.3527391901926085,0.23032801242942724,0.19407033808689317,0.17685867777413
152,adversarial,3,predictive,macro_4,0.8177186514010714,0.6654943080772678,0.9591791940384159,0.6328186187074305,0.4707439870437057,0.30169578092905713,0.1406449521731743,0.2988592840855576,0.21242159182425424
152,adversarial,3,conservative_predictive,macro_4,0.750250816703133,0.7017766031323084,0.8036744653971865,0.5488473467391891,0.5765183045983133,0.2530982894810906,0.3015920250726598,0.3633523417484701,0.3087132180503363
152,adversarial,3,aggressive_predictive,macro_4,0.8056212578768914,0.6208425623725647,1.0,0.6551506844266182,0.36158294734427837,0.2961608860649869,0.0931263843558847,0.22626475994507397,0.1465728668369216
152,adversarial,3,cgcs_balanced,macro_4,0.8522170973308807,0.6795875290029705,0.7820750553065124,0.5609975021952021,0.5205924812809907,0.23031211168256996,0.3198630740439331,0.3986561347119992,0.30343968499568896
153,adversarial,3,reactive,macro_4,0.7536423834636143,0.7596697890429922,0.8692409543529336,0.6528847387277793,0.4483332222178723,0.39992374076190196,0.24470951400351526,0.24030747841949138,0.19219142434340225
153,adversarial,3,predictive,macro_4,0.7726078077402635,0.7118695078045376,0.9473350682364222,0.6049089893347883,0.4799608377199511,0.2883102648929013,0.1594453579342584,0.3206725298646305,0.22716009351207153
153,adversarial,3,conservative_predictive,macro_4,0.730507532134382,0.7805340669220683,0.8120561125184442,0.5913875313517466,0.5948328043579166,0.24926619581747214,0.305023997519866,0.3824094171523745,0.32131809777000947
153,adversarial,3,aggressive_predictive,macro_4,0.7521244189254354,0.7287228445960606,1.0,0.5745895530222825,0.395804614802167,0.27349816943308775,0.10930842668940909,0.2801350850041647,0.179197523777004
153,adversarial,3,cgcs_balanced,macro_4,0.7452013341748662,0.8062834676962278,0.7795355156507586,0.5510045932510003,0.6241055507416592,0.21182271672220243,0.34140700450367556,0.4449982950434796,0.3609765917476906
154,adversarial,3,reactive,macro_4,0.8238069106129258,0.5446461548210368,0.945254738682791,0.6715878678553896,0.3634753376205893,0.39959435106456426,0.13644218454036455,0.16130858061628495,0.12097808272656671
154,adversarial,3,predictive,macro_4,0.842450546650647,0.5657801981493841,0.9196332462818512,0.649221231176259,0.42544685679249167,0.2834046146337734,0.16523378344055645,0.2606788231170326,0.1953849804282506
154,adversarial,3,conservative_predictive,macro_4,0.7888349225338591,0.530657186713845,0.7811774184014472,0.6013858773546028,0.49692799903087614,0.22789314484661405,0.2984211596056296,0.2929528398789252,0.2673878673568996
154,adversarial,3,aggressive_predictive,macro_4,0.8125270787250787,0.5795874949522614,1.0,0.677121475889278,0.3541004333317787,0.31061929252551396,0.0869381242428392,0.20743132805543585,0.13545682318173682
154,adversarial,3,cgcs_balanced,macro_4,0.7677995621075451,0.6179253495537124,0.7602067306342778,0.5024042734377762,0.54485977598717,0.20294879983080738,0.3324820717987791,0.388793017656244,0.31848783315309265
155,adversarial,3,reactive,macro_4,0.8838176027879066,0.6022838180007748,0.9184887293146643,0.6917564713686586,0.37980440250507197,0.41084844048195895,0.1718538433854519,0.17744804202653947,0.13556532277846461
155,adversarial,3,predictive,macro_4,0.839247078873108,0.6327213793101449,1.0,0.5904570685304323,0.439632266432113,0.28712017875538004,0.09490820689652174,0.29586106905246423,0.1937073020639734
155,adversarial,3,conservative_predictive,macro_4,0.9021108082830639,0.625912841627693,0.9168954253881784,0.5915154043174213,0.4988953650105111,0.2771153397928521,0.1769915008559756,0.32826641370620824,0.24177408193198477
155,adversarial,3,aggressive_predictive,macro_4,0.8331317262169555,0.6387780257522925,1.0,0.6943438592876459,0.3557519993972966,0.29784934507074184,0.09581670386284387,0.22470353715577315,0.1442140097036632
155,adversarial,3,cgcs_balanced,macro_4,0.8646422369135062,0.7222091530117489,0.8914153959860164,0.6060781906466599,0.5149200121130424,0.27025971939530996,0.21691597696574594,0.40455756542478005,0.2740035205104949
156,adversarial,3,reactive,macro_0,0.9003810100955681,0.5944262293001463,0.9277611151071803,0.7449097586545149,0.33089832023609095,0.4074406529919883,0.16140281928784167,0.1640672285241482,0.11262858522419783
156,adversarial,3,predictive,macro_0,0.8965495511248184,0.5998111701251361,1.0,0.6492708147425007,0.4126489892980429,0.3122379409253007,0.0899716755187704,0.2725797465952975,0.1723209071029157
156,adversarial,3,conservative_predictive,macro_0,0.8966291475722333,0.6318650787266323,0.9157210717365384,0.6303441384592466,0.5121869806567801,0.3014460657683698,0.17905869007245645,0.32258394986247196,0.24112204648013758
156,adversarial,3,aggressive_predictive,macro_0,0.9275758610261892,0.6108982084485485,1.0,0.7900931884026602,0.33661319037735016,0.31449451482005986,0.09163473126728226,0.19579573527645988,0.1264161173936587
156,adversarial,3,cgcs_balanced,macro_0,0.8947865444892635,0.7001790193007642,0.9073984907501297,0.5566689207146384,0.5118382795327121,0.2375662345976146,0.19762836214498494,0.40672887261233975,0.27599132370661944
157,adversarial,3,reactive,macro_0,0.6448200829952663,0.7153814289633517,0.864752153266334,0.5335657082837015,0.47196468464332875,0.3422156575257811,0.2425550610781687,0.24867035848043276,0.21412193974063765
157,adversarial,3,predictive,macro_0,0.6475563994337082,0.7870747983656391,0.8375292549421962,0.4818670571389809,0.5185953528340372,0.23751436446209961,0.28053196481264964,0.37160276800017744,0.2874223631070832
157,adversarial,3,conservative_predictive,macro_0,0.6255487643447807,0.8097551789922187,0.7273418897343383,0.49903351175206406,0.5954633433159686,0.23667412769057813,0.39412138711449446,0.41110761029686366,0.34820919661016136
157,adversarial,3,aggressive_predictive,macro_0,0.658861397565725,0.7674878409621841,0.9812876458569296,0.5230287484804764,0.4266768215275857,0.2549768126181867,0.13383553028739797,0.30401499464066917,0.20479223453527207
157,adversarial,3,cgcs_balanced,macro_0,0.6643515247687196,0.8097333414718497,0.7648180188029827,0.43825489188344297,0.5866542630721514,0.17821865645684956,0.3566419824177947,0.46875569113845866,0.36173953721006746
158,adversarial,3,reactive,macro_0,0.8448346327516463,0.6063318819205766,0.9694767780366572,0.6973921998999492,0.37505790936222644,0.38958941210881387,0.12147300425142928,0.17773771869221197,0.12800102209845576
158,adversarial,3,predictive,macro_0,0.8098289033690537,0.6388391490338174,0.9311155370841103,0.6013855250530188,0.4041178632158566,0.2894992514057591,0.1647103352709623,0.2958165971512323,0.19368665616833722
158,adversarial,3,conservative_predictive,macro_0,0.7731698291310319,0.6481867744652877,0.8734701141370275,0.5535787057041817,0.5397219755700218,0.24702267879423018,0.2237579020327657,0.34364962992201437,0.27604431394715856
158,adversarial,3,aggressive_predictive,macro_0,0.7913221328234513,0.6216503819854662,1.0,0.6466982311865496,0.3803239642400121,0.3244310273766091,0.09324755729781993,0.2282379874576032,0.1484987696361194
158,adversarial,3,cgcs_balanced,macro_0,0.7955241111471653,0.6600301471669802,0.7678995110135163,0.5704450343344977,0.5191761398948755,0.23795988652097272,0.33110501106153073,0.38992154464154344,0.30169869788930387
159,adversarial,3,reactive,macro_0,0.5615776408631643,0.6309157026706672,0.8140351613318991,0.5483574398043951,0.44494207165380667,0.3234163674313811,0.28060219406870096,0.21614900797385447,0.20806793431015846
159,adversarial,3,predictive,macro_0,0.6663124546627,0.6158155073644358,0.894568937968244,0.5395079444869348,0.4800869503170038,0.26170328968639317,0.19780338813642137,0.3001338386801655,0.2356825053201035
159,adversarial,3,conservative_predictive,macro_0,0.6374732673909115,0.66573072874639,0.7187518677389882,0.45567024171977366,0.5932001279526055,0.19835810610318297,0.3811077415729702,0.36937170671728176,0.3432277511937495
159,adversarial,3,aggressive_predictive,macro_0,0.6088956958096287,0.6219471011023832,0.8802814335408833,0.5102140121202815,0.4208894188201332,0.23873790813127171,0.2130106316244742,0.25563868296177783,0.21103303410188226
159,adversarial,3,cgcs_balanced,macro_0,0.5971158122491637,0.7000460101937539,0.7296934867687449,0.48825616731616667,0.5983792405544206,0.1964693401572523,0.3753134147603182,0.42036487010458046,0.3556331977543007
160,adversarial,3,reactive,macro_0,0.7142798181924496,0.5557657627918817,0.8899794463482577,0.5952863201478742,0.4113590814569204,0.36152318530938077,0.19338541807052462,0.18046075294758374,0.16239026315432692
160,adversarial,3,predictive,macro_0,0.7768046618357756,0.5925495821072373,0.9489562503966678,0.6728436882436606,0.45726496230779223,0.29072759542484294,0.13992618691941783,0.26532361608880095,0.20197159951541224
160,adversarial,3,conservative_predictive,macro_0,0.7200729187623761,0.5831799561951381,0.825397932576286,0.5362693580657201,0.5460879559911151,0.2615595949135001,0.2620790608529847,0.32435911305515425,0.27897632133665456
160,adversarial,3,aggressive_predictive,macro_0,0.7793343838539878,0.5647160916005183,1.0,0.6150245636680233,0.35989412089927747,0.29577335987245706,0.08470741374007774,0.21464571932657672,0.14176863496709646
160,adversarial,3,cgcs_balanced,macro_0,0.7104159509094283,0.6464847290828478,0.7772042218843591,0.48088153621981555,0.5298663791110558,0.2091464771938492,0.3197684874780681,0.4030933479350336,0.3121541626647524
161,adversarial,3,reactive,macro_0,0.7273626365848475,0.6885189623506307,0.884755481485521,0.6636809065922967,0.40441617090908344,0.371450531261525,0.21852236286707363,0.21324545550426136,0.17000651147749893
161,adversarial,3,predictive,macro_0,0.7104808285460735,0.7055663578832448,0.8934063166307648,0.5596902852631095,0.5012320624503743,0.2759646078711275,0.212428637051722,0.3275101682065138,0.24981322657269417
161,adversarial,3,conservative_predictive,macro_0,0.7048411424662974,0.7350392535819819,0.772906009298628,0.5709023884942294,0.5792655000573294,0.24412249666320687,0.3373498787386693,0.37058326105484773,0.32029468386894416
161,adversarial,3,aggressive_predictive,macro_0,0.7713718758939858,0.6807369695993305,1.0,0.6411058028214183,0.38575628132214446,0.3199035682115141,0.10211054543989957,0.25003677879548203,0.15803687368309804
161,adversarial,3,cgcs_balanced,macro_0,0.6765685601575252,0.7369653866637138,0.7403626084937752,0.4463444951776371,0.5729838502810118,0.20381657150034627,0.37018219950578185,0.44166898629677237,0.34817416569316156
162,adversarial,3,reactive,macro_0,0.7265377730615864,0.7014939998788962,0.9016681468352025,0.6166926000135099,0.4425326820581597,0.3828565262093191,0.20355595314663194,0.22718437995491167,0.18228286815964384
162,adversarial,3,predictive,macro_0,0.6896523586983913,0.6847515755910232,0.8703310830431087,0.5683027827412876,0.4911215491501266,0.2807877226198467,0.23238165329554478,0.31850249490860055,0.24701552369207982
162,adversarial,3,conservative_predictive,macro_0,0.7173230272362698,0.7143095540805905,0.8239120340963785,0.5809671479796574,0.5733493375726969,0.2672777760309528,0.2832343990157101,0.36131491433227514,0.3005533540276768
162,adversarial,3,aggressive_predictive,macro_0,0.7102058450893132,0.6846723353096092,0.9934400380734058,0.5833287815227686,0.39322171376200116,0.29797951384731186,0.10926081222303563,0.2629695610538095,0.1695338143365433
162,adversarial,3,cgcs_balanced,macro_0,0.7571769767654632,0.7449326664814289,0.806240975684435,0.5369867686129028,0.5607407783324476,0.22384154275965254,0.30549892428777936,0.42632907954591953,0.3232053695720578
163,adversarial,3,reactive,macro_0,0.7658603457492552,0.4548119379408682,0.906405921178516,0.6525468145079799,0.3636651340203236,0.38584203687670066,0.16181586951261417,0.13367481537770787,0.12279597683800136
163,adversarial,3,predictive,macro_0,0.77847944680439,0.47493663228741406,0.9351866206665356,0.595096543421054,0.42621757901534013,0.2987492537416432,0.13605387417657655,0.2397085126163841,0.1821594768884204
163,adversarial,3,conservative_predictive,macro_0,0.7279273954606195,0.5063235071379671,0.8077924651195368,0.5276730961397175,0.5086794272192617,0.23352228633250885,0.26815606095115824,0.299178608270345,0.2660442310865252
163,adversarial,3,aggressive_predictive,macro_0,0.740128394601678,0.4838455100935502,1.0,0.6122139223383475,0.3541166957972218,0.2941776190368594,0.07257682651403252,0.18690314406507308,0.131362877592695
163,adversarial,3,cgcs_balanced,macro_0,0.7880263517961178,0.5440988902614098,0.8223396659446105,0.57158371108227,0.5492894698124501,0.23134644005546842,0.25927516759460095,0.34911786937503936,0.2911216752990662
164,adversarial,3,reactive,macro_0,0.7427852907294807,0.5157697324508325,0.8700329936303806,0.6169797401556314,0.3743914460699292,0.36439356109845644,0.20733246623724433,0.16212345832666503,0.14652369136619697
164,adversarial,3,predictive,macro_0,0.6969574305714297,0.5945493275208339,0.9566778006175937,0.5900011143717102,0.4670638616242473,0.2825702411101985,0.13250459851053142,0.28259204175794983,0.2096413880840295
164,adversarial,3,conservative_predictive,macro_0,0.7425484633856874,0.5689310260949376,0.812025190777693,0.5901433472950403,0.5417860291523576,0.25482733641079125,0.27331446313654767,0.3085971896742201,0.2774674981513756
164,adversarial,3,aggressive_predictive,macro_0,0.7153772351278471,0.5250363405964029,1.0,0.6706600080787217,0.35673735876322865,0.27161856268043133,0.07875545108946043,0.18963071759299666,0.13870633188229198
164,adversarial,3,cgcs_balanced,macro_0,0.6763029638984566,0.5890910086536423,0.7695080284070049,0.4485803019358961,0.5490041398869179,0.19055658355198035,0.3188556228910414,0.38946579264159553,0.319963855405992
165,adversarial,3,reactive,macro_1,0.6204291782528352,0.4468505358315711,0.8285155039111383,0.5856388245225563,0.4177368662583318,0.34703215699553935,0.2385120764635974,0.1442699226365386,0.1687753760518162
165,adversarial,3,predictive,macro_1,0.5940302393934356,0.518295037936786,0.8357293028173816,0.4998378986039279,0.45591622724865455,0.25166353189578916,0.24201495287313635,0.2739356835570895,0.23158430093251786
165,adversarial,3,conservative_predictive,macro_1,0.5872649835613037,0.4444348687801782,0.6868123476359048,0.45896682923105075,0.543496074054026,0.20880757885350493,0.37985288268112194,0.29125883822685217,0.3048145133159608
165,adversarial,3,aggressive_predictive,macro_1,0.5876189936729441,0.46892675269077666,0.9020177743261885,0.5083695627176983,0.3795349777852636,0.25540729274951984,0.16832123857742803,0.20245045089823213,0.17134517992159287
165,adversarial,3,cgcs_balanced,macro_1,0.6208548804731929,0.5081164496279413,0.6964785688465976,0.4192357394448393,0.540641193035799,0.16762433682487765,0.3797388985975936,0.36699360948081156,0.3286051597939254
166,adversarial,3,reactive,macro_1,0.6544964059372176,0.46012031773291207,0.8506004287101543,0.544772355871598,0.37103444886032994,0.3371394845606852,0.2184176189497825,0.1570876400321996,0.15180799825182875
166,adversarial,3,predictive,macro_1,0.6222978261022392,0.522145927924937,0.8989485617310402,0.4873360463559549,0.4490505921679905,0.2757789343746421,0.17937332745770035,0.277783865502537,0.21247055405100615
166,adversarial,3,conservative_predictive,macro_1,0.6020951202910909,0.5126974615961676,0.7457351752432702,0.46160303191561847,0.5482438649361603,0.21737777111452344,0.331169443996155,0.31462350517553495,0.3003081743906849
166,adversarial,3,aggressive_predictive,macro_1,0.6487394590967488,0.47098821804756585,1.0,0.5241215691213407,0.36609737879967885,0.2639833247140951,0.07064823270713487,0.2000215624923799,0.14445472929080952
166,adversarial,3,cgcs_balanced,macro_1,0.5961307351347691,0.5181779900127468,0.7531128291507568,0.45381736950842944,0.5861622910171989,0.21650444432288843,0.32461386935115516,0.3635988226027755,0.32435529656479956
167,adversarial,3,reactive,macro_1,0.7997937871998555,0.4933021004482204,0.9550032246613468,0.6334201637438567,0.36185139617309203,0.3815875435620534,0.11899209040588626,0.15097170240810578,0.11819821444432481
167,adversarial,3,predictive,macro_1,0.7604839612611868,0.4965863395645045,0.8631433475607089,0.5817772654356551,0.46676527889613245,0.2598732585295749,0.2113446033739668,0.24994976576044553,0.22265402341670676
167,adversarial,3,conservative_predictive,macro_1,0.7624648591108262,0.605478265216085,0.8140361109989251,0.5274031455717069,0.5456990073436702,0.25024946397732245,0.2767856287834876,0.3339367637112884,0.28613894376831117
167,adversarial,3,aggressive_predictive,macro_1,0.7827050990243651,0.500635223699365,1.0,0.6960324674304033,0.3207886710690062,0.3081362145586506,0.07509528355490475,0.17601583480869704,0.11401499246338652
167,adversarial,3,cgcs_balanced,macro_1,0.7775576479199392,0.5643502138068709,0.8083201039808198,0.5370020418052036,0.5270889861145315,0.23652611125416834,0.27633242809021086,0.3631221664713641,0.2881419547144306
168,adversarial,3,reactive,macro_2,0.6495592292587488,0.5159682842549641,0.8186886924009477,0.5788098263858024,0.39553482599108464,0.34384558796126286,0.25870655023729694,0.16982693421207695,0.1706373518584759
168,adversarial,3,predictive,macro_2,0.720842308444519,0.5313847921113698,0.8996907245351843,0.5193541372246324,0.4610472181991221,0.28380025874298354,0.18001699428152118,0.2746138497940529,0.21485633697806555
168,adversarial,3,conservative_predictive,macro_2,0.6520697929992557,0.5069265957251267,0.7407667723808985,0.45450519638445636,0.5325736719585265,0.2426309614968411,0.3352722169778705,0.31402326922690305,0.2899913656703646
168,adversarial,3,aggressive_predictive,macro_2,0.6567609922269098,0.4877516418499578,0.9089571861174626,0.5463699378729572,0.3602633685875485,0.2737986525649627,0.1642055601600311,0.20143908707289376,0.15929806073831876
168,adversarial,3,cgcs_balanced,macro_2,0.6474744352355979,0.5400601317917971,0.765018266525308,0.5137072884813805,0.5207348394185289,0.20312991801150015,0.31599075324346154,0.35927958843085284,0.29949291548022094
169,adversarial,3,reactive,macro_2,0.5788915773893438,0.46108038449264893,0.8553123867943003,0.4596611285059796,0.38001619272847925,0.3438092665848088,0.213849670879597,0.17444590887123118,0.15679233404745063
169,adversarial,3,predictive,macro_2,0.6290827806311268,0.525040403280438,0.8836087465489577,0.540362840214973,0.4503355375881615,0.2718417746243015,0.19514731394310797,0.26819157310515873,0.21479075823039756
169,adversarial,3,conservative_predictive,macro_2,0.551773078071465,0.5562966758810213,0.742581204720778,0.4213895480451706,0.576255503769483,0.21920697798387587,0.34086329666137516,0.3379259269493233,0.3176520590967545
169,adversarial,3,aggressive_predictive,macro_2,0.5722475577278482,0.5393838400920078,0.9002691253553083,0.4707730148063549,0.40734950246763285,0.26577556488518683,0.18063845065849282,0.2346297410709317,0.18938393112796664
169,adversarial,3,cgcs_balanced,macro_2,0.5714340264073925,0.5444123672275931,0.7057781608090996,0.4367665541369982,0.5706820048887712,0.1897479720106916,0.37588369427503937,0.3761910177022579,0.3368483302050993
170,adversarial,3,reactive,macro_2,0.5899539338692654,0.6852777680500807,0.7624769511495737,0.5284423934182746,0.49144158261599535,0.30610945596901873,0.3403147140579384,0.23915874013387328,0.24620377584131428
170,adversarial,3,predictive,macro_2,0.5589182316700536,0.6719807540360098,0.8118803366965232,0.46668704595490706,0.5298410736775807,0.26667524025935097,0.2889167764088783,0.334355854721622,0.279346203266143
170,adversarial,3,conservative_predictive,macro_2,0.5866069993801869,0.7521038448260716,0.7381788118345679,0.44764845767241185,0.6068977341784622,0.22697613086349452,0.37463676488934283,0.4012066541546427,0.34841872970700666
170,adversarial,3,aggressive_predictive,macro_2,0.6007115443326058,0.6656140616588962,0.9283714620026625,0.5634480584811414,0.4101318216286017,0.2831423382238034,0.17147064724617192,0.2602753098843854,0.19077632219790713
170,adversarial,3,cgcs_balanced,macro_2,0.5737837000700153,0.7192240554882711,0.6389734697194075,0.42927163109575994,0.6161649343561125,0.17980598892176514,0.4689101386038332,0.43887409320174275,0.3885158054961198
171,adversarial,3,reactive,macro_2,0.5853713196870459,0.5871660758833741,0.7726865279925358,0.49693127947026816,0.3825872286793611,0.3249288349135326,0.31538838338997033,0.21112187066512728,0.1899218681397728
171,adversarial,3,predictive,macro_2,0.6038654013559069,0.5374979536770558,0.8550545625911115,0.4932362640111941,0.4897648950563862,0.2602490307297798,0.2255701304604469,0.2819770309847307,0.24120982688420095
171,adversarial,3,conservative_predictive,macro_2,0.5882775304020444,0.5582270802648982,0.6396826884230298,0.4764018196870631,0.5412787005071933,0.1859632633017494,0.44405137361670494,0.3275991141553017,0.3293753333698909
171,adversarial,3,aggressive_predictive,macro_2,0.5838892242811154,0.5927412994500723,0.9221118978693008,0.539361806328798,0.39305234057491667,0.2803993329729146,0.16679929704821,0.23958709354176566,0.17934904281271588
171,adversarial,3,cgcs_balanced,macro_2,0.6135481424856442,0.614020912167242,0.7511137998317543,0.4141054893527112,0.5790539483219243,0.19158075969873697,0.340989336993332,0.4050862213879924,0.33904118452660853
172,adversarial,3,reactive,macro_2,0.5998428958453924,0.5034674989650276,0.864255456835521,0.5541900676033997,0.41460307864161366,0.3598696807395209,0.21126466800923316,0.17037561111707972,0.16531080178351315
172,adversarial,3,predictive,macro_2,0.5510281633933177,0.5272120042831139,0.8040296673549123,0.4363278972441722,0.4824370957252143,0.23552958841182745,0.27505213328755473,0.28975862205025543,0.2549775022017831
172,adversarial,3,conservative_predictive,macro_2,0.5810201228468737,0.5830981887022646,0.6624087101044687,0.4590471929284796,0.5722269866493812,0.2125570985575142,0.425056018200871,0.33977492746009663,0.3346965228966575
172,adversarial,3,aggressive_predictive,macro_2,0.5893575871714907,0.5409188137304254,0.9348208502359732,0.5879865762215496,0.3823081497161161,0.2796526082273546,0.14631697182359066,0.21172426956133894,0.16518930891486588
172,adversarial,3,cgcs_balanced,macro_2,0.6199431033355358,0.5349598928844725,0.7404909670220383,0.4372023431481318,0.5108405051336213,0.19685639645184538,0.33975301691063253,0.372795493879939,0.30471372469612007
173,adversarial,3,reactive,macro_2,0.6035918644758662,0.476018909511048,0.821871248855774,0.5592613472383483,0.40627088948510715,0.33586340072742327,0.2495315875708832,0.1597543488811971,0.17226253212689607
173,adversarial,3,predictive,macro_2,0.6263339366259348,0.47873022891079786,0.8789217783114691,0.5343676566631036,0.4388117807889075,0.26165698217382477,0.19288775602515057,0.2531820487861585,0.20869468220300488
173,adversarial,3,conservative_predictive,macro_2,0.6309647992466514,0.4739297885246336,0.7530687143708001,0.5127684073840367,0.5153902975888282,0.247980341875497,0.31802075390789486,0.2908217445068144,0.27383717928173346
173,adversarial,3,aggressive_predictive,macro_2,0.6582838345010283,0.4670582356578509,0.9584945545504583,0.5533727571549251,0.351895635116456,0.26273362240980036,0.11156418079821934,0.19279583104926273,0.14590153585277488
173,adversarial,3,cgcs_balanced,macro_2,0.6043313890410372,0.4493745927274434,0.7437782303375263,0.39309842749228974,0.5178604845539588,0.21080443143249397,0.3236279585715902,0.3516614219561472,0.296717202388676
174,adversarial,3,reactive,macro_2,0.5666340875934267,0.35546509605146936,0.8003914129280325,0.529833885614052,0.38153646520862594,0.32101259771568,0.2529283514796879,0.12344600649520386,0.15852512896102428
174,adversarial,3,predictive,macro_2,0.5146612008152863,0.4047920240977657,0.8132144061599196,0.41630173441007706,0.44308846557836096,0.21408360740693658,0.24750439745474528,0.2509168615522026,0.2302594844708235
174,adversarial,3,conservative_predictive,macro_2,0.555314944096723,0.43730125280482796,0.744931354386944,0.44793232774203107,0.5227150109452439,0.2173628242019176,0.32066383353378014,0.29096897293328355,0.28330508007088756
174,adversarial,3,aggressive_predictive,macro_2,0.5207643038681996,0.4081592877162063,0.8966560139967986,0.4536631835299323,0.3776723248436294,0.24888232130140509,0.1645678791606323,0.19212311399468568,0.1689196800912555
174,adversarial,3,cgcs_balanced,macro_2,0.5150298304015481,0.42120424588682737,0.7328627726771969,0.35428462498796165,0.5280583077826155,0.18729008092389138,0.3303178642058272,0.3495645610627972,0.30617191704759644
175,adversarial,3,reactive,macro_2,0.4994511754455054,0.4925763433984841,0.7739765936227406,0.4660672116956725,0.4303390702886912,0.3063818942403815,0.299909857887032,0.1841882778503349,0.20275586056610645
175,adversarial,3,predictive,macro_2,0.5717431079763557,0.47203167520792466,0.7801394814165924,0.4496614554893103,0.47101435907404227,0.24785766226880968,0.2906652698645963,0.26777879522491155,0.24645831291677395
175,adversarial,3,conservative_predictive,macro_2,0.5033503235199283,0.527910576239137,0.6775503199332154,0.41115965815992467,0.5828419373695495,0.2296789660105219,0.40163626650265516,0.33003677005171295,0.3284794857102323
175,adversarial,3,aggressive_predictive,macro_2,0.5425123674045906,0.49156374871420216,0.8846910969133724,0.45850435063291045,0.39467508086317377,0.24574916735928035,0.18904346539375788,0.22034644192338862,0.187111607558047
175,adversarial,3,cgcs_balanced,macro_2,0.5419417098867257,0.5112923366920308,0.6566841359275981,0.4433270393035843,0.5710023080912923,0.16512541815782208,0.4200097145762065,0.3632869099814939,0.3478808565542966
176,adversarial,3,reactive,macro_2,0.6113367245104964,0.49068837726145226,0.7928269284115359,0.5671316666504376,0.37448566170202074,0.34079735374937764,0.28077632817768194,0.1633145987114208,0.1662295580489413
176,adversarial,3,predictive,macro_2,0.6107676036282246,0.5594124024259324,0.8392011489184488,0.4642003118057389,0.47467299923959466,0.22564926107964245,0.2447107114454411,0.29545427848792855,0.24918797105154997
176,adversarial,3,conservative_predictive,macro_2,0.6239249922379636,0.5235144798123329,0.7438651678744946,0.5433163887981086,0.5525456713252999,0.23672939535167611,0.3346620040973553,0.30206679017469473,0.29600857069118264
176,adversarial,3,aggressive_predictive,macro_2,0.6072520166548371,0.5355648904762647,0.8836795884878178,0.5437904694775524,0.4078651003709198,0.25463391125304174,0.1966551450836219,0.21868961777118212,0.19150470081672563
176,adversarial,3,cgcs_balanced,macro_2,0.6026450613241354,0.5547465100385509,0.6902020813147903,0.43730523839360796,0.5271444205936946,0.20306683433203196,0.3930098951909923,0.37970023083477117,0.3218375427810457
177,adversarial,3,reactive,macro_2,0.5743911266124484,0.30195983530727266,0.7947217138306936,0.5375059681149825,0.33351586840276487,0.33354612409081263,0.25057226146539735,0.10318474873454891,0.13284190218956837
177,adversarial,3,predictive,macro_2,0.533828789828225,0.3683425250959852,0.8549615862671034,0.4099596267415423,0.43278918826950563,0.23984757920423466,0.2002897924972944,0.23942795843528636,0.20922248505678706
177,adversarial,3,conservative_predictive,macro_2,0.5532791576926571,0.34079069240281934,0.6577823151113155,0.5110003668326115,0.5059472173633728,0.23152291576606657,0.3933362887491074,0.24457666897446445,0.278429484369072
177,adversarial,3,aggressive_predictive,macro_2,0.6054336397620798,0.32876913933592555,0.9263390628315554,0.5378157963989879,0.3253320731450109,0.2604719917763285,0.1229763080688334,0.14750603948777635,0.1285783797409159
177,adversarial,3,cgcs_balanced,macro_2,0.5949626113409353,0.35794553783022337,0.716553389835468,0.4405515803297854,0.5039142774009706,0.20688469729431821,0.33713844083906547,0.31017062217462105,0.28577571099973487
178,adversarial,3,reactive,macro_2,0.3874501474042156,0.33135070579798104,0.689675548514231,0.3704783595029423,0.4361290733552165,0.2796085310924461,0.3600270573554662,0.1468770751287049,0.21412570965590136
178,adversarial,3,predictive,macro_2,0.41034110899028553,0.35148024661372934,0.670844207998133,0.372838577590736,0.4514508749219142,0.20291366843993985,0.38187782899392636,0.24095037079665804,0.2603532461563895
178,adversarial,3,conservative_predictive,macro_2,0.38231549988998137,0.4325744726206438,0.6006259556852388,0.35870831833189776,0.570075021315775,0.16094711802271472,0.46426021520785776,0.3071594017508457,0.3448661959222092
178,adversarial,3,aggressive_predictive,macro_2,0.3696548118333456,0.34818183077590065,0.8452433329019227,0.3854843545467344,0.4058988790987033,0.23089189367233695,0.20698394171446244,0.18476676986221832,0.19010867303562037
178,adversarial,3,cgcs_balanced,macro_2,0.38892110313420725,0.3544566252529946,0.56647921881615,0.30932458892150044,0.5795371777700351,0.1484000956877971,0.48668927497179915,0.335194901054248,0.3616248416413483
179,adversarial,3,reactive,macro_2,0.5563094968896212,0.43092429442538704,0.7702350426731814,0.47396943970323013,0.40650122218802487,0.3283040763938333,0.2944036014906266,0.16102961510823943,0.18311688477462082
179,adversarial,3,predictive,macro_2,0.5971996440417418,0.4592181070806244,0.7822706957024811,0.4930222990822264,0.45193620459977485,0.24330119198819092,0.2866120203596126,0.25462187766177324,0.2364147365077889
179,adversarial,3,conservative_predictive,macro_2,0.5817168138782083,0.4248887611533623,0.7021217205857532,0.49050748972992325,0.5369282033348562,0.23443734880335027,0.36161159358725115,0.27810956845769214,0.2906516712847178
179,adversarial,3,aggressive_predictive,macro_2,0.5535869649638375,0.3993047651846019,0.8212665563972881,0.48929550213829404,0.38688462651513333,0.2356513391052267,0.23862915838040222,0.1818975673869518,0.18762918675591514
179,adversarial,3,cgcs_balanced,macro_2,0.5798718543812169,0.4473652661712311,0.6612591044104495,0.49923828135635984,0.5583868236504573,0.16964522945071325,0.40584568551523514,0.3297301868886589,0.3319677253155831
180,adversarial,3,reactive,macro_3,0.6043475527733653,0.5250902252657375,0.7985027655239499,0.5684215793092937,0.42859179620037374,0.3327136458631457,0.2802607682659107,0.17509726298114936,0.19089570489254792
180,adversarial,3,predictive,macro_3,0.5902968796676047,0.5234572279778154,0.8338853972931104,0.5309956163380237,0.46599599825462673,0.26861486196333173,0.2446331869035619,0.2695109065246306,0.23157454376022293
180,adversarial,3,conservative_predictive,macro_3,0.5907211324011314,0.6328556462585211,0.7466204295123481,0.45513218822475154,0.5667135865367309,0.23879894306031427,0.3483079174264301,0.357973038545532,0.3160070262371979
180,adversarial,3,aggressive_predictive,macro_3,0.5975036725214733,0.5896532717013302,0.919914740377419,0.49878527002848255,0.43646915894696703,0.26433954086802586,0.1685332503777805,0.24662159108976905,0.20095377234154763
180,adversarial,3,cgcs_balanced,macro_3,0.6173514563486483,0.6139481993559869,0.7331413052388213,0.4720251730866765,0.5459073835025455,0.19596353557058194,0.3589509246645768,0.39347683515726006,0.32660718728436344
181,adversarial,3,reactive,macro_3,0.5863664519339927,0.3324850231850319,0.831556731469188,0.543227617869223,0.394516216143272,0.3534191756085295,0.2183160220085668,0.11272423454091657,0.14769486301345247
181,adversarial,3,predictive,macro_3,0.6052797599412356,0.3818559561464999,0.8955366387532903,0.4902560629260076,0.41687310576973113,0.24968224928584595,0.16174175466868473,0.22809837206607345,0.19100532312360174
181,adversarial,3,conservative_predictive,macro_3,0.5803391319793497,0.38198695996450077,0.7287943725212557,0.47522956399543936,0.5346049410402983,0.24331003105648463,0.3285036714734194,0.2661495231884874,0.2787415007801676
181,adversarial,3,aggressive_predictive,macro_3,0.5990208890835469,0.3398048509257426,0.9416242826747021,0.49017151101362255,0.3368658235984915,0.26962740247363776,0.10934644496415928,0.16089739562128536,0.13135024850221383
181,adversarial,3,cgcs_balanced,macro_3,0.5857109361104561,0.3704870390313789,0.7045289620921498,0.4854756029400633,0.5263750182916122,0.18611668292472075,0.3510440937625571,0.3055753430729699,0.3002345645944332
182,adversarial,3,reactive,macro_3,0.4366874155011101,0.5132538084936911,0.7077820233942159,0.47389102011258943,0.4290358583095728,0.3101191266021618,0.36920604787983774,0.18986062895027395,0.21662034878223316
182,adversarial,3,predictive,macro_3,0.4384062050860576,0.49749482734682426,0.7652764856196946,0.43864732301069037,0.49452551467964995,0.22579259212249098,0.309347738482329,0.2788937249692504,0.26598734434346966
182,adversarial,3,conservative_predictive,macro_3,0.46745089735080964,0.5172392772193817,0.656153319235057,0.39124076016199677,0.5974443620927785,0.1835955283955403,0.4214325723478502,0.3302855949943842,0.34725909728448234
182,adversarial,3,aggressive_predictive,macro_3,0.4236753022581099,0.5245029738868298,0.842215894762039,0.37438875952215417,0.40558055962086614,0.23274402447320458,0.2364595513209855,0.24869828895595952,0.20957734159579638
182,adversarial,3,cgcs_balanced,macro_3,0.47860913786030806,0.5667483102680826,0.6425094801591701,0.4097671437409109,0.5765280781510916,0.16108360864663976,0.4425027663810423,0.3894084798456467,0.3610343668103376
183,adversarial,3,reactive,macro_3,0.31942742915564837,0.5342759456319602,0.6330929664049345,0.43362060963563626,0.4701441332412348,0.2934954662268154,0.4470484254398595,0.20527245904405883,0.25452530346397095
183,adversarial,3,predictive,macro_3,0.33933158183759027,0.5585704605826001,0.7043696201860018,0.3598789911367206,0.5109195872417327,0.2042521122973829,0.3794159489013882,0.31602386297656593,0.298707460327504
183,adversarial,3,conservative_predictive,macro_3,0.33106787136993143,0.49563638201904286,0.5873241207842446,0.3339829231576217,0.5990575347846424,0.16062773349290527,0.48702133651861185,0.33417614907514065,0.3664393366198364
183,adversarial,3,aggressive_predictive,macro_3,0.35103754441270213,0.47486954998479575,0.7861777432277267,0.36530310555720846,0.4517945105171808,0.18389534183406428,0.28505268926999267,0.2331437213832368,0.24320500218802646
183,adversarial,3,cgcs_balanced,macro_3,0.3636511893181202,0.5736580984615861,0.5565245854239433,0.3144446957570001,0.6234527412016769,0.11446306041846055,0.5295241293452946,0.41089139531015506,0.41032036241023817
184,adversarial,3,reactive,macro_3,0.4525718639257182,0.40288353399850724,0.7414236745033314,0.4592239264461439,0.4253845931956907,0.30792103062394227,0.3190088555964447,0.15416445161024872,0.1977798897631177
184,adversarial,3,predictive,macro_3,0.4571948967474946,0.44193397405695106,0.8179556800476517,0.4023151697686883,0.48364337785465367,0.22783157103495325,0.2483344160608909,0.2667138569661952,0.24656210112251886
184,adversarial,3,conservative_predictive,macro_3,0.48415104717242513,0.4574006930124897,0.6394226772360622,0.3879859627925898,0.5527825227081211,0.18412332396844447,0.4291874267158113,0.3099930499958534,0.32726865017764717
184,adversarial,3,aggressive_predictive,macro_3,0.4497986000698206,0.4672262449988921,0.8317132148302294,0.4710061883160443,0.3817313572581093,0.25053993763353954,0.2383707219196044,0.20932794808640331,0.18867622119430322
184,adversarial,3,cgcs_balanced,macro_3,0.47231317479931717,0.5259022377686674,0.6647667234623361,0.4381432135436828,0.5503941920542134,0.16703477825160876,0.414118612202964,0.369437140510297,0.3398427306831375
185,adversarial,3,reactive,macro_3,0.46790291468923545,0.42467264510394687,0.743194523388026,0.5117057870636542,0.39306964609348805,0.31692464181477226,0.320506373377566,0.1512942683736505,0.18336755087028733
185,adversarial,3,predictive,macro_3,0.47755695490715155,0.4520588259062431,0.7534859385469047,0.45568252748281735,0.4950531328213223,0.23644305692410128,0.31432288533903174,0.25958408357062157,0.2608046545406253
185,adversarial,3,conservative_predictive,macro_3,0.4561936212497219,0.4879758989145695,0.6647031716509115,0.3732798357609731,0.5571649511039515,0.19981885775395627,0.4084932131862739,0.32363559746790466,0.3246573839489041
185,adversarial,3,aggressive_predictive,macro_3,0.5367681727582294,0.4774261688049412,0.9490131063590066,0.47479532933177226,0.3920258521824299,0.24349479878092045,0.12260081896173458,0.21214009321537497,0.17146184837286868
185,adversarial,3,cgcs_balanced,macro_3,0.45323095443837436,0.4853911439236331,0.6410116172980985,0.3576119647753141,0.5880871332703013,0.14889905888311522,0.43179705429044646,0.3713645074182087,0.36175290135618665
186,adversarial,3,reactive,macro_3,0.5399656846504564,0.4512444648803685,0.7852909001538719,0.5697755931676844,0.390114361562113,0.34494123216677597,0.28239576957818335,0.14898044407459204,0.16851006257229467
186,adversarial,3,predictive,macro_3,0.5157039308190104,0.45544034274084455,0.7931275533762399,0.3901958331582869,0.46143439886889237,0.22525099498786907,0.2751884980348868,0.2738649533276382,0.24558286191166304
186,adversarial,3,conservative_predictive,macro_3,0.48004729982013655,0.49916915494804537,0.636924733528314,0.3564973429842671,0.5645160428960191,0.17774720298829388,0.4379506397138928,0.3309097356349624,0.3393569254852988
186,adversarial,3,aggressive_predictive,macro_3,0.4643523477043709,0.4573944879469836,0.8252909512012131,0.4461791628276119,0.42217036881995196,0.20813501493002948,0.24331822199083444,0.21085223821592192,0.21384887397124558
186,adversarial,3,cgcs_balanced,macro_3,0.47861503331097793,0.46333726857268465,0.6519738581377261,0.3867966182214798,0.5533850223963754,0.15351556492491333,0.4175267321481766,0.3578087203561436,0.3418064604336269
187,adversarial,3,reactive,macro_3,0.4171398940963739,0.39217218025134803,0.7337808241656094,0.43024890573648794,0.4289339084801433,0.29727716236400936,0.3250450028720928,0.15621048194067416,0.20291475935101944
187,adversarial,3,predictive,macro_3,0.4672744587289727,0.4197332241595412,0.8097900041382775,0.45222830648489687,0.47632015357893104,0.2438362763109845,0.2531699794856537,0.24896096715886,0.23763981176987684
187,adversarial,3,conservative_predictive,macro_3,0.47288693753555144,0.4238740386444348,0.6623840638276857,0.4153240728338491,0.565549178011183,0.1847409213795552,0.40119704196897954,0.2927910989587823,0.32261395353306654
187,adversarial,3,aggressive_predictive,macro_3,0.4465394923435357,0.40296229322866445,0.8374649706066518,0.4291381115717596,0.37348499822195014,0.23284856166603796,0.22297937337764784,0.19520918031568057,0.18289648133611278
187,adversarial,3,cgcs_balanced,macro_3,0.3248537842520016,0.42566145447255926,0.5357321012049874,0.2864361050701143,0.5525226041018372,0.13424753692700303,0.5281171169658965,0.36469428805137283,0.3689652489377789
188,adversarial,3,reactive,macro_3,0.4783686757566838,0.31451139273336715,0.7259634436188903,0.4099946630679116,0.4187064649476236,0.3011819146164229,0.32121326529111477,0.13308005484309615,0.1923923388805165
188,adversarial,3,predictive,macro_3,0.48528455299335155,0.317125774024256,0.7436555608071088,0.47104417705996154,0.46199223656860555,0.2530913013244491,0.3039133052965296,0.20928518549649727,0.23176419149971558
188,adversarial,3,conservative_predictive,macro_3,0.4766624641752038,0.2924379276424296,0.6763853728071529,0.37507178579372163,0.5151565637026693,0.20583365257759773,0.3674803163392115,0.254838917516106,0.2841533888128804
188,adversarial,3,aggressive_predictive,macro_3,0.43721653104938984,0.2821757863345551,0.8104836258765632,0.4727737250235836,0.3632576435129204,0.22895384726489643,0.23184274207362007,0.14420678021237754,0.17034117514337754
188,adversarial,3,cgcs_balanced,macro_3,0.48550736312613385,0.32741912306508714,0.7124362834368596,0.3567326872521425,0.5364645962650308,0.17484935388713446,0.3366765850229035,0.3162501556223519,0.3057970270447829
189,adversarial,3,reactive,macro_3,0.3038900271201529,0.4099369900051982,0.6067201985727357,0.45082610629861053,0.4178328293837786,0.2778017089193666,0.454770349928044,0.15831272524209727,0.22899900292083275
189,adversarial,3,predictive,macro_3,0.2934692721187683,0.4826598790319177,0.6760907231788271,0.3588481773379299,0.5337507797644909,0.18620503139792557,0.39630825867596053,0.2896613221935852,0.30857143264870235
189,adversarial,3,conservative_predictive,macro_3,0.3003339535700629,0.40651873960123047,0.5839803501769499,0.32353122297437675,0.5766908009409485,0.17305121580274055,0.4769974607632346,0.3050753142655553,0.34704832248808143
189,adversarial,3,aggressive_predictive,macro_3,0.34674626732589975,0.4533994428143129,0.8116813566181298,0.40569684081194235,0.41999927554051547,0.2242133661276924,0.25632855980401714,0.21755043682262104,0.21388385954163747
189,adversarial,3,cgcs_balanced,macro_3,0.34681203755409684,0.4601220285794026,0.5638924036432007,0.3372016156924948,0.5885556913847249,0.13683322086940147,0.5051259006437097,0.3666023868642919,0.3779622237912013
190,adversarial,3,reactive,macro_3,0.3664630163841462,0.3502247674109819,0.6708674927570796,0.4221552282119486,0.4232452505845439,0.31397267181597294,0.3816662223545677,0.14314762295145392,0.2058643823791655
190,adversarial,3,predictive,macro_3,0.39708264724397363,0.3410635680870965,0.6870974009051117,0.416667216635695,0.47711261637083413,0.19952246875391763,0.36406213430795276,0.22853880550334477,0.26448926454245986
190,adversarial,3,conservative_predictive,macro_3,0.39094121187674835,0.3819474356007377,0.5918929007931585,0.38537395254201423,0.5926689500311237,0.1751704767993553,0.46539921454695216,0.2841068119518553,0.3457634471907545
190,adversarial,3,aggressive_predictive,macro_3,0.4015892257897866,0.33259790609807605,0.7921102052968865,0.41587443616677033,0.39630989945803585,0.2027861617596429,0.25777948061782496,0.1732343799009725,0.19970798914390397
190,adversarial,3,cgcs_balanced,macro_3,0.3370333294090356,0.350196625146915,0.5534344418070394,0.32815902703882743,0.5888471848417128,0.13048177229855515,0.49909505196499787,0.3299370133936547,0.3700707291197435
191,adversarial,3,reactive,macro_3,0.37962515590593326,0.440021195443073,0.6680880282891134,0.4192443597489525,0.4488706229702181,0.29526317765373555,0.39791515102734754,0.175158546455285,0.22963611162356803
191,adversarial,3,predictive,macro_3,0.41313322011303605,0.4364327455296884,0.7110953990548623,0.39044327698504633,0.5207581655807719,0.2002148577665598,0.35436951277459094,0.2671628055383817,0.2874948511407436
191,adversarial,3,conservative_predictive,macro_3,0.4047989345543114,0.49631712782633663,0.6149696066850633,0.41680623447820214,0.5918038240087264,0.19487527822316944,0.4594779624888872,0.31784974784357733,0.3477329345020466
191,adversarial,3,aggressive_predictive,macro_3,0.4215331525179131,0.485172490457676,0.7770608793940563,0.5076482354765581,0.41031608341439707,0.23008239567939276,0.29571499417459507,0.2082807245648749,0.21486839080078382
191,adversarial,3,cgcs_balanced,macro_3,0.3731611227861295,0.5138688743167259,0.5924373706191927,0.28054860052537084,0.6120034999692122,0.12168466627149283,0.48464296052831624,0.3967443859057799,0.3924367537389369
192,recovery,4,reactive,macro_4,0.14402190689316968,0.49929664952766334,0.3987069638850219,0.26318804682679087,0.622811551387427,0.19932375566254584,0.6761875335441276,0.34711621796932396,0.4084067130567899
192,recovery,4,predictive,macro_4,0.16542804438893283,0.5051504743330011,0.37487593953424136,0.14298711156822075,0.6831121700057742,0.07520180569895912,0.7008966316157088,0.5607052437029062,0.5080767434001835
192,recovery,4,conservative_predictive,macro_4,0.11477622487981601,0.5109951640068712,0.2914989129813652,0.10684629709769733,0.7102632750298832,0.06614686124805842,0.7851503616196654,0.6449790479828654,0.5555961351419074
192,recovery,4,aggressive_predictive,macro_4,0.12960431509757786,0.4841746632527841,0.4541996284984986,0.16783718701366865,0.6644358497780292,0.10332884374878304,0.618426570989419,0.43589369473574074,0.45140178120564123
192,recovery,4,cgcs_balanced,macro_4,0.14200627888506787,0.5322515047612512,0.2365214614392222,0.15109774178539453,0.7319277443750369,0.0069127617312022376,0.8433162642749655,0.7410684783093591,0.6084483085993257
193,recovery,4,reactive,macro_4,0.13142661335378336,0.2353752547048523,0.37210849648034705,0.25996695794680497,0.5489201579548555,0.1715810796262668,0.6631977917253808,0.2553879475573373,0.36309835090528214
193,recovery,4,predictive,macro_4,0.12761593404790264,0.3259118045969328,0.37712406276437416,0.16781694521054275,0.6599866389268555,0.10375028162254106,0.6717627079251658,0.49300574256681795,0.47285867141743
193,recovery,4,conservative_predictive,macro_4,0.08576469170366036,0.27844456030732406,0.23156438696322315,0.107455546836558,0.6831258432237644,0.05829474813105247,0.8102022970828755,0.5634644867402518,0.5339315172982505
193,recovery,4,aggressive_predictive,macro_4,0.08497619878766186,0.28652319312216173,0.4530336493114093,0.17114353135199198,0.6188038513068538,0.10595202158438037,0.589944829656915,0.3660544113223583,0.41247599560203024
193,recovery,4,cgcs_balanced,macro_4,0.146748320972524,0.2987523684651653,0.349562422306745,0.10468793200639162,0.635787559860236,0.05842683893003702,0.6952504329630297,0.6686257425615295,0.5160616549170248
194,recovery,4,reactive,macro_4,0.2373190490112681,0.5905743987080636,0.43958677902995974,0.32560836235948937,0.6037734381966755,0.1986404465335742,0.6489993807762499,0.36657936707592437,0.40015315411997515
194,recovery,4,predictive,macro_4,0.22289114300402263,0.5993161671706893,0.4230874860060039,0.22590849307488103,0.7100764134745488,0.12020188136853578,0.6668099390695995,0.577078959894765,0.5061080198373896
194,recovery,4,conservative_predictive,macro_4,0.29243528573356786,0.6478251977938263,0.38757161341123475,0.17847827256241822,0.7343490058295885,0.10293135622765401,0.7096021662578391,0.6785431647153556,0.5496662804586588
194,recovery,4,aggressive_predictive,macro_4,0.2733967193573762,0.5913388157693896,0.5738211164798339,0.32355082178433103,0.6227063341667189,0.16505778267647245,0.5148797058855745,0.44225842116242015,0.403889644280906
194,recovery,4,cgcs_balanced,macro_4,0.26823606340021316,0.680967140678344,0.37875906676192234,0.23947893535479264,0.7323760188859348,0.05274058256190141,0.7233860043398294,0.7754427121664618,0.5830293682088624
195,recovery,4,reactive,macro_4,0.182000704486589,0.4500774581545969,0.4170520063319295,0.22286565901668842,0.6086110322466464,0.17981694852986752,0.65045961239126,0.33795397855077125,0.3997506003071738
195,recovery,4,predictive,macro_4,0.1850124281634513,0.4624870510417077,0.3833707049808002,0.14813749596250805,0.645797801949972,0.11148326257434664,0.686002352675456,0.5447429686720962,0.48015043586907236
195,recovery,4,conservative_predictive,macro_4,0.18618240735143704,0.5087870822329364,0.3665866815453367,0.17911117949670952,0.7048479032378152,0.06706994237232823,0.7097313807896037,0.6297532428821859,0.5349202043479058
195,recovery,4,aggressive_predictive,macro_4,0.18435636948915068,0.46229801808586,0.48644322294896125,0.1829062282188727,0.6275190564139564,0.1041724427688264,0.5829014797639177,0.4252230606862765,0.4277521221873026
195,recovery,4,cgcs_balanced,macro_4,0.17964670928188006,0.49124333908410256,0.3805023075685706,0.12372797290312185,0.7419321602358132,0.07204937535780181,0.6931841932940448,0.7321895740988115,0.5672428907785961
196,recovery,4,reactive,macro_4,0.045460556642162864,0.21385539537418363,0.3526884817168559,0.17986276976438711,0.5789081105179524,0.15418396727510605,0.6793898275892717,0.26387683442808685,0.38307915763383416
196,recovery,4,predictive,macro_4,0.061227901700978166,0.2807039319974707,0.3687850322740263,0.09726770951536826,0.6340480574935278,0.08007294298132009,0.6733205575255944,0.49129283429604115,0.46767220830152445
196,recovery,4,conservative_predictive,macro_4,0.08956421063202613,0.22494551455081543,0.2663535826481361,0.16163763347242843,0.6577442362950765,0.07914819582419237,0.7673882445344863,0.5339034033982998,0.5050495682818138
196,recovery,4,aggressive_predictive,macro_4,0.06632928308488426,0.186031533478937,0.46486139017038464,0.1606516575253231,0.5789392533933386,0.10681388292352062,0.5630433398514559,0.3329807052125634,0.38449856282181966
196,recovery,4,cgcs_balanced,macro_4,0.07225718123330074,0.3027226921409278,0.2737940841261686,0.06177115029328896,0.6759820353679324,0.006848427228704927,0.7716143196949706,0.6785987121906669,0.5591180686150141
197,recovery,4,reactive,macro_4,0.07559134028324542,0.36111835850343,0.33927365542955523,0.19960014354576977,0.5779938375503347,0.1694227663083207,0.7148940983459593,0.31147139676704655,0.3972556319654052
197,recovery,4,predictive,macro_4,0.08155523219132013,0.44356413430711106,0.3940783104348828,0.123480586399536,0.6727796857874503,0.08936838696584189,0.6724563097111839,0.5430513297275817,0.4917451576883676
197,recovery,4,conservative_predictive,macro_4,0.06981758827276074,0.40351606775810955,0.21825338474812128,0.08806966129684748,0.7148288412896138,0.045560074067138884,0.8422740254155952,0.6111166914559689,0.5654234220800576
197,recovery,4,aggressive_predictive,macro_4,0.06961354858439267,0.35954410379014934,0.3903480181414977,0.16711121126781764,0.630188252147942,0.07969292292318143,0.6635835974270247,0.3924181940729888,0.4425816734130442
197,recovery,4,cgcs_balanced,macro_4,0.08752109308314218,0.43874328992004225,0.22337520854696444,0.08790502336758073,0.7170571097033177,0.013379581270992931,0.8424362849410418,0.7209791467984985,0.5969084547169402
198,recovery,4,reactive,macro_4,0.295176559910224,0.4555903891630631,0.4714540795670777,0.303210626910629,0.5699889111511909,0.2125546571361903,0.5968844788073818,0.3238145108249462,0.364700942953179
198,recovery,4,predictive,macro_4,0.22951223305056764,0.4095833968421361,0.45537853521416866,0.20239927998765025,0.6516847545839602,0.1287446675715747,0.6060589743121518,0.5153743328972177,0.4564854213274082
198,recovery,4,conservative_predictive,macro_4,0.2298942201426687,0.48633949995981357,0.29647117863394995,0.2352762417210127,0.7023011400165662,0.07462841619557711,0.776479746360022,0.6106635766417323,0.5415906861003652
198,recovery,4,aggressive_predictive,macro_4,0.2753309688393777,0.477340759075148,0.5529384649243041,0.2559319402399074,0.5996319424901257,0.1302590020645489,0.5186626489369681,0.4158828776283203,0.3970351005989621
198,recovery,4,cgcs_balanced,macro_4,0.2911436583426707,0.49170662531656145,0.3884534238263155,0.1629401154563506,0.6785961540013303,0.07484527639890208,0.6853025699711687,0.7245092957695264,0.5393500423042547
199,recovery,4,reactive,macro_4,0.11479997612158382,0.41165399760712335,0.3420442663684058,0.1976762969389214,0.6029866721706584,0.1787019859204721,0.7197038332726627,0.32954363977470885,0.4098349056457243
199,recovery,4,predictive,macro_4,0.09452953641295635,0.47980719584006726,0.3696355805699754,0.12466033261505179,0.6515918377660809,0.07560672367044287,0.7023354988060347,0.5555004520210132,0.495160752822852
199,recovery,4,conservative_predictive,macro_4,0.12169768890000993,0.42162450093289977,0.31351246085854684,0.1638650866429649,0.712403363209964,0.0687929682226629,0.7497312142813881,0.602295557997922,0.5394059499910743
199,recovery,4,aggressive_predictive,macro_4,0.10377290984753008,0.4501400523738563,0.48134159991384623,0.17916611756599435,0.6336970920283141,0.10129668952150593,0.5861794079422322,0.42171579481765087,0.43055891351478787
199,recovery,4,cgcs_balanced,macro_4,0.12571519014558646,0.5175607389021527,0.2737868295060597,0.10396251969659824,0.7379864652111944,0.03053993513600501,0.8038472813292632,0.7453537546764337,0.5990741520477209
200,recovery,4,reactive,macro_4,0.20888972520251792,0.33382206265511843,0.4636903938480451,0.24587715325707377,0.5306503487416718,0.2068880293036741,0.5863829155502227,0.29266229127787663,0.3419318138522779
200,recovery,4,predictive,macro_4,0.19911167475233782,0.37741099551011836,0.4416395624442845,0.25521467549541377,0.6272122752715553,0.12330584814747383,0.6149720868822333,0.49355091332945866,0.44525511328262385
200,recovery,4,conservative_predictive,macro_4,0.1599024954543978,0.36197170640992105,0.33111733148626354,0.2088308336760759,0.6458522916849387,0.10155400848243909,0.7231784244752246,0.5724239305082572,0.49568201875065043
200,recovery,4,aggressive_predictive,macro_4,0.17270360646419836,0.3494272729048447,0.4994566060615408,0.18218067651104583,0.579375806878423,0.12420900288065155,0.5529574848741858,0.3858634102144865,0.3908024532596946
200,recovery,4,cgcs_balanced,macro_4,0.1749993072265794,0.4063027547527062,0.3015309539850854,0.19777569661942235,0.6749873763401344,0.04951043894835888,0.7594144592278205,0.6876508248395627,0.5497591885298472
201,recovery,4,reactive,macro_4,0.15355286737939988,0.4054486842002127,0.3902682481378149,0.2612918036375204,0.5945364328038882,0.18080625754665497,0.670549054492217,0.3146486787425703,0.3930951131779555
201,recovery,4,predictive,macro_4,0.14138790192251072,0.4158145857124988,0.4327591975249894,0.18924419425919953,0.6800645628383697,0.08711700529223501,0.6296129903318854,0.5201862661475347,0.48136470943896825
201,recovery,4,conservative_predictive,macro_4,0.17637776569737457,0.4425087086662058,0.2903583393241616,0.14182590104995066,0.6949864609951093,0.06223138030301145,0.7760179669757693,0.6140128678231819,0.5419350034337931
201,recovery,4,aggressive_predictive,macro_4,0.09329720726808274,0.42376346606129434,0.5062046790054443,0.19920770649009356,0.6295288209604823,0.09634506725508686,0.5573598409037499,0.40847567182343436,0.4212885544958715
201,recovery,4,cgcs_balanced,macro_4,0.10741651011094853,0.46970751581889547,0.2472572552801796,0.1245689015005435,0.7272214462726603,0.035141175073651394,0.8231988720926547,0.7244838502365046,0.5933421360394426
202,recovery,4,reactive,macro_4,0.18455862964135344,0.3963668129504248,0.38854333426338244,0.2735480623998155,0.5826402094765811,0.17086289101624652,0.6709116876791813,0.3090187720526856,0.3893971687852787
202,recovery,4,predictive,macro_4,0.23057712057353674,0.4213146581052924,0.458413248966207,0.1845883060356729,0.6541351392371386,0.10916720253173522,0.6047839497495869,0.5230424691297177,0.4627640455622209
202,recovery,4,conservative_predictive,macro_4,0.22873634008744428,0.3594429714059558,0.3008677254855625,0.20063188180164776,0.6537236159622712,0.08628364886067941,0.7530487202253309,0.573178663631755,0.5078672943375795
202,recovery,4,aggressive_predictive,macro_4,0.15268221893527356,0.3824675039102197,0.4984891972972704,0.21348240467990956,0.5983394879526875,0.1315982159782681,0.5588809282892625,0.391167145432595,0.3988823198793911
202,recovery,4,cgcs_balanced,macro_4,0.17692956256462172,0.4286421282055695,0.2813404412016834,0.10770630572671806,0.7419817295066469,0.05055309580089926,0.7829558780291521,0.7134834837266057,0.5853999800780297
203,recovery,4,reactive,macro_4,0.1544331344442064,0.2981976331178148,0.42209253052514795,0.21598670657546779,0.5860019690240938,0.2172634172552515,0.6226371144425242,0.28617183027614157,0.3667132903273614
203,recovery,4,predictive,macro_4,0.2614651168697107,0.2934752040453542,0.4627068116725377,0.21206371427342385,0.6385304021240819,0.11107843529240632,0.5813144689342654,0.47280357856118926,0.4407055468189846
203,recovery,4,conservative_predictive,macro_4,0.1932407621440947,0.313696522689082,0.3588861612696513,0.16685254253738313,0.6158044854164101,0.09985780607811198,0.6881683171337111,0.5639232744337022,0.47573092704477016
203,recovery,4,aggressive_predictive,macro_4,0.2666418739223245,0.28515901977317964,0.5559837501194856,0.2517504873103446,0.529241546618157,0.17014881920031633,0.4867901028464913,0.349455559458544,0.3413202675250143
203,recovery,4,cgcs_balanced,macro_4,0.24184236880821702,0.35653249298544476,0.31683867323116305,0.18541851684323912,0.6859752928387216,0.06618562352581159,0.7366412007166537,0.6727026691762578,0.5427563139356594
204,recovery,4,reactive,macro_0,0.25113434707469895,0.36192993116197136,0.41754245498993636,0.3022859809555915,0.5951069569433658,0.21883876256975324,0.6367470346843593,0.2912182797155717,0.37379031959882597
204,recovery,4,predictive,macro_0,0.25695290495487333,0.39605148105158694,0.42836815244319304,0.23533744067002318,0.6583914013860911,0.08978205882864086,0.631039569714545,0.5040505302340509,0.46933135135538673
204,recovery,4,conservative_predictive,macro_0,0.2684123584351167,0.4026918895399826,0.3467543894635457,0.15031376723009532,0.6795344584874786,0.08615777890680389,0.7136493939674518,0.5983794078929748,0.5153648869738259
204,recovery,4,aggressive_predictive,macro_0,0.22290497169732126,0.36886471884887706,0.5271299234353437,0.25902217448845594,0.5984859020107663,0.11712119316811312,0.5281997843919879,0.3772982166994158,0.3926459686827376
204,recovery,4,cgcs_balanced,macro_0,0.27651657117663775,0.42899120100525545,0.36471300524166633,0.14418999103666236,0.684330606663931,0.05491819873361346,0.699635674909122,0.7063089221445069,0.544377088639187
205,recovery,4,reactive,macro_0,0.23359695179053644,0.27678422281015574,0.3801470586200373,0.27066213831904484,0.5043661956011838,0.216000455148197,0.6613705748014861,0.2677420503197455,0.3396364293294517
205,recovery,4,predictive,macro_0,0.259099916968553,0.2950931020734005,0.4490124892487465,0.21420813452227735,0.5805473387621817,0.12098865010942225,0.5952514760622636,0.47294095882123477,0.4195075648608689
205,recovery,4,conservative_predictive,macro_0,0.18166902000494792,0.3000863309973749,0.33447864365832086,0.1497563671506445,0.61853315715725,0.10004602259204269,0.7105343059912853,0.5625789424189523,0.48090762373177304
205,recovery,4,aggressive_predictive,macro_0,0.24463713149056127,0.25959292208799994,0.5099884655156202,0.2756298808855275,0.5457397488182852,0.13525932375554417,0.5289504727975798,0.33573154655369447,0.35998027460116827
205,recovery,4,cgcs_balanced,macro_0,0.29935692680393744,0.33481548625156177,0.38586802654470703,0.18595226910874135,0.6460643117073505,0.08952945353988756,0.6643542963930273,0.6649949663662983,0.5067682996200068
206,recovery,4,reactive,macro_0,0.18616680220032716,0.34282666319348987,0.39914099365442474,0.23737380023028987,0.5748464973917681,0.18129263277140625,0.6522830058245986,0.29751457207166343,0.37809294947527633
206,recovery,4,predictive,macro_0,0.1975771319494552,0.3755599990829685,0.43794171983439717,0.2038959501621106,0.6487851307737582,0.12460129111281233,0.6183922800280481,0.5031668096466169,0.45599324559933097
206,recovery,4,conservative_predictive,macro_0,0.2661296126849584,0.40994813329978175,0.4222064318427878,0.2197229559917789,0.6653720291488335,0.10949901178088942,0.6392857881521794,0.5870372554565678,0.48794692255125965
206,recovery,4,aggressive_predictive,macro_0,0.2096085723510462,0.34519430411045626,0.4872365428519644,0.21931202645088463,0.6041770587068235,0.13264746173298259,0.5645426027646041,0.3769556011484828,0.39889654276758346
206,recovery,4,cgcs_balanced,macro_0,0.20138001531352906,0.4644990961557942,0.3579919039235925,0.1885546886126405,0.6990700476573659,0.04389147233055891,0.7116829604997766,0.7098637459319999,0.5553749398486826
207,recovery,4,reactive,macro_0,0.2414709804520678,0.2739853233280237,0.42767124036955684,0.28071050895775074,0.5320388772648104,0.19623835804411285,0.6134265581296467,0.26475276137325815,0.3438580208798515
207,recovery,4,predictive,macro_0,0.2622745008881617,0.3089855588806571,0.48016716929344366,0.2663482501577947,0.6215416852200892,0.148990714183269,0.5661806645386549,0.4673752955766711,0.4224463954815788
207,recovery,4,conservative_predictive,macro_0,0.26258297884171067,0.34518107805527537,0.3507332264291696,0.25843583013066834,0.6123568013620083,0.10401414579531071,0.7010439352791217,0.5566262112932128,0.4745593088988322
207,recovery,4,aggressive_predictive,macro_0,0.294536446774713,0.2753349740901323,0.5750976996204774,0.2696205814446236,0.5230826521939662,0.15964457141093863,0.46620254649304244,0.3424431246426216,0.33542049027150467
207,recovery,4,cgcs_balanced,macro_0,0.2082234192763651,0.305701111381377,0.3487849018590555,0.14203299103158484,0.6765346820160624,0.061709340066304685,0.6970702648481512,0.6635887907771649,0.5301448980934492
208,recovery,4,reactive,macro_0,0.21358476389768158,0.14195149991352224,0.4337124650045042,0.23290203620194605,0.5091869117138018,0.18918239544236387,0.5875802599825242,0.22810261772934354,0.32335317525973234
208,recovery,4,predictive,macro_0,0.2247257107195799,0.24351656771346208,0.41122534493394347,0.19374061159174435,0.5879571958798911,0.1028006011111605,0.6253021402230758,0.4589826763813629,0.42890023106064157
208,recovery,4,conservative_predictive,macro_0,0.2187291238501604,0.22431516559404946,0.34917324905434854,0.18951787460084857,0.6433241206799065,0.09211686467685896,0.6844740257847589,0.5281067330377476,0.47911807934824896
208,recovery,4,aggressive_predictive,macro_0,0.248552523121024,0.1837716068993042,0.5314880457380559,0.24881522347705318,0.520560554776267,0.13114461876766315,0.49607769529683976,0.31455701771934585,0.3400021700190729
208,recovery,4,cgcs_balanced,macro_0,0.22722857346056632,0.24487783466297663,0.3190431054265454,0.14492414326285313,0.671777390599316,0.06747728471162237,0.7176885697729011,0.6417224134794712,0.5264965964054795
209,recovery,4,reactive,macro_0,0.27474109295200977,0.20710543323332428,0.5213636958300829,0.20811262026110072,0.4800833275732615,0.20345592138566868,0.5097021191549157,0.2558643775794433,0.29997106709916627
209,recovery,4,predictive,macro_0,0.265474214928586,0.2188857246525981,0.5185449862248339,0.19200979198837065,0.5912303627787795,0.1359951681792893,0.5142878724730557,0.4507080452307352,0.3994818486654513
209,recovery,4,conservative_predictive,macro_0,0.22631416408100563,0.21999411061656113,0.35028295905324414,0.19966092337273647,0.6285700189957537,0.10461433277524589,0.68271615753924,0.5245657540412492,0.46988143806026006
209,recovery,4,aggressive_predictive,macro_0,0.23234693040061044,0.1987354504671831,0.5521866191499395,0.260443637477174,0.5252979796291096,0.11073866093046346,0.47762369842013797,0.31746868016807933,0.34283334939397403
209,recovery,4,cgcs_balanced,macro_0,0.2586307509030071,0.2560866267525783,0.38975494187105586,0.23074005894173047,0.6336785240524123,0.07911825839956849,0.6486580521418309,0.6284823075750563,0.49297190555488163
210,recovery,4,reactive,macro_0,0.42517576341167895,0.17468876437362663,0.5358706177462665,0.35733703501202335,0.4990117925707007,0.2494147828898884,0.49033269690977743,0.21467366052836462,0.2850362692970843
210,recovery,4,predictive,macro_0,0.39487025502905765,0.18326727865786135,0.5635815778810753,0.26123659194732385,0.5391688840688167,0.14931948800633446,0.4639085139176039,0.42439622914078673,0.3611691515393773
210,recovery,4,conservative_predictive,macro_0,0.4560777293292344,0.21489961384536058,0.5072643812711659,0.3060456705349543,0.5313384072718238,0.14274930991322213,0.5249705608056382,0.5015057307388853,0.388684105704331
210,recovery,4,aggressive_predictive,macro_0,0.3973167214590559,0.15555241653949464,0.6619859930443042,0.31223696694341124,0.5222466158013626,0.21002448956027148,0.36134686943662003,0.2919959524001409,0.2929572995078185
210,recovery,4,cgcs_balanced,macro_0,0.38135186502043356,0.22802783665204274,0.4368613061963812,0.24923551195295732,0.608014370915945,0.08548895594788104,0.5973428693014252,0.6149626404376235,0.46870802451504506
211,recovery,4,reactive,macro_0,0.28569449327616064,0.2589946402959935,0.47598427987776004,0.2987949318813218,0.49377250452831045,0.2178414355126094,0.562864916166639,0.25588913772733335,0.31293385815157726
211,recovery,4,predictive,macro_0,0.2996818294423347,0.24816692712083824,0.5504469638533667,0.2572036196234413,0.5774447394559935,0.16232601719885803,0.4867780752147591,0.44791770056760516,0.3828613067213309
211,recovery,4,conservative_predictive,macro_0,0.30470232262250485,0.2521700272370411,0.39416710862003274,0.26701065340587354,0.5828758627476233,0.1323908105374521,0.6436583954655235,0.5223573788517897,0.4386649681771049
211,recovery,4,aggressive_predictive,macro_0,0.2572220482413862,0.21219069114403688,0.5244170593275775,0.3413241644063013,0.5422795892650143,0.15740488896363167,0.507411544344028,0.3060019090191527,0.3433879949809983
211,recovery,4,cgcs_balanced,macro_0,0.2692453193691829,0.2826540332832894,0.35828738872158594,0.20222148926449104,0.6535234371710511,0.06788784795270016,0.6841107162709075,0.6434846137962531,0.5131500948238166
212,recovery,4,reactive,macro_0,0.21995982152187207,0.24106709705023405,0.4537196870587828,0.2721194687379995,0.5023945200167625,0.22951271124739522,0.5824403774987523,0.254949590219982,0.31758436070503726
212,recovery,4,predictive,macro_0,0.19915543934996266,0.2274380354007664,0.417149751599351,0.22572898101587982,0.6185869724227149,0.08887939496433261,0.616965953710764,0.44695751618709234,0.43901101483107824
212,recovery,4,conservative_predictive,macro_0,0.18940697617195015,0.29609375338279253,0.32430941936066066,0.19740360417093653,0.6414435090991539,0.10572083071820396,0.7201046436467583,0.5516520928497901,0.48798875647034323
212,recovery,4,aggressive_predictive,macro_0,0.16991831778473868,0.24626439682479803,0.4936089821187826,0.18461727465478153,0.5754845817005836,0.10565009215619611,0.5433306774049371,0.34926908395772305,0.383059456566669
212,recovery,4,cgcs_balanced,macro_0,0.2224802593748748,0.33379434615850356,0.36213977976004574,0.17346049196228183,0.6628664706639927,0.06703889461285259,0.6879293721637298,0.6671359227630198,0.522837257370357
213,recovery,4,reactive,macro_0,0.2705013845872519,0.2896280368977578,0.5127488542788855,0.22883617877393675,0.5449758291470879,0.21534806534939518,0.5306953512557782,0.2806025771594278,0.3318928392322441
213,recovery,4,predictive,macro_0,0.32373434101481724,0.3193358410558735,0.5478288931294826,0.2720501514134786,0.5872669701031936,0.1390084465024373,0.5000714830288985,0.46985751408685994,0.398742709043615
213,recovery,4,conservative_predictive,macro_0,0.33250582646669347,0.321133883313839,0.44718120217340784,0.2553184296041763,0.6011619619377307,0.1459343398698664,0.600988880323668,0.5488331732390085,0.44019575173967984
213,recovery,4,aggressive_predictive,macro_0,0.3365920237745213,0.3096066614578235,0.63836488466774,0.2903343338766789,0.5285207537359373,0.1673549192045428,0.4080761145509335,0.3502954647349025,0.32604712773061284
213,recovery,4,cgcs_balanced,macro_0,0.2987754594381482,0.36911023631115675,0.34012964441373855,0.221149727149805,0.6552977336596977,0.09480134789262352,0.715236891032935,0.6699586372789439,0.5204911476201151
214,recovery,4,reactive,macro_0,0.23945255356120632,0.09041694021995139,0.41799470886650464,0.28073856273454834,0.47962142436830774,0.19050310546753826,0.5955678321664881,0.2004982165300733,0.30737869423636305
214,recovery,4,predictive,macro_0,0.22348275284484473,0.09980272775211595,0.48251754113101253,0.26222301117391333,0.5579647101770774,0.14355626216006326,0.5324528680318049,0.3949863524784579,0.3767029085868985
214,recovery,4,conservative_predictive,macro_0,0.18142703874102908,0.11375036191892574,0.3308062224209182,0.15717847912514274,0.5798940760990735,0.07039584354949696,0.6862563318669207,0.4958769308465955,0.4526247713673837
214,recovery,4,aggressive_predictive,macro_0,0.24217331474207357,0.10885129175148277,0.5151901299507763,0.237855493305886,0.5052479546282547,0.1304377920376255,0.5011375638119461,0.2905268534518418,0.33005008487300613
214,recovery,4,cgcs_balanced,macro_0,0.19718116126479973,0.09791606120887009,0.3432813661812551,0.1804685350919428,0.6291045283138786,0.03088847703699346,0.6714060430000754,0.583176914404716,0.4954621551209278
215,recovery,4,reactive,macro_0,0.15253988419975753,0.22814007489113958,0.3801989108653953,0.22371080821431596,0.5451709766538076,0.1846530582980103,0.6540221003682756,0.2601068645690356,0.3582622897476878
215,recovery,4,predictive,macro_0,0.18729829387807476,0.2817316030731946,0.45024143664755584,0.19520948631829987,0.6090920603978426,0.12969461141504146,0.5920183038134235,0.4720641638119582,0.4277738374694874
215,recovery,4,conservative_predictive,macro_0,0.17520097241809465,0.2898273951896163,0.2935538956197941,0.13618324715833097,0.6664196180574293,0.07497789377157198,0.7499202136586484,0.5617029388846996,0.5118025653938724
215,recovery,4,aggressive_predictive,macro_0,0.14166046105955354,0.22721292840169233,0.4993439363374169,0.20664286093211354,0.5549506554745025,0.12104670336655003,0.5347380029228369,0.33819595275416964,0.36802261859748564
215,recovery,4,cgcs_balanced,macro_0,0.18808697551539166,0.26808016034693416,0.36312744753665904,0.20068042835740268,0.6452219665965916,0.06560870847064415,0.6770845765153811,0.6386919704499464,0.5079917544146404
216,recovery,4,reactive,macro_1,0.34411788046130476,0.25711391020504154,0.4874233109022852,0.3115897105509873,0.5096268664239945,0.22455004298378956,0.551143775628471,0.25267192646156705,0.31456477959159895
216,recovery,4,predictive,macro_1,0.3185298958404148,0.29230212732594935,0.4651407750456821,0.29787053409107067,0.5584177399010509,0.1722242033669447,0.5787045440532104,0.4552316377458682,0.3936457696037435
216,recovery,4,conservative_predictive,macro_1,0.32029219562397565,0.2971293264600672,0.3644061315389617,0.18370878984804215,0.6638386419173774,0.08430916955545391,0.6801632674300484,0.5547535062914152,0.4934752748876336
216,recovery,4,aggressive_predictive,macro_1,0.3286177637194438,0.22558092838251265,0.6470734613294841,0.3159203105503972,0.575022611270936,0.16860322782371803,0.38676367792789285,0.3157692628238,0.33160992012502666
216,recovery,4,cgcs_balanced,macro_1,0.25393187522043065,0.30238530579748607,0.3931249126000316,0.1983109185298181,0.6765076456996569,0.05980283093426313,0.6522328832695914,0.6511726733231564,0.5188169039640297
217,recovery,4,reactive,macro_1,0.31105533935064683,0.21123409362175366,0.49614898270241947,0.3078140468076362,0.4884597064263798,0.22683879526752534,0.5355361313408435,0.2373691234060865,0.29957536280602703
217,recovery,4,predictive,macro_1,0.3254344195865682,0.2318895943267166,0.5338620786426286,0.2672093226230543,0.5636281990714581,0.14261348537548127,0.5009213605063789,0.44021949348974,0.3826885792410764
217,recovery,4,conservative_predictive,macro_1,0.2998274730797575,0.25991716466795206,0.4632215450404332,0.19815094286167995,0.638299174955882,0.12667877062797372,0.5757660296597595,0.5388408190614472,0.45091611848311064
217,recovery,4,aggressive_predictive,macro_1,0.3758516831380222,0.20893543988610813,0.6082395557531659,0.34258253925592685,0.5241166831653309,0.16874491143593398,0.4231007602297503,0.30461089610895253,0.31704990650555853
217,recovery,4,cgcs_balanced,macro_1,0.3034211511824229,0.26105827452513986,0.3379872898544252,0.16151899351425808,0.6538846312732612,0.06645308176518562,0.7011714513243458,0.6440665973809473,0.5171144852194798
218,recovery,4,reactive,macro_1,0.15567202037452604,0.3634252249518884,0.389099475428382,0.1954466447595296,0.5514279859608456,0.15649188256213,0.6654143083144012,0.31310949978125496,0.3802112097674517
218,recovery,4,predictive,macro_1,0.1769928304768618,0.3473770843537563,0.430189104648435,0.2201078542001208,0.5990537145039195,0.11637553382128829,0.6219174580046285,0.4900604086837906,0.4365620862585914
218,recovery,4,conservative_predictive,macro_1,0.22473019018122115,0.43211771067714944,0.38392955932299083,0.18454888453406024,0.6731641286284248,0.1317173135255335,0.6808880972785817,0.6018314218301902,0.498039438432053
218,recovery,4,aggressive_predictive,macro_1,0.21521422607270813,0.38758179903079526,0.5283861349610118,0.2655096685341707,0.6246536349875649,0.10127071635943759,0.5297511348936075,0.3825516959539442,0.4072258381119764
218,recovery,4,cgcs_balanced,macro_1,0.2144631489671267,0.39966394125348476,0.35697213971909525,0.16087190097727472,0.6858498296747358,0.06975352412317076,0.7029774514689274,0.6927079992432646,0.5396634805790692
219,recovery,4,reactive,macro_1,0.19196798874728968,0.30004221714271057,0.4096436989752872,0.23737770132843003,0.5904380690817158,0.1942098489199564,0.6353626335961194,0.28253923573426265,0.37475565504782243
219,recovery,4,predictive,macro_1,0.19928206537690674,0.33401453164215034,0.4548408368883514,0.19518147852924825,0.630051382737896,0.11813572864819451,0.5952613428579712,0.490368790368903,0.44272578216351444
219,recovery,4,conservative_predictive,macro_1,0.17774588498478633,0.3570385040749951,0.33631940507015423,0.13484443337649124,0.6757082268259155,0.07824655254836306,0.717236370541095,0.58549458975095,0.5133758995376032
219,recovery,4,aggressive_predictive,macro_1,0.2029120924455095,0.2670346548301314,0.5217875192805992,0.2054600382545837,0.5753572817586925,0.12360751180841618,0.5182676789439206,0.35237012153962927,0.37508922723412247
219,recovery,4,cgcs_balanced,macro_1,0.23985664499167952,0.35712268721162327,0.3221363445295367,0.20422958626170754,0.6816344224848101,0.04979032189301947,0.7314320585522068,0.6691470232717266,0.5425617729958452
220,recovery,4,reactive,macro_2,0.35287776241843183,0.20464909617642493,0.47416137670603553,0.3507191115958108,0.47560310358046215,0.23924314169525257,0.5565359877204282,0.2264833613425865,0.2940140880609798
220,recovery,4,predictive,macro_2,0.3631844661676203,0.21197107206665847,0.5965300613332298,0.29621147112416724,0.5219305475307321,0.16938145096355373,0.4352655994767689,0.42744758099849706,0.34554890558399054
220,recovery,4,conservative_predictive,macro_2,0.388445052458452,0.17303178839899552,0.40392540521612647,0.2881011168429549,0.577809692294114,0.13426038800147824,0.6220293630437228,0.49044090257105755,0.4250184766458449
220,recovery,4,aggressive_predictive,macro_2,0.36489727843402314,0.21699714712409138,0.6947446665850235,0.2924882483446454,0.5241697987220774,0.18294199299856684,0.33780490548359016,0.31745135182450296,0.2999964034127847
220,recovery,4,cgcs_balanced,macro_2,0.3129280697935924,0.27379047834001013,0.3917560010230178,0.2059940236002996,0.635038364584801,0.0784897337788355,0.6493125707279838,0.6396278626989437,0.49619727572582173
221,recovery,4,reactive,macro_2,0.40716130376916676,0.32843787200112545,0.5356873278778299,0.4045676173157128,0.5205664801824895,0.2544159107531897,0.5135783529223389,0.2590397317372513,0.3066364918853711
221,recovery,4,predictive,macro_2,0.41762549063026116,0.3018189655329418,0.5981330272639589,0.29099907064206615,0.5386142581335807,0.1643161857906723,0.44713981756598237,0.4599368238081164,0.3624242456836083
221,recovery,4,conservative_predictive,macro_2,0.4007655761186716,0.3449261021815033,0.4346438388393741,0.29970425824457936,0.6049609151613365,0.15151416061121828,0.6170950764878514,0.5482832841146104,0.4436236534418488
221,recovery,4,aggressive_predictive,macro_2,0.44955710567212037,0.2963399928131579,0.6653450560604363,0.38522556018197834,0.5011935195266544,0.1831522734319575,0.3791059428615374,0.32667388544820963,0.30151252610465074
221,recovery,4,cgcs_balanced,macro_2,0.4289303263005838,0.3669124592605406,0.4163260537255322,0.29322192545487996,0.629064529458488,0.08711821567805624,0.6387108151635489,0.6547749756502131,0.4934135357343709
222,recovery,4,reactive,macro_2,0.32778989448382534,0.20945428764852567,0.5429461919253611,0.35293787363055484,0.47617916674651983,0.23186668562713306,0.4884719512219178,0.22772142595087297,0.28236785019182653
222,recovery,4,predictive,macro_2,0.32741157569074025,0.2571645220007478,0.5527647143273055,0.2974492245137566,0.5547972804259131,0.15000022594847673,0.48580996397280674,0.4430177377975104,0.37544881648216527
222,recovery,4,conservative_predictive,macro_2,0.32032038513228583,0.21915350490800933,0.37569599585957997,0.2546284525425021,0.5983247309612335,0.08576736799308829,0.6571770298766214,0.5132780362093029,0.4545664981080221
222,recovery,4,aggressive_predictive,macro_2,0.32445000980471744,0.2347685876561534,0.6106572105609273,0.27966679673553063,0.5210708423109769,0.18233025782273535,0.42455807758749575,0.3262356463325476,0.31822432622428376
222,recovery,4,cgcs_balanced,macro_2,0.33266188421783793,0.2596006293880581,0.3470481676398112,0.19938974999824077,0.6226275943593687,0.05557493792905265,0.6918919267683975,0.6359822702861722,0.503777983087387
223,recovery,4,reactive,macro_2,0.25198991560919787,0.21816176592887493,0.4052874299855045,0.2775315393810375,0.5112438047488108,0.2071595787959715,0.6274368349038267,0.24585031019889866,0.33241516526987686
223,recovery,4,predictive,macro_2,0.2365932206224706,0.25727174561007615,0.4777751183559591,0.2482462050144994,0.6062286343229564,0.1384618332360468,0.5608156434855524,0.4528958699606268,0.41447473448396244
223,recovery,4,conservative_predictive,macro_2,0.22743567837633186,0.2928290772444521,0.3070363949555204,0.16816357540461135,0.6329876258481527,0.08994944880206221,0.7368879666311474,0.556357461954636,0.492321643018135
223,recovery,4,aggressive_predictive,macro_2,0.24850783962070042,0.252723909807323,0.5385980230363072,0.2449950620216105,0.529371563585019,0.13612636690924368,0.49931056343479124,0.339454356028241,0.3484779917936298
223,recovery,4,cgcs_balanced,macro_2,0.21641554265139637,0.2933051361952887,0.3634052502132268,0.18494221936935676,0.6541477646991105,0.05674757545690331,0.6805905202160665,0.6506683537944796,0.5164917773722801
224,recovery,4,reactive,macro_2,0.4885705534172075,0.42203311873508076,0.6489397496247868,0.39456947234339595,0.5395802826884061,0.2953651763643758,0.4143652181854753,0.29379769708859904,0.293476009145306
224,recovery,4,predictive,macro_2,0.4767559705460483,0.3829544877208813,0.6327152561219181,0.3061910599986753,0.5855481858466774,0.18987776210106558,0.42472791703621404,0.48529585870257347,0.3762434305233333
224,recovery,4,conservative_predictive,macro_2,0.5165262976888313,0.34925516850092514,0.46902518999057385,0.32017245111871523,0.6092892180865084,0.14741862307997108,0.5833630852845649,0.5457048187515807,0.4387738554391397
224,recovery,4,aggressive_predictive,macro_2,0.4950276641874889,0.3754195622034293,0.6686427420043064,0.39337482912624383,0.5055083589069674,0.19585548958545243,0.387670192326208,0.35272188094595147,0.308054930740908
224,recovery,4,cgcs_balanced,macro_2,0.46319274180420794,0.37848433269280757,0.48393923119492815,0.2947777378050155,0.6178989705874741,0.11917917063748112,0.572833418708993,0.6585139688814795,0.47040553159146803
225,recovery,4,reactive,macro_2,0.3899549004560856,0.11990459806926948,0.4767846858514398,0.3768492266718149,0.47144380488012794,0.26047155051207677,0.5412010038589506,0.19159676398988135,0.2774458246015973
225,recovery,4,predictive,macro_2,0.38364487790357477,0.09483383230290451,0.5667555625905019,0.2557716360603744,0.5259288401499805,0.15136560652523642,0.4474695122549338,0.3945375140939418,0.34587199350359926
225,recovery,4,conservative_predictive,macro_2,0.4080529927560859,0.1439399103350364,0.44860254080994005,0.2489185835657619,0.560108849706867,0.1156187524516012,0.5729884457403154,0.4880952519041104,0.4116962569652566
225,recovery,4,aggressive_predictive,macro_2,0.4170971348335517,0.14759787404730534,0.6349377975934513,0.32217783494304514,0.4792992418878802,0.15915810283191342,0.38720188351364454,0.28722368892794786,0.29093167961788924
225,recovery,4,cgcs_balanced,macro_2,0.42315291054515036,0.09918957334928968,0.46162301995369104,0.28497388119241085,0.5867207012404484,0.12898455428880226,0.5532554160487024,0.5627215744337692,0.4316067851987796
226,recovery,4,reactive,macro_2,0.2939215292071907,0.26080189161168804,0.5040522955352238,0.2843652089733159,0.5074216880932317,0.21969421043980322,0.5350679882065295,0.2594076202694276,0.31296467348804735
226,recovery,4,predictive,macro_2,0.2601028642669697,0.25586789183769754,0.4746071556399296,0.23950153841403465,0.5883488297254447,0.13575550939563702,0.563773028135725,0.45415345446038724,0.40908981902497177
226,recovery,4,conservative_predictive,macro_2,0.2913984470957076,0.25565285547579897,0.32871903787035195,0.2065601297618234,0.6343425998032155,0.10168711561356908,0.7096288904510178,0.535666473464165,0.480485167054828
226,recovery,4,aggressive_predictive,macro_2,0.32452581468452874,0.2056741411296343,0.6023006094250632,0.35128498184753665,0.5494084639146244,0.15569242408007977,0.4285505117443819,0.3017289530258647,0.32972720348610796
226,recovery,4,cgcs_balanced,macro_2,0.26447008510762376,0.23251889238173,0.3865453202168596,0.14832916839916144,0.6318101453520162,0.08413048135389022,0.6483325136403999,0.6367157786537732,0.49300573299489825
227,recovery,4,reactive,macro_2,0.4429548016373393,0.22723961694764958,0.5219201368390842,0.47029364146698105,0.48640822336373096,0.26659926235042,0.5121658057030632,0.21047513763828107,0.2802529638291683
227,recovery,4,predictive,macro_2,0.4350633452291197,0.2989664376915381,0.5882649509058099,0.3533793875651065,0.5677191698505386,0.17687454235940245,0.4565800147479208,0.44646237567901703,0.3698961016702921
227,recovery,4,conservative_predictive,macro_2,0.48280262824598924,0.24255179491071835,0.514360168464138,0.2797602493495912,0.5562150636222908,0.15875102748975972,0.5220226007724698,0.5164410783488332,0.39763307606975584
227,recovery,4,aggressive_predictive,macro_2,0.4293578125008637,0.2577933576068333,0.6491769684596189,0.32664276423179095,0.5257791237770122,0.19401580631374507,0.38949203518140607,0.3248991223160335,0.3103691197183242
227,recovery,4,cgcs_balanced,macro_2,0.47882277491280045,0.2728699931387187,0.4744069254439937,0.30478878079817906,0.5912960150665595,0.13968010003213654,0.566523573526814,0.6195467414389156,0.44636146354078954
228,recovery,4,reactive,macro_3,0.39392618472510443,0.23874989998790572,0.5547563898838035,0.33488916866804935,0.5029921544025009,0.26967055631847686,0.48105609511438235,0.24158463126215712,0.2865627453098061
228,recovery,4,predictive,macro_3,0.3860218537237412,0.2471325297057581,0.5560047344850101,0.3249466380087609,0.556179889045681,0.17555642763715043,0.4810651449708536,0.43400705779526316,0.3679316540190573
228,recovery,4,conservative_predictive,macro_3,0.4192445250624669,0.21640833315636626,0.48639810470376194,0.3455341932559592,0.5776026945529416,0.13518543977289596,0.5460631452696929,0.4941360779535364,0.4103745021792552
228,recovery,4,aggressive_predictive,macro_3,0.3767757660472569,0.26467834366468584,0.6111283496383498,0.29750131909803523,0.5683456895587942,0.1969324847012313,0.42857340191135307,0.33313715646303305,0.3355897198962334
228,recovery,4,cgcs_balanced,macro_3,0.40442114658635664,0.30425506264289687,0.4819130786821221,0.2693527309172435,0.5887101369019233,0.08654261999443429,0.5637251807143124,0.6376187257415652,0.4594224838298508
229,recovery,4,reactive,macro_3,0.4006612136078181,0.14094043982057733,0.49688241911984243,0.3761144113274699,0.4427394726975129,0.24734851828582274,0.5242586468532442,0.19910627167170802,0.267426405106315
229,recovery,4,predictive,macro_3,0.38741276482030446,0.11540621644188015,0.571092053866327,0.25577471059506435,0.5063611393422875,0.15361705670916645,0.446218878599955,0.4017372336356452,0.3393197887280689
229,recovery,4,conservative_predictive,macro_3,0.39001602703996113,0.18725443874523345,0.3922404679227255,0.2721254501987322,0.5567649038017293,0.12866174805828443,0.6358476978890595,0.4986139635210853,0.42270292538545096
229,recovery,4,aggressive_predictive,macro_3,0.4762946276337886,0.10407752333510562,0.6642585027139695,0.3465708843450413,0.4495491982985311,0.15809182808415098,0.35135312578629635,0.26711295629827875,0.26824580527949227
229,recovery,4,cgcs_balanced,macro_3,0.42797005429513457,0.17756636954794378,0.41456938983807146,0.27763542487638254,0.5707044325867164,0.1153253066125442,0.6120655655941201,0.5916211443665038,0.44637238793989825
230,recovery,4,reactive,macro_3,0.5170637784310868,0.13559993347322355,0.5635582416446704,0.452573553609195,0.4368993559022693,0.22176923466739373,0.45678174837631313,0.1819452659937892,0.2530522165032798
230,recovery,4,predictive,macro_3,0.519387440542045,0.17785534002445377,0.6167550815150175,0.31097435282394464,0.5307709135208821,0.17580674259241505,0.4099232194886506,0.4125544984437699,0.3392782321748117
230,recovery,4,conservative_predictive,macro_3,0.5227913874671012,0.2009835216784666,0.4839772073776488,0.34094992419175474,0.5587216590352417,0.17752686329013417,0.5461703208741212,0.48965424774911237,0.393766856454994
230,recovery,4,aggressive_predictive,macro_3,0.5073101132337008,0.13253772714848694,0.6546185921641771,0.34208472126361905,0.47532301193361837,0.19464358966901726,0.365262066908096,0.2779712602492467,0.275900117237425
230,recovery,4,cgcs_balanced,macro_3,0.4740889997334176,0.23152779101269166,0.5578289902680404,0.26721945789614837,0.5930825080814099,0.12632011036417828,0.4769001783838633,0.6125908352752123,0.4302573504354195
231,recovery,4,reactive,macro_3,0.3698212728767462,0.3029540787734223,0.5110776703311013,0.34541528524146564,0.5178314695151547,0.22479791864687415,0.534365441484912,0.2619508705224046,0.31631865449829544
231,recovery,4,predictive,macro_3,0.3244110935854262,0.3350671938806872,0.5169781708775665,0.2687380152843862,0.5798968909187783,0.14150335525466984,0.5332819082045366,0.4760259148013633,0.403442230395409
231,recovery,4,conservative_predictive,macro_3,0.3884807031337255,0.3211568084185847,0.4674456732689536,0.24571378450634745,0.6023934430717843,0.13743786016840928,0.5807278479938341,0.5507621260452352,0.43873517366231474
231,recovery,4,aggressive_predictive,macro_3,0.3870992321875238,0.32536334311806514,0.6392062769315118,0.35098748157633136,0.550793906370464,0.19526453825623316,0.409598224536198,0.34367967377605657,0.3277779499075017
231,recovery,4,cgcs_balanced,macro_3,0.35571322871720956,0.3294342567216949,0.40640635124218644,0.2642409718290369,0.6470610991492642,0.07288684965138419,0.6430087872660677,0.6474537954867858,0.50234744020675
232,recovery,4,reactive,macro_3,0.5037756824930304,0.2586621254103901,0.5435457230787194,0.39002015584843697,0.49585974096319796,0.26346537589067853,0.4952535957328391,0.23752771272394907,0.2870404423337162
232,recovery,4,predictive,macro_3,0.4803634779751902,0.3693221431168287,0.5830325260580856,0.3433015597841269,0.5668527923036623,0.1960927714809674,0.4723657954094387,0.47310243813406466,0.37474120225058016
232,recovery,4,conservative_predictive,macro_3,0.5541079605839062,0.39145006713434316,0.541567070117408,0.38593050859752615,0.553869033947184,0.18668998641298856,0.5171504399527435,0.5473214217775149,0.39697303639893416
232,recovery,4,aggressive_predictive,macro_3,0.5153301684687609,0.34071180825798786,0.7058454366946485,0.3472721067260187,0.5173630630138445,0.1947164886471345,0.34526133454404967,0.34979471154509206,0.3036617696645642
232,recovery,4,cgcs_balanced,macro_3,0.5510319862384626,0.38324789477188453,0.5047706321868798,0.32361113617902093,0.5983157771422664,0.1254051826473089,0.5527165520289029,0.6544145359343553,0.45679346709593815
233,recovery,4,reactive,macro_3,0.4454401886229742,0.03621141948178054,0.5350252258615296,0.42841728985770744,0.40780015872411873,0.2687355707788314,0.4704064870607375,0.1519905388470817,0.22873616211790432
233,recovery,4,predictive,macro_3,0.43264664234627914,0.08750566706459278,0.5675562416471536,0.2855312782309388,0.4719360676308514,0.19346694394012012,0.44556960841253535,0.3860207278264197,0.31468079871601895
233,recovery,4,conservative_predictive,macro_3,0.4714540950621383,0.05861428910797354,0.4817801658927297,0.3304959785568453,0.5188477290283141,0.1552589251339786,0.5270119774734664,0.4419158054764217,0.36873422470346967
233,recovery,4,aggressive_predictive,macro_3,0.43589628200417313,0.044535375491438906,0.6852008107585248,0.3235521099060356,0.4486244121227102,0.18905073244115356,0.32147949556519106,0.2508769594407965,0.2521559603084126
233,recovery,4,cgcs_balanced,macro_3,0.40940449170557736,0.04326707648767768,0.44401840928028735,0.30073260701241006,0.5687413865577177,0.11424045299335299,0.5624716521928643,0.5399969553682051,0.4245672969128401
234,recovery,4,reactive,macro_3,0.5787722324502782,0.34703698003273836,0.6182716557743769,0.4705512128164214,0.4793936851161325,0.26464107897864186,0.43378389123053385,0.25235270044817415,0.2715157568931071
234,recovery,4,predictive,macro_3,0.5627711075520575,0.39887742302952833,0.6477235861379954,0.43244854625957946,0.5419019773434471,0.21128822506268927,0.4121080273164338,0.4656173888084191,0.348522537379111
234,recovery,4,conservative_predictive,macro_3,0.5074970634975807,0.37259438409489753,0.5308519406956415,0.29180938529867323,0.6289450385579398,0.15862939048644065,0.5250372169185932,0.5595461573734796,0.4353808345606132
234,recovery,4,aggressive_predictive,macro_3,0.543666702629658,0.31540522487502026,0.7303795367426711,0.38958796429482023,0.535379194968335,0.20282781418860996,0.31693124698858194,0.3324742358472931,0.29940911253436614
234,recovery,4,cgcs_balanced,macro_3,0.5471562493157693,0.36335075419696145,0.5266345921065024,0.370651318433621,0.6237354681233374,0.11393781497185888,0.5278680210230418,0.6380425002822123,0.4601748691591915
235,recovery,4,reactive,macro_3,0.5067088476012825,0.24070908702999919,0.580648325161051,0.39983555785445773,0.45589239239263873,0.2678101265415602,0.45545803789344885,0.22928106888960814,0.26121052653529425
235,recovery,4,predictive,macro_3,0.5327560510251556,0.2628076935381196,0.7003541424986351,0.41060900794254407,0.5072723468907446,0.2058980330987782,0.3390670115320828,0.4223608911498331,0.31231668355810716
235,recovery,4,conservative_predictive,macro_3,0.5121034941097211,0.32698950131939647,0.4407025519178139,0.32576448124817786,0.5959247393654891,0.1418093748465526,0.6083458732800956,0.5367934292121532,0.43785325507226813
235,recovery,4,aggressive_predictive,macro_3,0.490756583440272,0.2494419901334991,0.7424591584725341,0.3578799395362283,0.501370931394706,0.20129968980116342,0.2949571400474908,0.31572870863947905,0.2787127598799391
235,recovery,4,cgcs_balanced,macro_3,0.46081034926334674,0.32209628118663935,0.4329885602179996,0.22332692122370584,0.6464383652275436,0.10673411579713855,0.6153258819599963,0.6530683141705825,0.4910399611365662
236,recovery,4,reactive,macro_3,0.4842708122616871,0.29990869784318785,0.5345628918003913,0.33600481237812463,0.49206493325360023,0.2422362289376404,0.5104234128760868,0.2627670817694908,0.29843086941334535
236,recovery,4,predictive,macro_3,0.5096750285949727,0.2906623855364211,0.6029860922109584,0.328874328088088,0.5581457970328473,0.1899896010147311,0.4406132656195047,0.4484569693201298,0.36088066904386523
236,recovery,4,conservative_predictive,macro_3,0.487968531304376,0.3449832726220221,0.5035920069678831,0.34656014249337275,0.6011600054133015,0.18305692287420247,0.5481554839254202,0.5389321169190332,0.4200255799894855
236,recovery,4,aggressive_predictive,macro_3,0.5029526466729676,0.34368349599848036,0.7234462203254648,0.415995540889136,0.5243818976816015,0.19989786216225375,0.32810630407430724,0.33709011542164097,0.2990666348941803
236,recovery,4,cgcs_balanced,macro_3,0.5143829279285048,0.35433662193398363,0.41965036207822226,0.2892196601195107,0.6132581714152399,0.11584401097834766,0.6335001312118753,0.6511738856529921,0.47982758402815495
237,recovery,4,reactive,macro_3,0.400400234871864,0.291542962207801,0.5708781300505311,0.34352284531615196,0.4932626019473869,0.23612315238321172,0.47285331428063904,0.2583354677094999,0.29161962401558245
237,recovery,4,predictive,macro_3,0.37498246589937256,0.2774885872113476,0.49042005596647253,0.2611239634127766,0.5729777455274082,0.13564589400427016,0.5512032321152296,0.4573962128414164,0.40147017774771865
237,recovery,4,conservative_predictive,macro_3,0.4390124361142666,0.3286004844890201,0.46433564554158574,0.28856498237779626,0.5981667739830531,0.12181221086199993,0.5849544271317674,0.5447971730955978,0.4397871954485452
237,recovery,4,aggressive_predictive,macro_3,0.4586473106320622,0.2601166951679766,0.6969225914920297,0.4273662253239403,0.5022621354606773,0.18556552109134314,0.3420949127831667,0.3055675982440038,0.28939036142710295
237,recovery,4,cgcs_balanced,macro_3,0.482514205614724,0.3450655075975643,0.4533705635653846,0.2648985795617231,0.6225513138108141,0.1022182938276411,0.59838926257425,0.6527932117468028,0.4794181995817277
238,recovery,4,reactive,macro_3,0.5516279647190168,0.10781708493779314,0.6270090368402498,0.4538131462393071,0.4395185926708598,0.28669218963417686,0.3891635259004192,0.17197335048036616,0.2253454695738558
238,recovery,4,predictive,macro_3,0.5761198644654585,0.1433566169288887,0.6437458638111134,0.343949053736979,0.477767491099024,0.2086963673157567,0.3777576287282199,0.39388500517771524,0.3020186000392191
238,recovery,4,conservative_predictive,macro_3,0.5531488457833262,0.16038353907523015,0.550064433667122,0.3619787223724421,0.5401961406335359,0.1812475037948404,0.47399309719416255,0.4712384942018422,0.3674961208450133
238,recovery,4,aggressive_predictive,macro_3,0.57382407118221,0.13517612396781195,0.7558467163385092,0.4142483348197492,0.4404148558512101,0.22962048915176916,0.2644297022566626,0.26446197642478436,0.23250112265789108
238,recovery,4,cgcs_balanced,macro_3,0.514593752718356,0.15326261080121797,0.4664434239255368,0.3227063926657701,0.5791071761756932,0.13297284686806204,0.5565459676946458,0.5741006352472722,0.43107749086648
239,recovery,4,reactive,macro_3,0.5767398925878868,0.3878865430390959,0.5777022098673248,0.4773615929014808,0.4643519979591424,0.26464120851695844,0.4804807715885396,0.2652879714833874,0.2779850255651356
239,recovery,4,predictive,macro_3,0.6390602026828003,0.4181373776559572,0.6255445665486523,0.41713691591744234,0.5404663672199317,0.18522382417668828,0.43717604009974126,0.47542069899609657,0.3603602165073259
239,recovery,4,conservative_predictive,macro_3,0.5935992999270682,0.38232709040742124,0.5364898529656047,0.41250661173045317,0.5854489819618739,0.1769353985786705,0.5208592105955084,0.5388131592965069,0.4097942705941112
239,recovery,4,aggressive_predictive,macro_3,0.5674933198041432,0.3529602783858506,0.7266219727955765,0.41162254014945215,0.4981873450030467,0.22272051927423478,0.3263220689623011,0.3412115894051573,0.2850980507079056
239,recovery,4,cgcs_balanced,macro_3,0.5795999532628014,0.41423514747996865,0.5875185223133622,0.35969604907257907,0.6147564962660302,0.15122734055346368,0.4746167498086331,0.6580430918034731,0.44305483062888945
